job_id,status,follow_up_date,notes,resume_path,cover_letter_path,created_at,updated_at
workday:salesforce:Senior-Manager--Technical-Consulting_JR325976,New,,,,,2026-09-05T18:18:04+00:00,2026-09-05T18:18:04+00:00
internshala:artificial-intelligence-ai-internship:3270241,New,,,,,2026-09-05T10:31:28+00:00,2026-09-05T10:31:28+00:00
internshala:artificial-intelligence-ai-internship:3268568,New,,,,,2026-09-05T10:31:28+00:00,2026-09-05T10:31:28+00:00
internshala:artificial-intelligence-ai-internship:3260904,New,,,,,2026-09-05T10:31:28+00:00,2026-09-05T10:31:28+00:00
internshala:artificial-intelligence-ai-internship:3270110,New,,,,,2026-09-05T10:31:28+00:00,2026-09-05T10:31:28+00:00
internshala:artificial-intelligence-ai-internship:3269200,New,,,,,2026-09-05T10:31:28+00:00,2026-09-05T10:31:28+00:00
internshala:data-science-internship:3272014,New,,,,,2026-09-05T10:31:28+00:00,2026-09-05T10:31:28+00:00
internshala:data-science-internship:3269297,New,,,,,2026-09-05T10:31:28+00:00,2026-09-05T10:31:28+00:00
internshala:data-science-internship:3271625,New,,,,,2026-09-05T10:31:28+00:00,2026-09-05T10:31:28+00:00
internshala:data-science-internship:3270243,New,,,,,2026-09-05T10:31:28+00:00,2026-09-05T10:31:28+00:00
internshala:data-science-internship:3270619,New,,,,,2026-09-05T10:31:28+00:00,2026-09-05T10:31:28+00:00
internshala:data-science-internship:3270722,New,,,,,2026-09-05T10:31:28+00:00,2026-09-05T10:31:28+00:00
internshala:data-science-internship:3271760,New,,,,,2026-09-05T10:31:28+00:00,2026-09-05T10:31:28+00:00
internshala:data-science-internship:3271667,New,,,,,2026-09-05T10:31:28+00:00,2026-09-05T10:31:28+00:00
internshala:data-science-internship:3271661,New,,,,,2026-09-05T10:31:28+00:00,2026-09-05T10:31:28+00:00
internshala:data-science-internship:3270862,New,,,,,2026-09-05T10:31:28+00:00,2026-09-05T10:31:28+00:00
internshala:data-science-internship:3270855,New,,,,,2026-09-05T10:31:28+00:00,2026-09-05T10:31:28+00:00
internshala:data-science-internship:3270818,New,,,,,2026-09-05T10:31:28+00:00,2026-09-05T10:31:28+00:00
internshala:data-science-internship:3270815,New,,,,,2026-09-05T10:31:28+00:00,2026-09-05T10:31:28+00:00
internshala:data-science-internship:3267602,New,,,,,2026-09-05T10:31:28+00:00,2026-09-05T10:31:28+00:00
internshala:data-science-internship:3270694,New,,,,,2026-09-05T10:31:28+00:00,2026-09-05T10:31:28+00:00
internshala:data-science-internship:3270755,New,,,,,2026-09-05T10:31:28+00:00,2026-09-05T10:31:28+00:00
internshala:data-science-internship:3270692,New,,,,,2026-09-05T10:31:28+00:00,2026-09-05T10:31:28+00:00
internshala:data-science-internship:3270691,New,,,,,2026-09-05T10:31:28+00:00,2026-09-05T10:31:28+00:00
internshala:data-science-internship:3270558,New,,,,,2026-09-05T10:31:28+00:00,2026-09-05T10:31:28+00:00
internshala:data-science-internship:3270667,New,,,,,2026-09-05T10:31:28+00:00,2026-09-05T10:31:28+00:00
internshala:data-science-internship:3270666,New,,,,,2026-09-05T10:31:28+00:00,2026-09-05T10:31:28+00:00
internshala:data-science-internship:3270656,New,,,,,2026-09-05T10:31:28+00:00,2026-09-05T10:31:28+00:00
internshala:machine-learning-internship:3270243,New,,,,,2026-09-05T10:31:27+00:00,2026-09-05T10:31:27+00:00
internshala:machine-learning-internship:3270694,New,,,,,2026-09-05T10:31:27+00:00,2026-09-05T10:31:27+00:00
internshala:machine-learning-internship:3271760,New,,,,,2026-09-05T10:31:27+00:00,2026-09-05T10:31:27+00:00
internshala:machine-learning-internship:3270691,New,,,,,2026-09-05T10:31:27+00:00,2026-09-05T10:31:27+00:00
internshala:machine-learning-internship:3270755,New,,,,,2026-09-05T10:31:27+00:00,2026-09-05T10:31:27+00:00
internshala:machine-learning-internship:3270667,New,,,,,2026-09-05T10:31:27+00:00,2026-09-05T10:31:27+00:00
internshala:machine-learning-internship:3270666,New,,,,,2026-09-05T10:31:27+00:00,2026-09-05T10:31:27+00:00
internshala:machine-learning-internship:3271667,New,,,,,2026-09-05T10:31:27+00:00,2026-09-05T10:31:27+00:00
internshala:machine-learning-internship:3271663,New,,,,,2026-09-05T10:31:27+00:00,2026-09-05T10:31:27+00:00
internshala:machine-learning-internship:3271661,New,,,,,2026-09-05T10:31:27+00:00,2026-09-05T10:31:27+00:00
internshala:machine-learning-internship:3270818,New,,,,,2026-09-05T10:31:27+00:00,2026-09-05T10:31:27+00:00
internshala:machine-learning-internship:3270558,New,,,,,2026-09-05T10:31:27+00:00,2026-09-05T10:31:27+00:00
internshala:machine-learning-internship:3270656,New,,,,,2026-09-05T10:31:27+00:00,2026-09-05T10:31:27+00:00
internshala:machine-learning-internship:3270610,New,,,,,2026-09-05T10:31:27+00:00,2026-09-05T10:31:27+00:00
internshala:machine-learning-internship:3270615,New,,,,,2026-09-05T10:31:27+00:00,2026-09-05T10:31:27+00:00
internshala:machine-learning-internship:3270525,New,,,,,2026-09-05T10:31:27+00:00,2026-09-05T10:31:27+00:00
internshala:machine-learning-internship:3270241,New,,,,,2026-09-05T10:31:27+00:00,2026-09-05T10:31:27+00:00
internshala:machine-learning-internship:3268568,New,,,,,2026-09-05T10:31:27+00:00,2026-09-05T10:31:27+00:00
internshala:machine-learning-internship:3260904,New,,,,,2026-09-05T10:31:27+00:00,2026-09-05T10:31:27+00:00
internshala:machine-learning-internship:3270110,New,,,,,2026-09-05T10:31:27+00:00,2026-09-05T10:31:27+00:00
internshala:machine-learning-internship:3270105,New,,,,,2026-09-05T10:31:27+00:00,2026-09-05T10:31:27+00:00
internshala:artificial-intelligence-ai-internship:3270243,New,,,,,2026-09-05T10:31:27+00:00,2026-09-05T10:31:27+00:00
internshala:artificial-intelligence-ai-internship:3269297,New,,,,,2026-09-05T10:31:27+00:00,2026-09-05T10:31:27+00:00
internshala:artificial-intelligence-ai-internship:3270619,New,,,,,2026-09-05T10:31:27+00:00,2026-09-05T10:31:27+00:00
internshala:artificial-intelligence-ai-internship:3272014,New,,,,,2026-09-05T10:31:27+00:00,2026-09-05T10:31:27+00:00
internshala:artificial-intelligence-ai-internship:3271661,New,,,,,2026-09-05T10:31:27+00:00,2026-09-05T10:31:27+00:00
internshala:artificial-intelligence-ai-internship:3270818,New,,,,,2026-09-05T10:31:27+00:00,2026-09-05T10:31:27+00:00
internshala:artificial-intelligence-ai-internship:3270798,New,,,,,2026-09-05T10:31:27+00:00,2026-09-05T10:31:27+00:00
internshala:artificial-intelligence-ai-internship:3267602,New,,,,,2026-09-05T10:31:27+00:00,2026-09-05T10:31:27+00:00
internshala:artificial-intelligence-ai-internship:3270694,New,,,,,2026-09-05T10:31:27+00:00,2026-09-05T10:31:27+00:00
internshala:artificial-intelligence-ai-internship:3270755,New,,,,,2026-09-05T10:31:27+00:00,2026-09-05T10:31:27+00:00
internshala:artificial-intelligence-ai-internship:3270558,New,,,,,2026-09-05T10:31:27+00:00,2026-09-05T10:31:27+00:00
internshala:artificial-intelligence-ai-internship:3270667,New,,,,,2026-09-05T10:31:27+00:00,2026-09-05T10:31:27+00:00
internshala:artificial-intelligence-ai-internship:3270666,New,,,,,2026-09-05T10:31:27+00:00,2026-09-05T10:31:27+00:00
internshala:artificial-intelligence-ai-internship:3270656,New,,,,,2026-09-05T10:31:27+00:00,2026-09-05T10:31:27+00:00
internshala:artificial-intelligence-ai-internship:3270610,New,,,,,2026-09-05T10:31:27+00:00,2026-09-05T10:31:27+00:00
internshala:artificial-intelligence-ai-internship:3270615,New,,,,,2026-09-05T10:31:27+00:00,2026-09-05T10:31:27+00:00
internshala:artificial-intelligence-ai-internship:3270575,New,,,,,2026-09-05T10:31:27+00:00,2026-09-05T10:31:27+00:00
internshala:artificial-intelligence-ai-internship:3270525,New,,,,,2026-09-05T10:31:27+00:00,2026-09-05T10:31:27+00:00
workday:nvidia:Senior-DFT-Power-Methodology-Engineer_JR2021098-1,New,,,,,2026-09-05T04:24:57+00:00,2026-09-05T04:24:57+00:00
workday:nvidia:DFT-Methodology-Engineer_JR2020884,New,,,,,2026-09-05T04:24:57+00:00,2026-09-05T04:24:57+00:00
workday:nvidia:Senior-ASIC-Design-Engineer---DFX_JR2020883,New,,,,,2026-09-05T04:24:57+00:00,2026-09-05T04:24:57+00:00
workday:nvidia:Senior-DFT-Engineer_JR2020872,New,,,,,2026-09-05T04:24:57+00:00,2026-09-05T04:24:57+00:00
workday:nvidia:Senior-NPI-Technical-Program-Manager---Operations_JR2012473-1,New,,,,,2026-09-05T04:24:57+00:00,2026-09-05T04:24:57+00:00
workday:nvidia:Senior-DFT-Engineer_JR2000499,New,,,,,2026-09-05T04:24:57+00:00,2026-09-05T04:24:57+00:00
workday:nvidia:Notebook-Hardware-Application-Engineer_JR2013587,New,,,,,2026-09-05T04:24:57+00:00,2026-09-05T04:24:57+00:00
workday:nvidia:Hardware-Systems-Application-Engineer---CSP_JR2013593,New,,,,,2026-09-05T04:24:57+00:00,2026-09-05T04:24:57+00:00
workday:nvidia:System-Design-Engineer_JR1968313,New,,,,,2026-09-05T04:24:57+00:00,2026-09-05T04:24:57+00:00
workday:nvidia:PCB-Design-Layout-Engineer_JR2001781,New,,,,,2026-09-05T04:24:57+00:00,2026-09-05T04:24:57+00:00
workday:nvidia:PCB-Design-Layout-Engineer_JR2020277,New,,,,,2026-09-05T04:24:57+00:00,2026-09-05T04:24:57+00:00
workday:nvidia:Senior-System-Design-Engineer_JR2002040,New,,,,,2026-09-05T04:24:57+00:00,2026-09-05T04:24:57+00:00
workday:nvidia:Solutions-Architect--WWFO---New-College-Graduate-2027_JR2024999,New,,,,,2026-09-05T04:24:57+00:00,2026-09-05T04:24:57+00:00
workday:nvidia:Senior-Mechanical-Product-Design-Engineer_JR2001380,New,,,,,2026-09-05T04:24:57+00:00,2026-09-05T04:24:57+00:00
workday:nvidia:Senior-Industrial-Designer_JR2019930,New,,,,,2026-09-05T04:24:57+00:00,2026-09-05T04:24:57+00:00
workday:nvidia:Senior-Solutions-Architect--Ethernet-Networking_JR2009938,New,,,,,2026-09-05T04:24:57+00:00,2026-09-05T04:24:57+00:00
workday:nvidia:Frontend-Web-Software-Engineer--NGC_JR2025149,New,,,,,2026-09-05T04:24:57+00:00,2026-09-05T04:24:57+00:00
workday:nvidia:Senior-Manager-Marketing_JR2024510,New,,,,,2026-09-05T04:24:57+00:00,2026-09-05T04:24:57+00:00
workday:nvidia:Automotive-Account-Manager_JR2025074,New,,,,,2026-09-05T04:24:57+00:00,2026-09-05T04:24:57+00:00
workday:nvidia:Account-Manager---Semiconductor_JR2024960,New,,,,,2026-09-05T04:24:57+00:00,2026-09-05T04:24:57+00:00
workday:nvidia:Senior-Engineer---Enterprise-Data-Governance_JR2024554,New,,,,,2026-09-05T04:24:57+00:00,2026-09-05T04:24:57+00:00
workday:nvidia:Senior-SAP-SWS-Business-Systems-Analyst_JR2024929-1,New,,,,,2026-09-05T04:24:57+00:00,2026-09-05T04:24:57+00:00
workday:nvidia:Senior-LLVM-Compiler-Engineer_JR2017389-1,New,,,,,2026-09-05T04:24:57+00:00,2026-09-05T04:24:57+00:00
workday:nvidia:Senior-Product-Architect_JR2017653,New,,,,,2026-09-05T04:24:57+00:00,2026-09-05T04:24:57+00:00
workday:nvidia:Senior-Silicon-Manufacturing-Methodology-Engineer_JR2024801,New,,,,,2026-09-04T16:21:40+00:00,2026-09-04T16:21:40+00:00
workday:nvidia:Senior-Software-Test-Developer--SDET---Robotics_JR2024853,New,,,,,2026-09-04T16:21:40+00:00,2026-09-04T16:21:40+00:00
workday:nvidia:AI-Developer-Technology-Engineering-Intern---2027_JR2024818,New,,,,,2026-09-04T16:21:40+00:00,2026-09-04T16:21:40+00:00
workday:nvidia:Software-Test-Developer--SDET---Robotics_JR2024862,New,,,,,2026-09-04T16:21:40+00:00,2026-09-04T16:21:40+00:00
workday:nvidia:ASIC-Design-and-Verification-Intern--SOC---2027_JR2024860,New,,,,,2026-09-04T16:21:40+00:00,2026-09-04T16:21:40+00:00
workday:nvidia:Senior-ASIC-Timing-Engineer_JR2011363-1,New,,,,,2026-09-04T16:21:40+00:00,2026-09-04T16:21:40+00:00
workday:nvidia:Senior-Physical-Design-Engineer_JR2012396,New,,,,,2026-09-04T16:21:40+00:00,2026-09-04T16:21:40+00:00
workday:nvidia:Senior-VLSI-CAD-Software-Engineer_JR2013348,New,,,,,2026-09-04T16:21:40+00:00,2026-09-04T16:21:40+00:00
workday:nvidia:Senior-Staff-Site-Reliability-Engineer_JR2024618,New,,,,,2026-09-04T16:21:40+00:00,2026-09-04T16:21:40+00:00
workday:nvidia:Senior-Business-Intelligence-Analyst_JR2024950,New,,,,,2026-09-04T16:21:40+00:00,2026-09-04T16:21:40+00:00
workday:nvidia:Senior-Developer-Relations-Manager---Manufacturing_JR2016436,New,,,,,2026-09-04T16:21:40+00:00,2026-09-04T16:21:40+00:00
workday:nvidia:Infiniband-Network-Engineer_JR2024512-1,New,,,,,2026-09-04T16:21:40+00:00,2026-09-04T16:21:40+00:00
workday:nvidia:Senior-ASIC-Engineer--Switch-SoC_JR2023108-1,New,,,,,2026-09-04T16:21:40+00:00,2026-09-04T16:21:40+00:00
workday:nvidia:Senior-IC-Failure-Analysis-Engineer_JR2024803,New,,,,,2026-09-04T16:21:40+00:00,2026-09-04T16:21:40+00:00
workday:nvidia:Senior-Applied-AI-Engineer_JR2023080,New,,,,,2026-09-04T16:21:40+00:00,2026-09-04T16:21:40+00:00
workday:nvidia:Senior-Networking-ASIC-Functional-Characterization-Engineer_JR2024604,New,,,,,2026-09-04T16:21:40+00:00,2026-09-04T16:21:40+00:00
workday:nvidia:Israel-Country-Sales-Leader_JR2024628,New,,,,,2026-09-04T16:21:40+00:00,2026-09-04T16:21:40+00:00
workday:nvidia:Senior-System-Integration-and-Validation-Engineer_JR2024494,New,,,,,2026-09-04T16:21:40+00:00,2026-09-04T16:21:40+00:00
workday:nvidia:Senior-Mask-Layout-Design-Engineer_JR2024209,New,,,,,2026-09-04T16:21:40+00:00,2026-09-04T16:21:40+00:00
workday:nvidia:Software-Solutions-Engineer_JR2018442-1,New,,,,,2026-09-04T16:21:40+00:00,2026-09-04T16:21:40+00:00
workday:nvidia:Senior-HR-Operation-Manager---APAC_JR2024946,New,,,,,2026-09-04T16:21:40+00:00,2026-09-04T16:21:40+00:00
workday:nvidia:Director--Global-Workplace-Design_JR2025017,New,,,,,2026-09-04T16:21:40+00:00,2026-09-04T16:21:40+00:00
workday:nvidia:Senior-Project-Delivery-Manager---NVIS_JR2024787,New,,,,,2026-09-04T16:21:40+00:00,2026-09-04T16:21:40+00:00
workday:salesforce:Senior-Technical-Architect_JR358952,New,,,,,2026-09-04T16:21:40+00:00,2026-09-04T16:21:40+00:00
workday:salesforce:Manager--Global-P2C-Innovation-Readiness---Enablement_JR358730,New,,,,,2026-09-04T16:21:40+00:00,2026-09-04T16:21:40+00:00
workday:salesforce:Business-Operations-Analyst---Public-Sector_JR357627,New,,,,,2026-09-04T16:21:40+00:00,2026-09-04T16:21:40+00:00
workday:salesforce:Lead-Solution-Engineer_JR358324,New,,,,,2026-09-04T16:21:40+00:00,2026-09-04T16:21:40+00:00
greenhouse:razorpaysoftwareprivatelimited:4729937005,New,,,,,2026-09-04T16:19:19+00:00,2026-09-04T16:19:19+00:00
greenhouse:razorpaysoftwareprivatelimited:4731043005,New,,,,,2026-09-04T11:14:01+00:00,2026-09-04T11:14:01+00:00
greenhouse:razorpaysoftwareprivatelimited:4729519005,New,,,,,2026-09-04T11:14:01+00:00,2026-09-04T11:14:01+00:00
greenhouse:groww:4956817101,New,,,,,2026-09-04T11:14:01+00:00,2026-09-04T11:14:01+00:00
greenhouse:groww:4967486101,New,,,,,2026-09-04T11:14:01+00:00,2026-09-04T11:14:01+00:00
internshala:machine-learning-internship:3268550,New,,,,,2026-09-04T04:27:48+00:00,2026-09-04T04:27:48+00:00
internshala:machine-learning-internship:3254755,New,,,,,2026-09-04T04:27:48+00:00,2026-09-04T04:27:48+00:00
internshala:machine-learning-internship:3269057,New,,,,,2026-09-04T04:27:48+00:00,2026-09-04T04:27:48+00:00
internshala:machine-learning-internship:3268339,New,,,,,2026-09-04T04:27:48+00:00,2026-09-04T04:27:48+00:00
internshala:machine-learning-internship:3269096,New,,,,,2026-09-04T04:27:48+00:00,2026-09-04T04:27:48+00:00
internshala:machine-learning-internship:3269067,New,,,,,2026-09-04T04:27:48+00:00,2026-09-04T04:27:48+00:00
internshala:machine-learning-internship:3267539,New,,,,,2026-09-04T04:27:48+00:00,2026-09-04T04:27:48+00:00
internshala:machine-learning-internship:3269099,New,,,,,2026-09-04T04:27:48+00:00,2026-09-04T04:27:48+00:00
internshala:machine-learning-internship:3269999,New,,,,,2026-09-04T04:27:48+00:00,2026-09-04T04:27:48+00:00
internshala:machine-learning-internship:3269184,New,,,,,2026-09-04T04:27:48+00:00,2026-09-04T04:27:48+00:00
internshala:machine-learning-internship:3269023,New,,,,,2026-09-04T04:27:48+00:00,2026-09-04T04:27:48+00:00
internshala:machine-learning-internship:3269062,New,,,,,2026-09-04T04:27:48+00:00,2026-09-04T04:27:48+00:00
internshala:machine-learning-internship:3269033,New,,,,,2026-09-04T04:27:48+00:00,2026-09-04T04:27:48+00:00
internshala:machine-learning-internship:3268769,New,,,,,2026-09-04T04:27:48+00:00,2026-09-04T04:27:48+00:00
internshala:machine-learning-internship:3267346,New,,,,,2026-09-04T04:27:48+00:00,2026-09-04T04:27:48+00:00
internshala:machine-learning-internship:3268415,New,,,,,2026-09-04T04:27:48+00:00,2026-09-04T04:27:48+00:00
internshala:machine-learning-internship:3268412,New,,,,,2026-09-04T04:27:48+00:00,2026-09-04T04:27:48+00:00
internshala:machine-learning-internship:3268406,New,,,,,2026-09-04T04:27:48+00:00,2026-09-04T04:27:48+00:00
internshala:machine-learning-internship:3268394,New,,,,,2026-09-04T04:27:48+00:00,2026-09-04T04:27:48+00:00
internshala:machine-learning-internship:3267518,New,,,,,2026-09-04T04:27:48+00:00,2026-09-04T04:27:48+00:00
internshala:machine-learning-internship:3267517,New,,,,,2026-09-04T04:27:48+00:00,2026-09-04T04:27:48+00:00
internshala:machine-learning-internship:3267515,New,,,,,2026-09-04T04:27:48+00:00,2026-09-04T04:27:48+00:00
internshala:machine-learning-internship:3267513,New,,,,,2026-09-04T04:27:48+00:00,2026-09-04T04:27:48+00:00
internshala:machine-learning-internship:3267501,New,,,,,2026-09-04T04:27:48+00:00,2026-09-04T04:27:48+00:00
internshala:artificial-intelligence-ai-internship:3268550,New,,,,,2026-09-04T04:27:48+00:00,2026-09-04T04:27:48+00:00
internshala:artificial-intelligence-ai-internship:3268339,New,,,,,2026-09-04T04:27:48+00:00,2026-09-04T04:27:48+00:00
internshala:artificial-intelligence-ai-internship:3268936,New,,,,,2026-09-04T04:27:48+00:00,2026-09-04T04:27:48+00:00
internshala:artificial-intelligence-ai-internship:3268787,New,,,,,2026-09-04T04:27:48+00:00,2026-09-04T04:27:48+00:00
internshala:artificial-intelligence-ai-internship:3267539,New,,,,,2026-09-04T04:27:48+00:00,2026-09-04T04:27:48+00:00
internshala:artificial-intelligence-ai-internship:3268935,New,,,,,2026-09-04T04:27:48+00:00,2026-09-04T04:27:48+00:00
internshala:artificial-intelligence-ai-internship:3269243,New,,,,,2026-09-04T04:27:48+00:00,2026-09-04T04:27:48+00:00
internshala:artificial-intelligence-ai-internship:3254755,New,,,,,2026-09-04T04:27:48+00:00,2026-09-04T04:27:48+00:00
internshala:artificial-intelligence-ai-internship:3269999,New,,,,,2026-09-04T04:27:48+00:00,2026-09-04T04:27:48+00:00
internshala:artificial-intelligence-ai-internship:3264812,New,,,,,2026-09-04T04:27:48+00:00,2026-09-04T04:27:48+00:00
internshala:artificial-intelligence-ai-internship:3269184,New,,,,,2026-09-04T04:27:48+00:00,2026-09-04T04:27:48+00:00
internshala:artificial-intelligence-ai-internship:3269096,New,,,,,2026-09-04T04:27:48+00:00,2026-09-04T04:27:48+00:00
internshala:artificial-intelligence-ai-internship:3269057,New,,,,,2026-09-04T04:27:48+00:00,2026-09-04T04:27:48+00:00
internshala:artificial-intelligence-ai-internship:3269067,New,,,,,2026-09-04T04:27:48+00:00,2026-09-04T04:27:48+00:00
internshala:artificial-intelligence-ai-internship:3269033,New,,,,,2026-09-04T04:27:48+00:00,2026-09-04T04:27:48+00:00
internshala:artificial-intelligence-ai-internship:3269030,New,,,,,2026-09-04T04:27:48+00:00,2026-09-04T04:27:48+00:00
internshala:artificial-intelligence-ai-internship:3268769,New,,,,,2026-09-04T04:27:48+00:00,2026-09-04T04:27:48+00:00
internshala:artificial-intelligence-ai-internship:3267346,New,,,,,2026-09-04T04:27:48+00:00,2026-09-04T04:27:48+00:00
internshala:artificial-intelligence-ai-internship:3268415,New,,,,,2026-09-04T04:27:48+00:00,2026-09-04T04:27:48+00:00
internshala:artificial-intelligence-ai-internship:3267518,New,,,,,2026-09-04T04:27:48+00:00,2026-09-04T04:27:48+00:00
internshala:artificial-intelligence-ai-internship:3267517,New,,,,,2026-09-04T04:27:48+00:00,2026-09-04T04:27:48+00:00
internshala:artificial-intelligence-ai-internship:3267515,New,,,,,2026-09-04T04:27:48+00:00,2026-09-04T04:27:48+00:00
internshala:artificial-intelligence-ai-internship:3267513,New,,,,,2026-09-04T04:27:48+00:00,2026-09-04T04:27:48+00:00
internshala:artificial-intelligence-ai-internship:3260407,New,,,,,2026-09-04T04:27:48+00:00,2026-09-04T04:27:48+00:00
internshala:data-science-internship:3268339,New,,,,,2026-09-04T04:27:48+00:00,2026-09-04T04:27:48+00:00
internshala:data-science-internship:3268410,New,,,,,2026-09-04T04:27:48+00:00,2026-09-04T04:27:48+00:00
internshala:data-science-internship:3267405,New,,,,,2026-09-04T04:27:48+00:00,2026-09-04T04:27:48+00:00
internshala:data-science-internship:3268935,New,,,,,2026-09-04T04:27:48+00:00,2026-09-04T04:27:48+00:00
internshala:data-science-internship:3269243,New,,,,,2026-09-04T04:27:48+00:00,2026-09-04T04:27:48+00:00
internshala:data-science-internship:3268550,New,,,,,2026-09-04T04:27:48+00:00,2026-09-04T04:27:48+00:00
internshala:data-science-internship:3268936,New,,,,,2026-09-04T04:27:48+00:00,2026-09-04T04:27:48+00:00
internshala:data-science-internship:3268787,New,,,,,2026-09-04T04:27:48+00:00,2026-09-04T04:27:48+00:00
internshala:data-science-internship:3267539,New,,,,,2026-09-04T04:27:48+00:00,2026-09-04T04:27:48+00:00
internshala:data-science-internship:3268782,New,,,,,2026-09-04T04:27:48+00:00,2026-09-04T04:27:48+00:00
internshala:data-science-internship:3254755,New,,,,,2026-09-04T04:27:48+00:00,2026-09-04T04:27:48+00:00
internshala:data-science-internship:3267089,New,,,,,2026-09-04T04:27:48+00:00,2026-09-04T04:27:48+00:00
internshala:data-science-internship:3268752,New,,,,,2026-09-04T04:27:48+00:00,2026-09-04T04:27:48+00:00
internshala:data-science-internship:3269999,New,,,,,2026-09-04T04:27:48+00:00,2026-09-04T04:27:48+00:00
internshala:data-science-internship:3264812,New,,,,,2026-09-04T04:27:48+00:00,2026-09-04T04:27:48+00:00
internshala:data-science-internship:3269184,New,,,,,2026-09-04T04:27:48+00:00,2026-09-04T04:27:48+00:00
internshala:data-science-internship:3269096,New,,,,,2026-09-04T04:27:48+00:00,2026-09-04T04:27:48+00:00
internshala:data-science-internship:3269070,New,,,,,2026-09-04T04:27:48+00:00,2026-09-04T04:27:48+00:00
internshala:data-science-internship:3269057,New,,,,,2026-09-04T04:27:48+00:00,2026-09-04T04:27:48+00:00
internshala:data-science-internship:3269067,New,,,,,2026-09-04T04:27:48+00:00,2026-09-04T04:27:48+00:00
workday:nvidia:Senior-Product-Marketing-Manager---DSX-OS_JR2018568,New,,,,,2026-09-04T00:06:23+00:00,2026-09-04T00:06:23+00:00
workday:nvidia:Senior-Production-Engineer---DGX-Cloud_JR2018101,New,,,,,2026-09-04T00:06:23+00:00,2026-09-04T00:06:23+00:00
workday:nvidia:Distinguished-Engineer--Production-Engineering--Cluster-Management_JR2024993,New,,,,,2026-09-04T00:06:23+00:00,2026-09-04T00:06:23+00:00
workday:nvidia:Principal-Product-Manager---Laptop-GPU-and-SoC_JR2024647-1,New,,,,,2026-09-04T00:06:23+00:00,2026-09-04T00:06:23+00:00
workday:nvidia:Executive-Content-and-Social-Media-Manager_JR2025151,New,,,,,2026-09-04T00:06:23+00:00,2026-09-04T00:06:23+00:00
workday:nvidia:ASIC-Verification-Engineer---Clocks_JR2024826,New,,,,,2026-09-04T00:06:23+00:00,2026-09-04T00:06:23+00:00
workday:nvidia:Senior-DL-Performance-Efficiency-Architect--_JR2024654,New,,,,,2026-09-04T00:06:23+00:00,2026-09-04T00:06:23+00:00
workday:nvidia:Software-Engineering-Manager--Agentic-Transformation-for-Graphics-Systems_JR2024865,New,,,,,2026-09-04T00:06:23+00:00,2026-09-04T00:06:23+00:00
workday:nvidia:Senior-Solutions-Architect--InfiniBand-and-Networking-Ethernet---NVIS_JR2024703,New,,,,,2026-09-04T00:06:23+00:00,2026-09-04T00:06:23+00:00
workday:nvidia:HWQA-Engineer_JR2025032,New,,,,,2026-09-04T00:06:23+00:00,2026-09-04T00:06:23+00:00
workday:nvidia:Senior-High-Performance-Storage-Architect---NVIS_JR2024695,New,,,,,2026-09-04T00:06:23+00:00,2026-09-04T00:06:23+00:00
workday:nvidia:Software-Test-Developer---Robotics_JR2025050,New,,,,,2026-09-04T00:06:23+00:00,2026-09-04T00:06:23+00:00
workday:nvidia:Senior-Software-Development-Engineer-in-Test---NPI-Bring-up-SDET_JR2025023-1,New,,,,,2026-09-04T00:06:23+00:00,2026-09-04T00:06:23+00:00
workday:nvidia:Technical-Marketing-Specialist_JR2024965,New,,,,,2026-09-04T00:06:23+00:00,2026-09-04T00:06:23+00:00
workday:nvidia:Vice-President--EMEA-Marketing_JR2024666,New,,,,,2026-09-04T00:06:23+00:00,2026-09-04T00:06:23+00:00
workday:nvidia:SoC-Product-Architect--Memory-Ecosystem_JR2019756,New,,,,,2026-09-04T00:06:23+00:00,2026-09-04T00:06:23+00:00
workday:nvidia:Senior-Account-Manager--Canada---NVIDIA-Cloud-Partner_JR2024532,New,,,,,2026-09-04T00:06:23+00:00,2026-09-04T00:06:23+00:00
workday:nvidia:Senior-Developer-Relations-Manager--Robotics-and-Autonomous-Machines_JR2024631,New,,,,,2026-09-04T00:06:23+00:00,2026-09-04T00:06:23+00:00
workday:nvidia:Software-Engineering-Manager--Robotics-Neural-Reconstruction-and-Real2Sim-Applications_JR2019107,New,,,,,2026-09-04T00:06:23+00:00,2026-09-04T00:06:23+00:00
workday:nvidia:Global-Account-Manager--Developer-Relations---Hitachi_JR2024636,New,,,,,2026-09-04T00:06:23+00:00,2026-09-04T00:06:23+00:00
workday:nvidia:Senior-Account-Manager--LATAM---NVIDIA-Cloud-Partner_JR2023808,New,,,,,2026-09-04T00:06:23+00:00,2026-09-04T00:06:23+00:00
workday:nvidia:Senior-Package-Layout-Engineer---Hardware_JR2019694,New,,,,,2026-09-04T00:06:23+00:00,2026-09-04T00:06:23+00:00
workday:nvidia:Regional-Segment-Sales-Manager---Physical-AI-and-Digital-Twins_JR2024907-1,New,,,,,2026-09-04T00:06:23+00:00,2026-09-04T00:06:23+00:00
workday:nvidia:Senior-AI-infrastructure-engineer---Hardware-Infrastructure-Engineering_JR2024816,New,,,,,2026-09-04T00:06:23+00:00,2026-09-04T00:06:23+00:00
workday:nvidia:Lab-System-Administration-Manager---Software-Cloud_JR2020531,New,,,,,2026-09-04T00:06:23+00:00,2026-09-04T00:06:23+00:00
workday:nvidia:Senior-MLOps-Engineer---DSX-Enablement_JR2024830-1,New,,,,,2026-09-04T00:06:23+00:00,2026-09-04T00:06:23+00:00
workday:nvidia:Senior-Validation-Engineer_JR2024958,New,,,,,2026-09-04T00:06:23+00:00,2026-09-04T00:06:23+00:00
workday:salesforce:Marketing-Technology-Specialist-Account-Executive_JR358959,New,,,,,2026-09-04T00:06:23+00:00,2026-09-04T00:06:23+00:00
workday:salesforce:Senior-Technical-Program-Manager--IT-Experience-Engineering_JR355624,New,,,,,2026-09-04T00:06:23+00:00,2026-09-04T00:06:23+00:00
workday:salesforce:Agentforce-Revenue-Management-Specialist-SE_JR357804-1,New,,,,,2026-09-04T00:06:23+00:00,2026-09-04T00:06:23+00:00
workday:salesforce:Service-Cloud-Technical-Support-Engineer_JR346989,New,,,,,2026-09-04T00:06:23+00:00,2026-09-04T00:06:23+00:00
workday:salesforce:Product-Marketing-Senior-Lead_JR357800,New,,,,,2026-09-04T00:06:23+00:00,2026-09-04T00:06:23+00:00
workday:salesforce:Data-Engineer--SMTS-LMTS----Knowledge-Graph---AI_JR347480,New,,,,,2026-09-04T00:06:23+00:00,2026-09-04T00:06:23+00:00
workday:nvidia:Director--Enterprise-ISV-and-Cloud-GTM--EMEA_JR2024291,New,,,,,2026-09-03T11:12:13+00:00,2026-09-03T11:12:13+00:00
workday:nvidia:AI-Natives-Co-Sell-Account-Manager_JR2024515,New,,,,,2026-09-03T11:12:13+00:00,2026-09-03T11:12:13+00:00
workday:nvidia:Senior-Sales-Customer-Success-Manager--DACH_JR2024212-1,New,,,,,2026-09-03T11:12:13+00:00,2026-09-03T11:12:13+00:00
workday:nvidia:Principal-Networking-AI-Systems-Architect_JR2024255-1,New,,,,,2026-09-03T11:12:13+00:00,2026-09-03T11:12:13+00:00
workday:nvidia:Senior-System-Design-Test-Architect_JR1999094,New,,,,,2026-09-03T11:12:13+00:00,2026-09-03T11:12:13+00:00
workday:nvidia:Solutions-Architect--Manufacturing_JR2008569,New,,,,,2026-09-03T11:12:13+00:00,2026-09-03T11:12:13+00:00
workday:nvidia:Security-Software-Engineer--Vulnerability-Operations_JR2024620-1,New,,,,,2026-09-03T11:12:13+00:00,2026-09-03T11:12:13+00:00
workday:nvidia:Senior-Offensive-Security-Engineer--Vulnerability-Operations_JR2024625,New,,,,,2026-09-03T11:12:13+00:00,2026-09-03T11:12:13+00:00
workday:nvidia:Senior-Business-Development-Manager---Industrial-Engineering-and-CAE_JR2023584,New,,,,,2026-09-03T11:12:13+00:00,2026-09-03T11:12:13+00:00
workday:nvidia:OEM-Account-Manager_JR2023328,New,,,,,2026-09-03T11:12:13+00:00,2026-09-03T11:12:13+00:00
workday:nvidia:Manager--Software-Engineering---DGX-Cloud_JR2024098,New,,,,,2026-09-03T11:12:13+00:00,2026-09-03T11:12:13+00:00
workday:nvidia:Senior-Systems-Software-Engineer--Containers-and-Kubernetes_JR2024616-1,New,,,,,2026-09-03T11:12:13+00:00,2026-09-03T11:12:13+00:00
workday:nvidia:Distinguished-Engineer--Production-Engineering--Data-Center-Automation_JR2024978,New,,,,,2026-09-03T11:12:13+00:00,2026-09-03T11:12:13+00:00
workday:nvidia:Solutions-Architect--Data-Center-Infrastructure---NVIS_JR2019161,New,,,,,2026-09-03T11:12:13+00:00,2026-09-03T11:12:13+00:00
workday:nvidia:Solutions-Architect--Data-Center-Infrastructure---NVIS_JR2019159,New,,,,,2026-09-03T11:12:13+00:00,2026-09-03T11:12:13+00:00
workday:nvidia:Senior-DevOps-Engineer_JR2024809,New,,,,,2026-09-03T11:12:13+00:00,2026-09-03T11:12:13+00:00
workday:nvidia:Senior-Software-Engineer---Embedded-CPU-SDK_JR2024608,New,,,,,2026-09-03T11:12:13+00:00,2026-09-03T11:12:13+00:00
workday:nvidia:Senior-RDMA-and-Networking-Architect_JR2024292,New,,,,,2026-09-03T11:12:13+00:00,2026-09-03T11:12:13+00:00
workday:nvidia:Software-Performance-Engineer_JR2024413,New,,,,,2026-09-03T11:12:13+00:00,2026-09-03T11:12:13+00:00
workday:salesforce:Salesforce-DevOps---Senior-Technical-Architect_JR358785,New,,,,,2026-09-03T11:12:13+00:00,2026-09-03T11:12:13+00:00
workday:salesforce:Salesforce-Success-Architect--Agentforce-_JR330045-1,New,,,,,2026-09-03T11:12:13+00:00,2026-09-03T11:12:13+00:00
workday:salesforce:Senior-Director--Controllership---Operations_JR357789,New,,,,,2026-09-03T11:12:13+00:00,2026-09-03T11:12:13+00:00
workday:salesforce:Senior-Manager-Growth-Marketing_JR356346,New,,,,,2026-09-03T11:12:13+00:00,2026-09-03T11:12:13+00:00
greenhouse:razorpaysoftwareprivatelimited:4729957005,New,,,,,2026-09-03T11:09:49+00:00,2026-09-03T11:09:49+00:00
greenhouse:razorpaysoftwareprivatelimited:4729942005,New,,,,,2026-09-03T11:09:49+00:00,2026-09-03T11:09:49+00:00
greenhouse:razorpaysoftwareprivatelimited:4730552005,New,,,,,2026-09-03T11:09:49+00:00,2026-09-03T11:09:49+00:00
internshala:artificial-intelligence-ai-internship:3267403,New,,,,,2026-09-03T00:13:05+00:00,2026-09-03T00:13:05+00:00
internshala:artificial-intelligence-ai-internship:3267453,New,,,,,2026-09-03T00:13:05+00:00,2026-09-03T00:13:05+00:00
internshala:artificial-intelligence-ai-internship:3267426,New,,,,,2026-09-03T00:13:05+00:00,2026-09-03T00:13:05+00:00
internshala:artificial-intelligence-ai-internship:3267355,New,,,,,2026-09-03T00:13:05+00:00,2026-09-03T00:13:05+00:00
internshala:artificial-intelligence-ai-internship:3267363,New,,,,,2026-09-03T00:13:05+00:00,2026-09-03T00:13:05+00:00
internshala:artificial-intelligence-ai-internship:3266738,New,,,,,2026-09-03T00:13:05+00:00,2026-09-03T00:13:05+00:00
internshala:artificial-intelligence-ai-internship:3267334,New,,,,,2026-09-03T00:13:05+00:00,2026-09-03T00:13:05+00:00
internshala:artificial-intelligence-ai-internship:3266783,New,,,,,2026-09-03T00:13:05+00:00,2026-09-03T00:13:05+00:00
internshala:artificial-intelligence-ai-internship:3265604,New,,,,,2026-09-03T00:13:05+00:00,2026-09-03T00:13:05+00:00
internshala:artificial-intelligence-ai-internship:3267479,New,,,,,2026-09-03T00:13:05+00:00,2026-09-03T00:13:05+00:00
internshala:artificial-intelligence-ai-internship:3267428,New,,,,,2026-09-03T00:13:05+00:00,2026-09-03T00:13:05+00:00
internshala:artificial-intelligence-ai-internship:3267422,New,,,,,2026-09-03T00:13:05+00:00,2026-09-03T00:13:05+00:00
internshala:artificial-intelligence-ai-internship:3267413,New,,,,,2026-09-03T00:13:05+00:00,2026-09-03T00:13:05+00:00
internshala:artificial-intelligence-ai-internship:3267414,New,,,,,2026-09-03T00:13:05+00:00,2026-09-03T00:13:05+00:00
internshala:artificial-intelligence-ai-internship:3267409,New,,,,,2026-09-03T00:13:05+00:00,2026-09-03T00:13:05+00:00
internshala:artificial-intelligence-ai-internship:3265873,New,,,,,2026-09-03T00:13:05+00:00,2026-09-03T00:13:05+00:00
internshala:artificial-intelligence-ai-internship:3260058,New,,,,,2026-09-03T00:13:05+00:00,2026-09-03T00:13:05+00:00
internshala:artificial-intelligence-ai-internship:3266844,New,,,,,2026-09-03T00:13:05+00:00,2026-09-03T00:13:05+00:00
internshala:artificial-intelligence-ai-internship:3265542,New,,,,,2026-09-03T00:13:05+00:00,2026-09-03T00:13:05+00:00
internshala:artificial-intelligence-ai-internship:3266624,New,,,,,2026-09-03T00:13:05+00:00,2026-09-03T00:13:05+00:00
internshala:artificial-intelligence-ai-internship:3266653,New,,,,,2026-09-03T00:13:05+00:00,2026-09-03T00:13:05+00:00
internshala:artificial-intelligence-ai-internship:3265957,New,,,,,2026-09-03T00:13:05+00:00,2026-09-03T00:13:05+00:00
internshala:artificial-intelligence-ai-internship:3265900,New,,,,,2026-09-03T00:13:05+00:00,2026-09-03T00:13:05+00:00
internshala:artificial-intelligence-ai-internship:3265851,New,,,,,2026-09-03T00:13:05+00:00,2026-09-03T00:13:05+00:00
internshala:artificial-intelligence-ai-internship:3266577,New,,,,,2026-09-03T00:13:05+00:00,2026-09-03T00:13:05+00:00
internshala:data-science-internship:3267447,New,,,,,2026-09-03T00:13:05+00:00,2026-09-03T00:13:05+00:00
internshala:data-science-internship:3267348,New,,,,,2026-09-03T00:13:05+00:00,2026-09-03T00:13:05+00:00
internshala:data-science-internship:3267361,New,,,,,2026-09-03T00:13:05+00:00,2026-09-03T00:13:05+00:00
internshala:data-science-internship:3266738,New,,,,,2026-09-03T00:13:05+00:00,2026-09-03T00:13:05+00:00
internshala:data-science-internship:3267644,New,,,,,2026-09-03T00:13:05+00:00,2026-09-03T00:13:05+00:00
internshala:data-science-internship:3267117,New,,,,,2026-09-03T00:13:05+00:00,2026-09-03T00:13:05+00:00
internshala:data-science-internship:3267328,New,,,,,2026-09-03T00:13:05+00:00,2026-09-03T00:13:05+00:00
internshala:data-science-internship:3267458,New,,,,,2026-09-03T00:13:05+00:00,2026-09-03T00:13:05+00:00
internshala:data-science-internship:3267357,New,,,,,2026-09-03T00:13:05+00:00,2026-09-03T00:13:05+00:00
internshala:data-science-internship:3267351,New,,,,,2026-09-03T00:13:05+00:00,2026-09-03T00:13:05+00:00
internshala:data-science-internship:3267452,New,,,,,2026-09-03T00:13:05+00:00,2026-09-03T00:13:05+00:00
internshala:data-science-internship:3267442,New,,,,,2026-09-03T00:13:05+00:00,2026-09-03T00:13:05+00:00
internshala:data-science-internship:3267426,New,,,,,2026-09-03T00:13:05+00:00,2026-09-03T00:13:05+00:00
internshala:data-science-internship:3267356,New,,,,,2026-09-03T00:13:05+00:00,2026-09-03T00:13:05+00:00
internshala:data-science-internship:3267338,New,,,,,2026-09-03T00:13:05+00:00,2026-09-03T00:13:05+00:00
internshala:data-science-internship:3267453,New,,,,,2026-09-03T00:13:05+00:00,2026-09-03T00:13:05+00:00
internshala:data-science-internship:3267334,New,,,,,2026-09-03T00:13:05+00:00,2026-09-03T00:13:05+00:00
internshala:data-science-internship:3267331,New,,,,,2026-09-03T00:13:05+00:00,2026-09-03T00:13:05+00:00
internshala:data-science-internship:3267441,New,,,,,2026-09-03T00:13:05+00:00,2026-09-03T00:13:05+00:00
internshala:data-science-internship:3267431,New,,,,,2026-09-03T00:13:05+00:00,2026-09-03T00:13:05+00:00
internshala:data-science-internship:3267363,New,,,,,2026-09-03T00:13:05+00:00,2026-09-03T00:13:05+00:00
internshala:data-science-internship:3267355,New,,,,,2026-09-03T00:13:05+00:00,2026-09-03T00:13:05+00:00
internshala:data-science-internship:3267324,New,,,,,2026-09-03T00:13:05+00:00,2026-09-03T00:13:05+00:00
internshala:data-science-internship:3267403,New,,,,,2026-09-03T00:13:05+00:00,2026-09-03T00:13:05+00:00
internshala:data-science-internship:3267641,New,,,,,2026-09-03T00:13:05+00:00,2026-09-03T00:13:05+00:00
internshala:data-science-internship:3267418,New,,,,,2026-09-03T00:13:05+00:00,2026-09-03T00:13:05+00:00
internshala:data-science-internship:3267359,New,,,,,2026-09-03T00:13:05+00:00,2026-09-03T00:13:05+00:00
internshala:data-science-internship:3265604,New,,,,,2026-09-03T00:13:05+00:00,2026-09-03T00:13:05+00:00
internshala:machine-learning-internship:3267426,New,,,,,2026-09-03T00:13:04+00:00,2026-09-03T00:13:04+00:00
internshala:machine-learning-internship:3267355,New,,,,,2026-09-03T00:13:04+00:00,2026-09-03T00:13:04+00:00
internshala:machine-learning-internship:3267363,New,,,,,2026-09-03T00:13:04+00:00,2026-09-03T00:13:04+00:00
internshala:machine-learning-internship:3267334,New,,,,,2026-09-03T00:13:04+00:00,2026-09-03T00:13:04+00:00
internshala:machine-learning-internship:3267453,New,,,,,2026-09-03T00:13:04+00:00,2026-09-03T00:13:04+00:00
internshala:machine-learning-internship:3267403,New,,,,,2026-09-03T00:13:04+00:00,2026-09-03T00:13:04+00:00
internshala:machine-learning-internship:3267428,New,,,,,2026-09-03T00:13:04+00:00,2026-09-03T00:13:04+00:00
internshala:machine-learning-internship:3267422,New,,,,,2026-09-03T00:13:04+00:00,2026-09-03T00:13:04+00:00
internshala:machine-learning-internship:3267413,New,,,,,2026-09-03T00:13:04+00:00,2026-09-03T00:13:04+00:00
internshala:machine-learning-internship:3267409,New,,,,,2026-09-03T00:13:04+00:00,2026-09-03T00:13:04+00:00
internshala:machine-learning-internship:3265873,New,,,,,2026-09-03T00:13:04+00:00,2026-09-03T00:13:04+00:00
internshala:machine-learning-internship:3266844,New,,,,,2026-09-03T00:13:04+00:00,2026-09-03T00:13:04+00:00
internshala:machine-learning-internship:3265542,New,,,,,2026-09-03T00:13:04+00:00,2026-09-03T00:13:04+00:00
internshala:machine-learning-internship:3266624,New,,,,,2026-09-03T00:13:04+00:00,2026-09-03T00:13:04+00:00
internshala:machine-learning-internship:3261907,New,,,,,2026-09-03T00:13:04+00:00,2026-09-03T00:13:04+00:00
internshala:machine-learning-internship:3266657,New,,,,,2026-09-03T00:13:04+00:00,2026-09-03T00:13:04+00:00
internshala:machine-learning-internship:3266653,New,,,,,2026-09-03T00:13:04+00:00,2026-09-03T00:13:04+00:00
internshala:machine-learning-internship:3265851,New,,,,,2026-09-03T00:13:04+00:00,2026-09-03T00:13:04+00:00
internshala:machine-learning-internship:3266576,New,,,,,2026-09-03T00:13:04+00:00,2026-09-03T00:13:04+00:00
workday:nvidia:Solutions-Architect---CPU-and-LPU_JR2015614,New,,,,,2026-09-02T16:34:56+00:00,2026-09-02T16:34:56+00:00
workday:nvidia:Senior-SOC-Design-Engineer_JR2009350,New,,,,,2026-09-02T16:34:56+00:00,2026-09-02T16:34:56+00:00
workday:nvidia:Senior-SOCD-Applied-AI-Engineer_JR2020550,New,,,,,2026-09-02T16:34:56+00:00,2026-09-02T16:34:56+00:00
workday:nvidia:Senior-ASIC-Verification-Engineer_JR2023472,New,,,,,2026-09-02T16:34:56+00:00,2026-09-02T16:34:56+00:00
workday:nvidia:Senior-System-Software-Engineer---DRIVEOS-Platform-Team_JR2014621,New,,,,,2026-09-02T16:34:56+00:00,2026-09-02T16:34:56+00:00
workday:nvidia:Senior-System-Software-Engineer---Automotive_JR2014484,New,,,,,2026-09-02T16:34:56+00:00,2026-09-02T16:34:56+00:00
workday:nvidia:Software-Architect--Advanced-Development_JR2007439,New,,,,,2026-09-02T16:34:56+00:00,2026-09-02T16:34:56+00:00
workday:nvidia:Senior-Manager--Embedded-Imaging-Software_JR2024977,New,,,,,2026-09-02T16:34:56+00:00,2026-09-02T16:34:56+00:00
workday:nvidia:Senior-MLOps-Engineer---DSX-Enablement_JR2024864-1,New,,,,,2026-09-02T16:34:56+00:00,2026-09-02T16:34:56+00:00
workday:nvidia:NCX-Senior-Engineer_JR2024942,New,,,,,2026-09-02T16:34:56+00:00,2026-09-02T16:34:56+00:00
workday:nvidia:Director--Government-Affairs_JR2024147,New,,,,,2026-09-02T16:34:56+00:00,2026-09-02T16:34:56+00:00
workday:nvidia:Senior-Solutions-Architect--Higher-Education-and-Research--Multimodal-and-Physical-AI_JR2024873,New,,,,,2026-09-02T16:34:56+00:00,2026-09-02T16:34:56+00:00
workday:nvidia:Senior-Solutions-Architect--Higher-Education-and-Research--Multimodal-and-Physical-AI_JR2024875,New,,,,,2026-09-02T16:34:56+00:00,2026-09-02T16:34:56+00:00
workday:nvidia:Senior-Solutions-Architect--Higher-Education-and-Research--AI-and-HP_JR2024876,New,,,,,2026-09-02T16:34:56+00:00,2026-09-02T16:34:56+00:00
workday:nvidia:Senior-Solutions-Architect--Higher-Education-and-Research--AI-and-HPC_JR2024878,New,,,,,2026-09-02T16:34:56+00:00,2026-09-02T16:34:56+00:00
workday:nvidia:Senior-Solutions-Architect--Higher-Education-and-Research_JR2024526,New,,,,,2026-09-02T16:34:56+00:00,2026-09-02T16:34:56+00:00
workday:nvidia:QA-Virtualization-Engineer_JR2024863,New,,,,,2026-09-02T16:34:56+00:00,2026-09-02T16:34:56+00:00
workday:nvidia:QA-and-Automation-Engineer_JR2024858-1,New,,,,,2026-09-02T16:34:56+00:00,2026-09-02T16:34:56+00:00
workday:nvidia:Firmware-QA-Engineer_JR2024600,New,,,,,2026-09-02T16:34:56+00:00,2026-09-02T16:34:56+00:00
workday:nvidia:Software-QA-Engineer--Networking_JR2024852,New,,,,,2026-09-02T16:34:56+00:00,2026-09-02T16:34:56+00:00
workday:nvidia:Technical-Program-Manager--Cloud-Infrastructure_JR2013887,New,,,,,2026-09-02T16:34:56+00:00,2026-09-02T16:34:56+00:00
workday:salesforce:Critical-Incident-Communications--Manager_JR357982,New,,,,,2026-09-02T16:34:56+00:00,2026-09-02T16:34:56+00:00
workday:salesforce:UI-LMTS---AI-Engineering_JR358412,New,,,,,2026-09-02T16:34:56+00:00,2026-09-02T16:34:56+00:00
workday:salesforce:Sales-Strategy-Analyst_JR355866,New,,,,,2026-09-02T16:34:56+00:00,2026-09-02T16:34:56+00:00
workday:salesforce:Technical-Support-Engineer-Sales_JR356403,New,,,,,2026-09-02T16:34:56+00:00,2026-09-02T16:34:56+00:00
workday:salesforce:Manager--Customer-Success-Compensation_JR356413,New,,,,,2026-09-02T16:34:56+00:00,2026-09-02T16:34:56+00:00
workday:salesforce:Senior-Manager--GTM-Change-Activation_JR358352,New,,,,,2026-09-02T16:34:56+00:00,2026-09-02T16:34:56+00:00
workday:salesforce:Senior-Operations-Manager--Strategy---Programs_JR358428,New,,,,,2026-09-02T16:34:56+00:00,2026-09-02T16:34:56+00:00
workday:salesforce:Infrastructure-Platform-Engineering--SMTS--Software-Engineering-_JR356752,New,,,,,2026-09-02T16:34:56+00:00,2026-09-02T16:34:56+00:00
workday:nvidia:PR-Specialist--Physical-AI_JR2023219,New,,,,,2026-09-02T00:15:20+00:00,2026-09-02T00:15:20+00:00
workday:nvidia:Talent-Acquisition-Sourcing-Manager_JR2024370,New,,,,,2026-09-02T00:15:20+00:00,2026-09-02T00:15:20+00:00
workday:nvidia:Customer-Solutions-and-Applications-Engineer_JR2024727,New,,,,,2026-09-02T00:15:20+00:00,2026-09-02T00:15:20+00:00
workday:nvidia:Director--Tegra-Firmware_JR2024774,New,,,,,2026-09-02T00:15:20+00:00,2026-09-02T00:15:20+00:00
workday:nvidia:Partner-Enablement-Product-Manager--Storage_JR2017285,New,,,,,2026-09-02T00:15:20+00:00,2026-09-02T00:15:20+00:00
workday:nvidia:Principal-Partner-Enablement-Product-Manager--AI-Infrastructure_JR2017274,New,,,,,2026-09-02T00:15:20+00:00,2026-09-02T00:15:20+00:00
workday:nvidia:ODM-Business-Operations-Manager_JR2006561,New,,,,,2026-09-02T00:15:20+00:00,2026-09-02T00:15:20+00:00
workday:nvidia:Senior-Software-Engineer--Linux-Platform_JR2021517,New,,,,,2026-09-02T00:15:20+00:00,2026-09-02T00:15:20+00:00
workday:nvidia:Senior-Systems-Software-Engineer--EDA-Infrastructure_JR2024972-1,New,,,,,2026-09-02T00:15:20+00:00,2026-09-02T00:15:20+00:00
workday:nvidia:Solutions-Architect---MedTech_JR2019314,New,,,,,2026-09-02T00:15:20+00:00,2026-09-02T00:15:20+00:00
workday:nvidia:Senior-Account-Manager--Consumer-Sales_JR2012877,New,,,,,2026-09-02T00:15:20+00:00,2026-09-02T00:15:20+00:00
workday:nvidia:Senior-Cloud-Software-Engineer--Developer-Tools_JR2024693,New,,,,,2026-09-02T00:15:20+00:00,2026-09-02T00:15:20+00:00
workday:nvidia:Senior-System-Software-Engineer---Scientific-Computing-PaaS_JR2024331,New,,,,,2026-09-02T00:15:20+00:00,2026-09-02T00:15:20+00:00
workday:nvidia:System-Software-Engineer--Performance---CUDA-Driver_JR2024918,New,,,,,2026-09-02T00:15:20+00:00,2026-09-02T00:15:20+00:00
workday:nvidia:Senior-Software-Engineer-CUDA-UMD---GPU-Kernel-Scheduling_JR2024920,New,,,,,2026-09-02T00:15:20+00:00,2026-09-02T00:15:20+00:00
workday:nvidia:Senior-Technical-Program-Manager--DGX-Cloud_JR2020194,New,,,,,2026-09-02T00:15:20+00:00,2026-09-02T00:15:20+00:00
workday:nvidia:Accelerated-Computing-GPU-Product-Manager_JR2024923,New,,,,,2026-09-02T00:15:20+00:00,2026-09-02T00:15:20+00:00
workday:nvidia:Product-Marketing-Manager--Quantum-Computing-Platform_JR2024924-1,New,,,,,2026-09-02T00:15:20+00:00,2026-09-02T00:15:20+00:00
workday:nvidia:Energy-Product-Marketing-Manager_JR2016521,New,,,,,2026-09-02T00:15:20+00:00,2026-09-02T00:15:20+00:00
workday:nvidia:Senior-Software-Engineer--Platforms_JR2022913,New,,,,,2026-09-02T00:15:20+00:00,2026-09-02T00:15:20+00:00
workday:nvidia:Senior-Thermal-Design-Engineer_JR2019916-1,New,,,,,2026-09-02T00:15:20+00:00,2026-09-02T00:15:20+00:00
workday:nvidia:Senior-Site-Reliability-Engineer---Storage_JR2024491-1,New,,,,,2026-09-02T00:15:20+00:00,2026-09-02T00:15:20+00:00
workday:nvidia:Senior-Staff-Site-Reliability-Engineer_JR2024324,New,,,,,2026-09-02T00:15:20+00:00,2026-09-02T00:15:20+00:00
workday:nvidia:Senior-Manager--3P-Events-Portfolio-Strategy-and-Operations_JR2024200,New,,,,,2026-09-02T00:15:20+00:00,2026-09-02T00:15:20+00:00
workday:nvidia:Senior-Business-Systems-Analyst--SAP-IBP-Demand-Planning_JR2024070,New,,,,,2026-09-02T00:15:20+00:00,2026-09-02T00:15:20+00:00
workday:nvidia:Senior-Network-Engineer---Deployments_JR2024259,New,,,,,2026-09-02T00:15:20+00:00,2026-09-02T00:15:20+00:00
workday:nvidia:CAD-Tools-Developer_JR2007175,New,,,,,2026-09-02T00:15:20+00:00,2026-09-02T00:15:20+00:00
workday:nvidia:Senior-Technical-Program-Manager---LLM-Safety_JR2024325,New,,,,,2026-09-02T00:15:20+00:00,2026-09-02T00:15:20+00:00
workday:nvidia:Senior-MEP-Engineer---Datacenter-Lab-Infrastructure_JR2016959,New,,,,,2026-09-02T00:15:20+00:00,2026-09-02T00:15:20+00:00
workday:nvidia:Senior-AI-Security-Researcher_JR2017578,New,,,,,2026-09-02T00:15:20+00:00,2026-09-02T00:15:20+00:00
workday:salesforce:Informatica-Account-Executive--Enterprise_JR327919,New,,,,,2026-09-02T00:15:20+00:00,2026-09-02T00:15:20+00:00
workday:salesforce:Software-Engineering-MTS--Full-Stack-_JR339748,New,,,,,2026-09-02T00:15:20+00:00,2026-09-02T00:15:20+00:00
workday:salesforce:Sr-Industry-Product-Marketing-Manager--Financial-Services-_JR358103,New,,,,,2026-09-02T00:15:20+00:00,2026-09-02T00:15:20+00:00
workday:salesforce:Customer-Success-Manager--Commerce-Cloud_JR356918,New,,,,,2026-09-02T00:15:20+00:00,2026-09-02T00:15:20+00:00
workday:salesforce:Summer-2026-Intern---Product-Manager_JR358528,New,,,,,2026-09-02T00:15:20+00:00,2026-09-02T00:15:20+00:00
workday:salesforce:Manager--Technical-Support-Engineering_JR338362-1,New,,,,,2026-09-02T00:15:20+00:00,2026-09-02T00:15:20+00:00
workday:salesforce:Customer-Success-Manager--Marketing-Cloud_JR358525-1,New,,,,,2026-09-02T00:15:20+00:00,2026-09-02T00:15:20+00:00
workday:salesforce:Workday-System-Analyst--Software-Engineer--SMTS-_JR335225,New,,,,,2026-09-02T00:15:20+00:00,2026-09-02T00:15:20+00:00
internshala:artificial-intelligence-ai-internship:3265645,New,,,,,2026-09-02T00:10:58+00:00,2026-09-02T00:10:58+00:00
internshala:artificial-intelligence-ai-internship:3265640,New,,,,,2026-09-02T00:10:58+00:00,2026-09-02T00:10:58+00:00
internshala:artificial-intelligence-ai-internship:3265641,New,,,,,2026-09-02T00:10:58+00:00,2026-09-02T00:10:58+00:00
internshala:artificial-intelligence-ai-internship:3265642,New,,,,,2026-09-02T00:10:58+00:00,2026-09-02T00:10:58+00:00
internshala:artificial-intelligence-ai-internship:3265455,New,,,,,2026-09-02T00:10:58+00:00,2026-09-02T00:10:58+00:00
internshala:artificial-intelligence-ai-internship:3265658,New,,,,,2026-09-02T00:10:58+00:00,2026-09-02T00:10:58+00:00
internshala:artificial-intelligence-ai-internship:3265454,New,,,,,2026-09-02T00:10:58+00:00,2026-09-02T00:10:58+00:00
internshala:artificial-intelligence-ai-internship:3265444,New,,,,,2026-09-02T00:10:58+00:00,2026-09-02T00:10:58+00:00
internshala:artificial-intelligence-ai-internship:3265478,New,,,,,2026-09-02T00:10:58+00:00,2026-09-02T00:10:58+00:00
internshala:artificial-intelligence-ai-internship:3265494,New,,,,,2026-09-02T00:10:58+00:00,2026-09-02T00:10:58+00:00
internshala:artificial-intelligence-ai-internship:3265397,New,,,,,2026-09-02T00:10:58+00:00,2026-09-02T00:10:58+00:00
internshala:artificial-intelligence-ai-internship:3265701,New,,,,,2026-09-02T00:10:58+00:00,2026-09-02T00:10:58+00:00
internshala:artificial-intelligence-ai-internship:3265844,New,,,,,2026-09-02T00:10:58+00:00,2026-09-02T00:10:58+00:00
internshala:artificial-intelligence-ai-internship:3265706,New,,,,,2026-09-02T00:10:58+00:00,2026-09-02T00:10:58+00:00
internshala:artificial-intelligence-ai-internship:3265448,New,,,,,2026-09-02T00:10:58+00:00,2026-09-02T00:10:58+00:00
internshala:artificial-intelligence-ai-internship:3265101,New,,,,,2026-09-02T00:10:58+00:00,2026-09-02T00:10:58+00:00
internshala:artificial-intelligence-ai-internship:3265985,New,,,,,2026-09-02T00:10:58+00:00,2026-09-02T00:10:58+00:00
internshala:artificial-intelligence-ai-internship:3265783,New,,,,,2026-09-02T00:10:58+00:00,2026-09-02T00:10:58+00:00
internshala:artificial-intelligence-ai-internship:3261134,New,,,,,2026-09-02T00:10:58+00:00,2026-09-02T00:10:58+00:00
internshala:artificial-intelligence-ai-internship:3264876,New,,,,,2026-09-02T00:10:58+00:00,2026-09-02T00:10:58+00:00
internshala:artificial-intelligence-ai-internship:3264836,New,,,,,2026-09-02T00:10:58+00:00,2026-09-02T00:10:58+00:00
internshala:artificial-intelligence-ai-internship:3265119,New,,,,,2026-09-02T00:10:58+00:00,2026-09-02T00:10:58+00:00
internshala:artificial-intelligence-ai-internship:3265942,New,,,,,2026-09-02T00:10:58+00:00,2026-09-02T00:10:58+00:00
internshala:artificial-intelligence-ai-internship:3265384,New,,,,,2026-09-02T00:10:58+00:00,2026-09-02T00:10:58+00:00
internshala:artificial-intelligence-ai-internship:3265105,New,,,,,2026-09-02T00:10:58+00:00,2026-09-02T00:10:58+00:00
internshala:artificial-intelligence-ai-internship:3265712,New,,,,,2026-09-02T00:10:58+00:00,2026-09-02T00:10:58+00:00
internshala:artificial-intelligence-ai-internship:3265349,New,,,,,2026-09-02T00:10:58+00:00,2026-09-02T00:10:58+00:00
internshala:artificial-intelligence-ai-internship:3265243,New,,,,,2026-09-02T00:10:58+00:00,2026-09-02T00:10:58+00:00
internshala:artificial-intelligence-ai-internship:3264858,New,,,,,2026-09-02T00:10:58+00:00,2026-09-02T00:10:58+00:00
internshala:artificial-intelligence-ai-internship:3265383,New,,,,,2026-09-02T00:10:58+00:00,2026-09-02T00:10:58+00:00
internshala:artificial-intelligence-ai-internship:3265357,New,,,,,2026-09-02T00:10:58+00:00,2026-09-02T00:10:58+00:00
internshala:artificial-intelligence-ai-internship:3265211,New,,,,,2026-09-02T00:10:58+00:00,2026-09-02T00:10:58+00:00
internshala:artificial-intelligence-ai-internship:3265090,New,,,,,2026-09-02T00:10:58+00:00,2026-09-02T00:10:58+00:00
internshala:artificial-intelligence-ai-internship:3264976,New,,,,,2026-09-02T00:10:58+00:00,2026-09-02T00:10:58+00:00
internshala:data-science-internship:3265645,New,,,,,2026-09-02T00:10:58+00:00,2026-09-02T00:10:58+00:00
internshala:data-science-internship:3265641,New,,,,,2026-09-02T00:10:58+00:00,2026-09-02T00:10:58+00:00
internshala:data-science-internship:3265640,New,,,,,2026-09-02T00:10:58+00:00,2026-09-02T00:10:58+00:00
internshala:data-science-internship:3265455,New,,,,,2026-09-02T00:10:58+00:00,2026-09-02T00:10:58+00:00
internshala:data-science-internship:3265658,New,,,,,2026-09-02T00:10:58+00:00,2026-09-02T00:10:58+00:00
internshala:data-science-internship:3265642,New,,,,,2026-09-02T00:10:58+00:00,2026-09-02T00:10:58+00:00
internshala:data-science-internship:3265454,New,,,,,2026-09-02T00:10:58+00:00,2026-09-02T00:10:58+00:00
internshala:data-science-internship:3265444,New,,,,,2026-09-02T00:10:58+00:00,2026-09-02T00:10:58+00:00
internshala:data-science-internship:3265478,New,,,,,2026-09-02T00:10:58+00:00,2026-09-02T00:10:58+00:00
internshala:data-science-internship:3265494,New,,,,,2026-09-02T00:10:58+00:00,2026-09-02T00:10:58+00:00
internshala:data-science-internship:3265397,New,,,,,2026-09-02T00:10:58+00:00,2026-09-02T00:10:58+00:00
internshala:data-science-internship:3265701,New,,,,,2026-09-02T00:10:58+00:00,2026-09-02T00:10:58+00:00
internshala:data-science-internship:3265706,New,,,,,2026-09-02T00:10:58+00:00,2026-09-02T00:10:58+00:00
internshala:data-science-internship:3265448,New,,,,,2026-09-02T00:10:58+00:00,2026-09-02T00:10:58+00:00
internshala:data-science-internship:3265101,New,,,,,2026-09-02T00:10:58+00:00,2026-09-02T00:10:58+00:00
internshala:data-science-internship:3265985,New,,,,,2026-09-02T00:10:58+00:00,2026-09-02T00:10:58+00:00
internshala:data-science-internship:3261134,New,,,,,2026-09-02T00:10:58+00:00,2026-09-02T00:10:58+00:00
internshala:data-science-internship:3264697,New,,,,,2026-09-02T00:10:58+00:00,2026-09-02T00:10:58+00:00
internshala:data-science-internship:3264876,New,,,,,2026-09-02T00:10:58+00:00,2026-09-02T00:10:58+00:00
internshala:data-science-internship:3264836,New,,,,,2026-09-02T00:10:58+00:00,2026-09-02T00:10:58+00:00
internshala:data-science-internship:3265119,New,,,,,2026-09-02T00:10:58+00:00,2026-09-02T00:10:58+00:00
internshala:data-science-internship:3265942,New,,,,,2026-09-02T00:10:58+00:00,2026-09-02T00:10:58+00:00
internshala:data-science-internship:3265384,New,,,,,2026-09-02T00:10:58+00:00,2026-09-02T00:10:58+00:00
internshala:data-science-internship:3265105,New,,,,,2026-09-02T00:10:58+00:00,2026-09-02T00:10:58+00:00
internshala:data-science-internship:3265716,New,,,,,2026-09-02T00:10:58+00:00,2026-09-02T00:10:58+00:00
internshala:data-science-internship:3265714,New,,,,,2026-09-02T00:10:58+00:00,2026-09-02T00:10:58+00:00
internshala:data-science-internship:3265712,New,,,,,2026-09-02T00:10:58+00:00,2026-09-02T00:10:58+00:00
internshala:data-science-internship:3265365,New,,,,,2026-09-02T00:10:58+00:00,2026-09-02T00:10:58+00:00
internshala:data-science-internship:3265360,New,,,,,2026-09-02T00:10:58+00:00,2026-09-02T00:10:58+00:00
internshala:data-science-internship:3265349,New,,,,,2026-09-02T00:10:58+00:00,2026-09-02T00:10:58+00:00
internshala:data-science-internship:3265348,New,,,,,2026-09-02T00:10:58+00:00,2026-09-02T00:10:58+00:00
internshala:data-science-internship:3265243,New,,,,,2026-09-02T00:10:58+00:00,2026-09-02T00:10:58+00:00
internshala:data-science-internship:3265490,New,,,,,2026-09-02T00:10:58+00:00,2026-09-02T00:10:58+00:00
internshala:machine-learning-internship:3261134,New,,,,,2026-09-02T00:10:57+00:00,2026-09-02T00:10:57+00:00
internshala:machine-learning-internship:3265712,New,,,,,2026-09-02T00:10:57+00:00,2026-09-02T00:10:57+00:00
internshala:machine-learning-internship:3265640,New,,,,,2026-09-02T00:10:57+00:00,2026-09-02T00:10:57+00:00
internshala:machine-learning-internship:3265645,New,,,,,2026-09-02T00:10:57+00:00,2026-09-02T00:10:57+00:00
internshala:machine-learning-internship:3265494,New,,,,,2026-09-02T00:10:57+00:00,2026-09-02T00:10:57+00:00
internshala:machine-learning-internship:3264757,New,,,,,2026-09-02T00:10:57+00:00,2026-09-02T00:10:57+00:00
internshala:machine-learning-internship:3265706,New,,,,,2026-09-02T00:10:57+00:00,2026-09-02T00:10:57+00:00
internshala:machine-learning-internship:3265714,New,,,,,2026-09-02T00:10:57+00:00,2026-09-02T00:10:57+00:00
internshala:machine-learning-internship:3265783,New,,,,,2026-09-02T00:10:57+00:00,2026-09-02T00:10:57+00:00
internshala:machine-learning-internship:3265703,New,,,,,2026-09-02T00:10:57+00:00,2026-09-02T00:10:57+00:00
internshala:machine-learning-internship:3265942,New,,,,,2026-09-02T00:10:57+00:00,2026-09-02T00:10:57+00:00
internshala:machine-learning-internship:3265360,New,,,,,2026-09-02T00:10:57+00:00,2026-09-02T00:10:57+00:00
internshala:machine-learning-internship:3265349,New,,,,,2026-09-02T00:10:57+00:00,2026-09-02T00:10:57+00:00
internshala:machine-learning-internship:3265383,New,,,,,2026-09-02T00:10:57+00:00,2026-09-02T00:10:57+00:00
internshala:machine-learning-internship:3265357,New,,,,,2026-09-02T00:10:57+00:00,2026-09-02T00:10:57+00:00
internshala:machine-learning-internship:3265102,New,,,,,2026-09-02T00:10:57+00:00,2026-09-02T00:10:57+00:00
internshala:machine-learning-internship:3265092,New,,,,,2026-09-02T00:10:57+00:00,2026-09-02T00:10:57+00:00
internshala:machine-learning-internship:3265090,New,,,,,2026-09-02T00:10:57+00:00,2026-09-02T00:10:57+00:00
greenhouse:postman:7983961003,New,,,,,2026-09-02T00:10:54+00:00,2026-09-02T00:10:54+00:00
greenhouse:postman:7983896003,New,,,,,2026-09-01T21:00:15+00:00,2026-09-01T21:00:15+00:00
greenhouse:razorpaysoftwareprivatelimited:4729533005,New,,,,,2026-09-01T16:36:48+00:00,2026-09-01T16:36:48+00:00
greenhouse:razorpaysoftwareprivatelimited:4729527005,New,,,,,2026-09-01T16:36:48+00:00,2026-09-01T16:36:48+00:00
workday:nvidia:Equipment-Engineer_JR2019367,New,,,,,2026-09-01T11:38:12+00:00,2026-09-01T11:38:12+00:00
workday:nvidia:Physical-Design--VLSI---New-College-Grad-2027_JR2024940,New,,,,,2026-09-01T11:38:12+00:00,2026-09-01T11:38:12+00:00
workday:nvidia:Manager--Software-Verification---Bluefield-BMC_JR2021058,New,,,,,2026-09-01T11:38:12+00:00,2026-09-01T11:38:12+00:00
workday:nvidia:Senior-Machine-Learning-Engineer--Accelerated-Apache-Spark_JR2024455,New,,,,,2026-09-01T11:38:12+00:00,2026-09-01T11:38:12+00:00
workday:nvidia:Developer-Technology-Engineering-Intern--HPC-and-AI---2027_JR2024509,New,,,,,2026-09-01T11:38:12+00:00,2026-09-01T11:38:12+00:00
workday:nvidia:Senior-Mask-Layout-Design-Engineer_JR2023974-1,New,,,,,2026-09-01T11:38:12+00:00,2026-09-01T11:38:12+00:00
workday:nvidia:Senior-Mixed-Signal-Circuit-Design-Engineer_JR2024210,New,,,,,2026-09-01T11:38:12+00:00,2026-09-01T11:38:12+00:00
workday:nvidia:ASIC-Design-Engineer--RDSS-Intern-_JR2024822,New,,,,,2026-09-01T11:38:12+00:00,2026-09-01T11:38:12+00:00
workday:nvidia:Design-Verification-Engineer--RDSS-Intern-_JR2024681,New,,,,,2026-09-01T11:38:12+00:00,2026-09-01T11:38:12+00:00
workday:nvidia:Developer-Relations-Manager-CIS_JR2024290,New,,,,,2026-09-01T11:38:12+00:00,2026-09-01T11:38:12+00:00
workday:nvidia:Senior-Performance-Engineer---DGX-Cloud_JR2024012,New,,,,,2026-09-01T11:38:12+00:00,2026-09-01T11:38:12+00:00
workday:nvidia:Senior-System-Software-Engineer---GeForce-NOW_JR2024609-1,New,,,,,2026-09-01T11:38:12+00:00,2026-09-01T11:38:12+00:00
workday:nvidia:Data-Center-Infrastructure-Specialist_JR2024594-1,New,,,,,2026-09-01T11:38:12+00:00,2026-09-01T11:38:12+00:00
workday:nvidia:Field-Operations-Specialist---NVIS-Professional-Services_JR2024613-1,New,,,,,2026-09-01T11:38:12+00:00,2026-09-01T11:38:12+00:00
workday:nvidia:Manager--AI-HPC-Infrastructure-Technical-Delivery---India_JR2024696,New,,,,,2026-09-01T11:38:12+00:00,2026-09-01T11:38:12+00:00
workday:nvidia:Senior-High-Performance-Storage-Architect---NVIS_JR2024694,New,,,,,2026-09-01T11:38:12+00:00,2026-09-01T11:38:12+00:00
workday:nvidia:Senior-Software-Technical-Program-Manager_JR2005814-1,New,,,,,2026-09-01T11:38:12+00:00,2026-09-01T11:38:12+00:00
workday:nvidia:Senior-Salesforce-CPQ-Developer_JR2024560-1,New,,,,,2026-09-01T11:38:12+00:00,2026-09-01T11:38:12+00:00
workday:nvidia:Senior-Software-Engineer--Open-Harness-Engineering_JR2024798,New,,,,,2026-09-01T11:38:12+00:00,2026-09-01T11:38:12+00:00
workday:nvidia:Tax-Manager_JR2021343,New,,,,,2026-09-01T11:38:12+00:00,2026-09-01T11:38:12+00:00
workday:salesforce:Territory-Account-Executive-6_JR357339,New,,,,,2026-09-01T11:38:12+00:00,2026-09-01T11:38:12+00:00
workday:salesforce:Tax-Senior-Analyst_JR357579,New,,,,,2026-09-01T11:38:12+00:00,2026-09-01T11:38:12+00:00
workday:salesforce:Salesforce-Technical-Consultant---Life-Sciences_JR358505,New,,,,,2026-09-01T11:38:12+00:00,2026-09-01T11:38:12+00:00
workday:salesforce:Accountant_JR357862-1,New,,,,,2026-09-01T11:38:12+00:00,2026-09-01T11:38:12+00:00
workday:salesforce:Associate-Program-Architect--Full-Stack-Developer---AI-Native-Engineering-_JR358410,New,,,,,2026-09-01T11:38:12+00:00,2026-09-01T11:38:12+00:00
workday:salesforce:Analyst-Accountant-Indirect-Tax_JR356684,New,,,,,2026-09-01T11:38:12+00:00,2026-09-01T11:38:12+00:00
greenhouse:razorpaysoftwareprivatelimited:4727722005,New,,,,,2026-09-01T11:36:06+00:00,2026-09-01T11:36:06+00:00
greenhouse:razorpaysoftwareprivatelimited:4719411005,New,,,,,2026-09-01T11:36:06+00:00,2026-09-01T11:36:06+00:00
workday:nvidia:Senior-Developer-Relations-Manager--Brazil_JR2015846-1,New,,,,,2026-08-31T22:50:54+00:00,2026-08-31T22:50:54+00:00
workday:nvidia:Senior-Engineering-Manager--Infrastructure-Security-Engineering---DGX-Cloud_JR2024800,New,,,,,2026-08-31T22:50:54+00:00,2026-08-31T22:50:54+00:00
workday:nvidia:Developer-Relation-Manager---Edge-AI-and-Robotics_JR2023255,New,,,,,2026-08-31T22:50:54+00:00,2026-08-31T22:50:54+00:00
workday:nvidia:Compiler-Verification-Engineer--Compute-Performance---GPU_JR2024580,New,,,,,2026-08-31T22:50:54+00:00,2026-08-31T22:50:54+00:00
workday:nvidia:Senior-Graphics-Shader-Compiler-Engineer_JR2024686,New,,,,,2026-08-31T22:50:54+00:00,2026-08-31T22:50:54+00:00
workday:nvidia:Senior-Product-Manager--Kubernetes-Accelerated-Runtime_JR2024199,New,,,,,2026-08-31T22:50:54+00:00,2026-08-31T22:50:54+00:00
workday:nvidia:Senior-Systems-Software-Engineer---GeForce-NOW-Cloud_JR2024715,New,,,,,2026-08-31T22:50:54+00:00,2026-08-31T22:50:54+00:00
workday:nvidia:Senior-Developer-Relations-Manager---Omniverse_JR2024639,New,,,,,2026-08-31T22:50:54+00:00,2026-08-31T22:50:54+00:00
workday:nvidia:Senior-Machine-Learning-Engineer--AI-Safety_JR2024679,New,,,,,2026-08-31T22:50:54+00:00,2026-08-31T22:50:54+00:00
workday:nvidia:Senior-Software-R-D-Engineer--ECO-Route---VLSI-EDA_JR2024440,New,,,,,2026-08-31T22:50:54+00:00,2026-08-31T22:50:54+00:00
workday:nvidia:Senior-Software-Development-Engineer-in-Test_JR2020431,New,,,,,2026-08-31T22:50:54+00:00,2026-08-31T22:50:54+00:00
workday:nvidia:Senior-DevOps-Engineer_JR2024256,New,,,,,2026-08-31T22:50:54+00:00,2026-08-31T22:50:54+00:00
workday:nvidia:Senior-Software-Engineer--CUDA-UMD---Graphs-and-GPU-Sharing_JR2014056,New,,,,,2026-08-31T22:50:54+00:00,2026-08-31T22:50:54+00:00
workday:nvidia:Principal-Engineer--CUDA-UMD---Kernel-Scheduling_JR2014055,New,,,,,2026-08-31T22:50:54+00:00,2026-08-31T22:50:54+00:00
workday:nvidia:Senior-System-Software-Engineer---CUDA-Chips_JR2013322,New,,,,,2026-08-31T22:50:54+00:00,2026-08-31T22:50:54+00:00
workday:nvidia:Senior-Software-Engineer--CUDA-Deep-Learning-Systems_JR2022830,New,,,,,2026-08-31T22:50:54+00:00,2026-08-31T22:50:54+00:00
workday:nvidia:Senior-Software-Development-Engineer-in-Test---Datacenter-Server-OS_JR2023906,New,,,,,2026-08-31T22:50:54+00:00,2026-08-31T22:50:54+00:00
workday:nvidia:Senior-Systems-Software-Engineer--CUDA-Driver_JR2009427,New,,,,,2026-08-31T22:50:54+00:00,2026-08-31T22:50:54+00:00
workday:nvidia:Senior-SWQA-Test-Development-Engineer_JR2015038,New,,,,,2026-08-31T22:50:54+00:00,2026-08-31T22:50:54+00:00
workday:salesforce:Senior-Writer---Editor_JR356498,New,,,,,2026-08-31T22:50:54+00:00,2026-08-31T22:50:54+00:00
workday:salesforce:Senior-Manager-Recruiting_JR358070,New,,,,,2026-08-31T22:50:54+00:00,2026-08-31T22:50:54+00:00
internshala:machine-learning-internship:3264792,New,,,,,2026-08-31T22:48:34+00:00,2026-08-31T22:48:34+00:00
internshala:machine-learning-internship:3264762,New,,,,,2026-08-31T22:48:34+00:00,2026-08-31T22:48:34+00:00
internshala:machine-learning-internship:3264825,New,,,,,2026-08-31T22:48:34+00:00,2026-08-31T22:48:34+00:00
internshala:machine-learning-internship:3264469,New,,,,,2026-08-31T22:48:34+00:00,2026-08-31T22:48:34+00:00
internshala:machine-learning-internship:3264415,New,,,,,2026-08-31T22:48:34+00:00,2026-08-31T22:48:34+00:00
internshala:machine-learning-internship:3264523,New,,,,,2026-08-31T22:48:34+00:00,2026-08-31T22:48:34+00:00
internshala:machine-learning-internship:3243267,New,,,,,2026-08-31T22:48:34+00:00,2026-08-31T22:48:34+00:00
internshala:machine-learning-internship:3264281,New,,,,,2026-08-31T22:48:34+00:00,2026-08-31T22:48:34+00:00
internshala:machine-learning-internship:3264273,New,,,,,2026-08-31T22:48:34+00:00,2026-08-31T22:48:34+00:00
internshala:artificial-intelligence-ai-internship:3261385,New,,,,,2026-08-31T22:48:34+00:00,2026-08-31T22:48:34+00:00
internshala:artificial-intelligence-ai-internship:3264469,New,,,,,2026-08-31T22:48:34+00:00,2026-08-31T22:48:34+00:00
internshala:artificial-intelligence-ai-internship:3264658,New,,,,,2026-08-31T22:48:34+00:00,2026-08-31T22:48:34+00:00
internshala:artificial-intelligence-ai-internship:3264657,New,,,,,2026-08-31T22:48:34+00:00,2026-08-31T22:48:34+00:00
internshala:artificial-intelligence-ai-internship:3264415,New,,,,,2026-08-31T22:48:34+00:00,2026-08-31T22:48:34+00:00
internshala:artificial-intelligence-ai-internship:3261925,New,,,,,2026-08-31T22:48:34+00:00,2026-08-31T22:48:34+00:00
internshala:artificial-intelligence-ai-internship:3242568,New,,,,,2026-08-31T22:48:34+00:00,2026-08-31T22:48:34+00:00
internshala:artificial-intelligence-ai-internship:3264825,New,,,,,2026-08-31T22:48:34+00:00,2026-08-31T22:48:34+00:00
internshala:artificial-intelligence-ai-internship:3264784,New,,,,,2026-08-31T22:48:34+00:00,2026-08-31T22:48:34+00:00
internshala:artificial-intelligence-ai-internship:3264792,New,,,,,2026-08-31T22:48:34+00:00,2026-08-31T22:48:34+00:00
internshala:artificial-intelligence-ai-internship:3264791,New,,,,,2026-08-31T22:48:34+00:00,2026-08-31T22:48:34+00:00
internshala:artificial-intelligence-ai-internship:3264762,New,,,,,2026-08-31T22:48:34+00:00,2026-08-31T22:48:34+00:00
internshala:artificial-intelligence-ai-internship:3261916,New,,,,,2026-08-31T22:48:34+00:00,2026-08-31T22:48:34+00:00
internshala:artificial-intelligence-ai-internship:3264523,New,,,,,2026-08-31T22:48:34+00:00,2026-08-31T22:48:34+00:00
internshala:artificial-intelligence-ai-internship:3264359,New,,,,,2026-08-31T22:48:34+00:00,2026-08-31T22:48:34+00:00
internshala:artificial-intelligence-ai-internship:3264304,New,,,,,2026-08-31T22:48:34+00:00,2026-08-31T22:48:34+00:00
internshala:artificial-intelligence-ai-internship:3243267,New,,,,,2026-08-31T22:48:34+00:00,2026-08-31T22:48:34+00:00
internshala:artificial-intelligence-ai-internship:3261236,New,,,,,2026-08-31T22:48:34+00:00,2026-08-31T22:48:34+00:00
internshala:artificial-intelligence-ai-internship:3264281,New,,,,,2026-08-31T22:48:34+00:00,2026-08-31T22:48:34+00:00
internshala:artificial-intelligence-ai-internship:3242331,New,,,,,2026-08-31T22:48:34+00:00,2026-08-31T22:48:34+00:00
internshala:data-science-internship:3261385,New,,,,,2026-08-31T22:48:34+00:00,2026-08-31T22:48:34+00:00
internshala:data-science-internship:3264658,New,,,,,2026-08-31T22:48:34+00:00,2026-08-31T22:48:34+00:00
internshala:data-science-internship:3264657,New,,,,,2026-08-31T22:48:34+00:00,2026-08-31T22:48:34+00:00
internshala:data-science-internship:3264415,New,,,,,2026-08-31T22:48:34+00:00,2026-08-31T22:48:34+00:00
internshala:data-science-internship:3264824,New,,,,,2026-08-31T22:48:34+00:00,2026-08-31T22:48:34+00:00
internshala:data-science-internship:3264469,New,,,,,2026-08-31T22:48:34+00:00,2026-08-31T22:48:34+00:00
internshala:data-science-internship:3261925,New,,,,,2026-08-31T22:48:34+00:00,2026-08-31T22:48:34+00:00
internshala:data-science-internship:3242568,New,,,,,2026-08-31T22:48:34+00:00,2026-08-31T22:48:34+00:00
internshala:data-science-internship:3264825,New,,,,,2026-08-31T22:48:34+00:00,2026-08-31T22:48:34+00:00
internshala:data-science-internship:3264784,New,,,,,2026-08-31T22:48:34+00:00,2026-08-31T22:48:34+00:00
internshala:data-science-internship:3264799,New,,,,,2026-08-31T22:48:34+00:00,2026-08-31T22:48:34+00:00
internshala:data-science-internship:3264792,New,,,,,2026-08-31T22:48:34+00:00,2026-08-31T22:48:34+00:00
internshala:data-science-internship:3264791,New,,,,,2026-08-31T22:48:34+00:00,2026-08-31T22:48:34+00:00
internshala:data-science-internship:3264763,New,,,,,2026-08-31T22:48:34+00:00,2026-08-31T22:48:34+00:00
internshala:data-science-internship:3264762,New,,,,,2026-08-31T22:48:34+00:00,2026-08-31T22:48:34+00:00
internshala:data-science-internship:3261916,New,,,,,2026-08-31T22:48:34+00:00,2026-08-31T22:48:34+00:00
internshala:data-science-internship:3260327,New,,,,,2026-08-31T22:48:34+00:00,2026-08-31T22:48:34+00:00
internshala:data-science-internship:3264523,New,,,,,2026-08-31T22:48:34+00:00,2026-08-31T22:48:34+00:00
internshala:data-science-internship:3264359,New,,,,,2026-08-31T22:48:34+00:00,2026-08-31T22:48:34+00:00
internshala:data-science-internship:3264304,New,,,,,2026-08-31T22:48:34+00:00,2026-08-31T22:48:34+00:00
internshala:data-science-internship:3243267,New,,,,,2026-08-31T22:48:34+00:00,2026-08-31T22:48:34+00:00
internshala:data-science-internship:3261755,New,,,,,2026-08-31T22:48:34+00:00,2026-08-31T22:48:34+00:00
internshala:data-science-internship:3261236,New,,,,,2026-08-31T22:48:34+00:00,2026-08-31T22:48:34+00:00
internshala:data-science-internship:3264281,New,,,,,2026-08-31T22:48:34+00:00,2026-08-31T22:48:34+00:00
internshala:data-science-internship:3264270,New,,,,,2026-08-31T22:48:34+00:00,2026-08-31T22:48:34+00:00
internshala:data-science-internship:3242331,New,,,,,2026-08-31T22:48:34+00:00,2026-08-31T22:48:34+00:00
greenhouse:postman:7979886003,New,,,,,2026-08-31T17:36:23+00:00,2026-08-31T17:36:23+00:00
greenhouse:razorpaysoftwareprivatelimited:4729051005,New,,,,,2026-08-31T17:36:23+00:00,2026-08-31T17:36:23+00:00
workday:nvidia:Senior-Business-Systems-Analyst--SAP-Manufacturing-Supply-Chain-R-D_JR2024069,New,,,,,2026-08-31T08:39:18+00:00,2026-08-31T08:39:18+00:00
workday:nvidia:Senior-DevOps-Engineer---E-commerce_JR2021184,New,,,,,2026-08-31T08:39:18+00:00,2026-08-31T08:39:18+00:00
workday:nvidia:Senior-Business-Intelligence-Analyst_JR2024502,New,,,,,2026-08-31T08:39:18+00:00,2026-08-31T08:39:18+00:00
workday:nvidia:Senior-System-Software-Architect--HPC-and-AI-Networking_JR1997487,New,,,,,2026-08-31T08:39:18+00:00,2026-08-31T08:39:18+00:00
workday:nvidia:Senior-Manager--Compute-Core-Engineering_JR2024540,New,,,,,2026-08-31T08:39:18+00:00,2026-08-31T08:39:18+00:00
workday:nvidia:Senior-Cybersecurity-AI-Solutions-Engineer_JR2024499-1,New,,,,,2026-08-31T08:39:18+00:00,2026-08-31T08:39:18+00:00
workday:nvidia:Principal-Software-Engineer---Compute-Infrastructure_JR2024369,New,,,,,2026-08-31T08:39:18+00:00,2026-08-31T08:39:18+00:00
workday:nvidia:Executive-Administrative-Assistant_JR2023539-1,New,,,,,2026-08-31T08:39:18+00:00,2026-08-31T08:39:18+00:00
workday:nvidia:Deep-Learning-Solution-Architect---RL-and-Post-training_JR2024056,New,,,,,2026-08-31T08:39:18+00:00,2026-08-31T08:39:18+00:00
workday:nvidia:Senior-Solution-Architect---OEM_JR2024114,New,,,,,2026-08-31T08:39:18+00:00,2026-08-31T08:39:18+00:00
workday:nvidia:Software-Engineering-Intern--Test-Development---2027_JR2023648,New,,,,,2026-08-31T08:39:18+00:00,2026-08-31T08:39:18+00:00
workday:nvidia:Software-Engineering-Intern--Test-Development---2027_JR2023652,New,,,,,2026-08-31T08:39:18+00:00,2026-08-31T08:39:18+00:00
workday:nvidia:System-Software-Engineer--RDSS-Intern-_JR2024500,New,,,,,2026-08-31T08:39:18+00:00,2026-08-31T08:39:18+00:00
workday:nvidia:Principal-Software-Engineer--At-Scale-Reliability-and-Fleet-Intelligence---CSP-Engagements_JR2020320,New,,,,,2026-08-31T08:39:18+00:00,2026-08-31T08:39:18+00:00
workday:salesforce:Vulnerability-Response-Engineer_JR357894-1,New,,,,,2026-08-31T08:39:18+00:00,2026-08-31T08:39:18+00:00
greenhouse:razorpaysoftwareprivatelimited:4713393005,New,,,,,2026-08-31T08:36:59+00:00,2026-08-31T08:36:59+00:00
internshala:data-science-internship:3261166,New,,,,,2026-08-30T21:02:10+00:00,2026-08-30T21:02:10+00:00
internshala:data-science-internship:3262034,New,,,,,2026-08-30T21:02:10+00:00,2026-08-30T21:02:10+00:00
internshala:data-science-internship:3262005,New,,,,,2026-08-30T21:02:10+00:00,2026-08-30T21:02:10+00:00
internshala:data-science-internship:3261991,New,,,,,2026-08-30T21:02:10+00:00,2026-08-30T21:02:10+00:00
internshala:data-science-internship:3261786,New,,,,,2026-08-30T21:02:10+00:00,2026-08-30T21:02:10+00:00
internshala:data-science-internship:3261785,New,,,,,2026-08-30T21:02:10+00:00,2026-08-30T21:02:10+00:00
internshala:data-science-internship:3261774,New,,,,,2026-08-30T21:02:10+00:00,2026-08-30T21:02:10+00:00
internshala:data-science-internship:3261767,New,,,,,2026-08-30T21:02:10+00:00,2026-08-30T21:02:10+00:00
internshala:data-science-internship:3261763,New,,,,,2026-08-30T21:02:10+00:00,2026-08-30T21:02:10+00:00
internshala:data-science-internship:3261760,New,,,,,2026-08-30T21:02:10+00:00,2026-08-30T21:02:10+00:00
internshala:data-science-internship:3261752,New,,,,,2026-08-30T21:02:10+00:00,2026-08-30T21:02:10+00:00
internshala:machine-learning-internship:3261763,New,,,,,2026-08-30T21:02:09+00:00,2026-08-30T21:02:09+00:00
internshala:machine-learning-internship:3261786,New,,,,,2026-08-30T21:02:09+00:00,2026-08-30T21:02:09+00:00
internshala:machine-learning-internship:3261785,New,,,,,2026-08-30T21:02:09+00:00,2026-08-30T21:02:09+00:00
internshala:machine-learning-internship:3261991,New,,,,,2026-08-30T21:02:09+00:00,2026-08-30T21:02:09+00:00
internshala:machine-learning-internship:3261784,New,,,,,2026-08-30T21:02:09+00:00,2026-08-30T21:02:09+00:00
internshala:machine-learning-internship:3261774,New,,,,,2026-08-30T21:02:09+00:00,2026-08-30T21:02:09+00:00
internshala:machine-learning-internship:3261772,New,,,,,2026-08-30T21:02:09+00:00,2026-08-30T21:02:09+00:00
internshala:artificial-intelligence-ai-internship:3261166,New,,,,,2026-08-30T21:02:09+00:00,2026-08-30T21:02:09+00:00
internshala:artificial-intelligence-ai-internship:3261991,New,,,,,2026-08-30T21:02:09+00:00,2026-08-30T21:02:09+00:00
internshala:artificial-intelligence-ai-internship:3261786,New,,,,,2026-08-30T21:02:09+00:00,2026-08-30T21:02:09+00:00
internshala:artificial-intelligence-ai-internship:3261785,New,,,,,2026-08-30T21:02:09+00:00,2026-08-30T21:02:09+00:00
internshala:artificial-intelligence-ai-internship:3261774,New,,,,,2026-08-30T21:02:09+00:00,2026-08-30T21:02:09+00:00
internshala:artificial-intelligence-ai-internship:3261763,New,,,,,2026-08-30T21:02:09+00:00,2026-08-30T21:02:09+00:00
workday:nvidia:Senior-Physical-Design-Backend-Engineer_JR2013712,New,,,,,2026-08-30T13:51:38+00:00,2026-08-30T13:51:38+00:00
workday:nvidia:Senior-Physical-Design-Engineer_JR2012373,New,,,,,2026-08-30T13:51:38+00:00,2026-08-30T13:51:38+00:00
workday:nvidia:IC-Digital-Test-Engineer_JR2021802,New,,,,,2026-08-30T13:51:38+00:00,2026-08-30T13:51:38+00:00
workday:nvidia:Senior-Localization-and-Planning-Engineer---Autonomous-Vehicles_JR2022858,New,,,,,2026-08-30T13:51:38+00:00,2026-08-30T13:51:38+00:00
workday:nvidia:Principal-Product-Manager--Agentic-Workflows----Autonomous-Vehicles_JR2021669,New,,,,,2026-08-30T13:51:38+00:00,2026-08-30T13:51:38+00:00
workday:nvidia:Senior-Systems-Software-Engineer---Autonomous-Vehicles_JR2021504,New,,,,,2026-08-30T13:51:38+00:00,2026-08-30T13:51:38+00:00
workday:nvidia:Senior-Perception-Engineer--Obstacle-Foundation-Models---Autonomous-Vehicles_JR2021078,New,,,,,2026-08-30T13:51:38+00:00,2026-08-30T13:51:38+00:00
workday:nvidia:Production-Manager--Maps---Autonomous-Vehicles_JR2020939-1,New,,,,,2026-08-30T13:51:38+00:00,2026-08-30T13:51:38+00:00
workday:nvidia:Principal-Perception-Engineer--Obstacle-Foundation-Models---Autonomous-Vehicles_JR2020551,New,,,,,2026-08-30T13:51:38+00:00,2026-08-30T13:51:38+00:00
workday:nvidia:Director--Carline-Program-Management---Autonomous-Vehicles_JR2020452,New,,,,,2026-08-30T13:51:38+00:00,2026-08-30T13:51:38+00:00
workday:nvidia:Principal-Software-Engineer--Mapping---Autonomous-Vehicles_JR2020176,New,,,,,2026-08-30T13:51:38+00:00,2026-08-30T13:51:38+00:00
workday:nvidia:Senior-Software-Engineer--Mapping---Autonomous-Vehicles_JR2020174,New,,,,,2026-08-30T13:51:38+00:00,2026-08-30T13:51:38+00:00
workday:nvidia:Senior-Platform-Safety-Analysis-Engineer--HALOs-Platforms---Autonomous-Vehicles_JR2020122,New,,,,,2026-08-30T13:51:38+00:00,2026-08-30T13:51:38+00:00
workday:nvidia:Senior-Software-Engineer--Mapping---Autonomous-Vehicles_JR2019727,New,,,,,2026-08-30T13:51:38+00:00,2026-08-30T13:51:38+00:00
workday:nvidia:Senior-Software-Engineer---Autonomous-Driving_JR2019388,New,,,,,2026-08-30T13:51:38+00:00,2026-08-30T13:51:38+00:00
workday:nvidia:Principal-System-Software-Engineer---AV-Platform_JR2018839,New,,,,,2026-08-30T13:51:38+00:00,2026-08-30T13:51:38+00:00
workday:nvidia:Senior-Systems-Software-Engineer---Autonomous-Vehicles-Platform_JR2018686,New,,,,,2026-08-30T13:51:38+00:00,2026-08-30T13:51:38+00:00
workday:nvidia:Senior-AI-Architect--Foundation-Models-and-SoC-Co-Design---Autonomous-Vehicles_JR2018387,New,,,,,2026-08-30T13:51:38+00:00,2026-08-30T13:51:38+00:00
workday:nvidia:Senior-System-Software-Engineer---AV-Platform_JR2017457,New,,,,,2026-08-30T13:51:38+00:00,2026-08-30T13:51:38+00:00
workday:nvidia:Director--ADAS-User-Experience-Product---Autonomous-Vehicles_JR2016860,New,,,,,2026-08-30T13:51:38+00:00,2026-08-30T13:51:38+00:00
workday:nvidia:Senior-System-Software-Engineer---AV-Platform_JR2016558,New,,,,,2026-08-30T13:51:38+00:00,2026-08-30T13:51:38+00:00
workday:nvidia:Senior-System-Software-Engineer---Autonomous-Vehicles_JR2016469,New,,,,,2026-08-30T13:51:38+00:00,2026-08-30T13:51:38+00:00
workday:nvidia:Senior-Embedded-Software-Engineer---AV-Platform_JR2016466-1,New,,,,,2026-08-30T13:51:38+00:00,2026-08-30T13:51:38+00:00
workday:nvidia:Senior-HPC-Storage-Engineer_JR2014997,New,,,,,2026-08-30T00:20:27+00:00,2026-08-30T00:20:27+00:00
workday:nvidia:Senior-HPC-Cluster-Engineer_JR2014289,New,,,,,2026-08-30T00:20:27+00:00,2026-08-30T00:20:27+00:00
internshala:data-science-internship:3261335,New,,,,,2026-08-29T20:53:33+00:00,2026-08-29T20:53:33+00:00
internshala:data-science-internship:3261190,New,,,,,2026-08-29T20:53:33+00:00,2026-08-29T20:53:33+00:00
internshala:data-science-internship:3261244,New,,,,,2026-08-29T20:53:33+00:00,2026-08-29T20:53:33+00:00
internshala:data-science-internship:3261126,New,,,,,2026-08-29T20:53:33+00:00,2026-08-29T20:53:33+00:00
internshala:data-science-internship:3260967,New,,,,,2026-08-29T20:53:33+00:00,2026-08-29T20:53:33+00:00
internshala:data-science-internship:3260955,New,,,,,2026-08-29T20:53:33+00:00,2026-08-29T20:53:33+00:00
internshala:data-science-internship:3255358,New,,,,,2026-08-29T20:53:33+00:00,2026-08-29T20:53:33+00:00
internshala:data-science-internship:3254975,New,,,,,2026-08-29T20:53:33+00:00,2026-08-29T20:53:33+00:00
internshala:machine-learning-internship:3261190,New,,,,,2026-08-29T20:53:32+00:00,2026-08-29T20:53:32+00:00
internshala:machine-learning-internship:3260958,New,,,,,2026-08-29T20:53:32+00:00,2026-08-29T20:53:32+00:00
internshala:machine-learning-internship:3260955,New,,,,,2026-08-29T20:53:32+00:00,2026-08-29T20:53:32+00:00
internshala:artificial-intelligence-ai-internship:3261190,New,,,,,2026-08-29T20:53:32+00:00,2026-08-29T20:53:32+00:00
internshala:artificial-intelligence-ai-internship:3260955,New,,,,,2026-08-29T20:53:32+00:00,2026-08-29T20:53:32+00:00
workday:nvidia:Characterization-Product-Development-Engineer_JR2021756,New,,,,,2026-08-29T11:05:40+00:00,2026-08-29T11:05:40+00:00
workday:nvidia:Senior-Commodity-Manager---PCB_JR2023077,New,,,,,2026-08-29T11:05:40+00:00,2026-08-29T11:05:40+00:00
workday:nvidia:ATE-Test-Engineer_JR2021950,New,,,,,2026-08-29T11:05:40+00:00,2026-08-29T11:05:40+00:00
workday:nvidia:Senior-Network-Deployment-Engineer--PoP-Management---DGX-Cloud_JR2024739,New,,,,,2026-08-29T11:05:40+00:00,2026-08-29T11:05:40+00:00
workday:nvidia:Senior-Product-Quality-Engineer--Board---Automotive_JR2021690,New,,,,,2026-08-29T11:05:40+00:00,2026-08-29T11:05:40+00:00
workday:nvidia:Senior-Services-Supply-Chain-Inventory-Management-and-Control-Engineer_JR2021477,New,,,,,2026-08-29T11:05:40+00:00,2026-08-29T11:05:40+00:00
workday:nvidia:Senior-Hardware-Product-Quality-Manager--PQM_JR2022611,New,,,,,2026-08-29T11:05:40+00:00,2026-08-29T11:05:40+00:00
workday:nvidia:Staff-Product-Engineer--Manufacturing---Board_JR2022940,New,,,,,2026-08-29T11:05:40+00:00,2026-08-29T11:05:40+00:00
workday:nvidia:Test-Methodology-Engineer_JR2022767,New,,,,,2026-08-29T11:05:40+00:00,2026-08-29T11:05:40+00:00
workday:nvidia:Manager--Product-Development-Engineering---HBM_JR2021325,New,,,,,2026-08-29T11:05:40+00:00,2026-08-29T11:05:40+00:00
workday:nvidia:Senior-Product-Development-Engineer_JR2019271,New,,,,,2026-08-29T11:05:40+00:00,2026-08-29T11:05:40+00:00
workday:nvidia:Senior-Board-Product-Development-Engineer_JR2022464,New,,,,,2026-08-29T11:05:40+00:00,2026-08-29T11:05:40+00:00
workday:nvidia:Senior-NPI-Program-Manager_JR2021498,New,,,,,2026-08-29T11:05:40+00:00,2026-08-29T11:05:40+00:00
workday:nvidia:Principal-System-Engineer--Operations_JR2022354,New,,,,,2026-08-29T11:05:40+00:00,2026-08-29T11:05:40+00:00
workday:nvidia:Staff-Product-Engineer--Manufacturing---Networking_JR2022832-1,New,,,,,2026-08-29T11:05:40+00:00,2026-08-29T11:05:40+00:00
workday:nvidia:Product-Engineer---Datacenter_JR2023146,New,,,,,2026-08-29T11:05:40+00:00,2026-08-29T11:05:40+00:00
workday:nvidia:Senior-Product-Quality-Engineer--Chip---Automotive_JR2022860,New,,,,,2026-08-29T11:05:40+00:00,2026-08-29T11:05:40+00:00
workday:nvidia:Product-Development-Engineer----Post-Si-Characterization_JR2023281,New,,,,,2026-08-29T11:05:40+00:00,2026-08-29T11:05:40+00:00
workday:nvidia:Senior-Commodity-Manager---PCB_JR2023078,New,,,,,2026-08-29T11:05:40+00:00,2026-08-29T11:05:40+00:00
workday:nvidia:Senior-Electrical-Product-Engineer---Datacenter_JR2024103,New,,,,,2026-08-29T11:05:40+00:00,2026-08-29T11:05:40+00:00
workday:nvidia:Senior-Factory-Planner--Repair-Operations_JR2023348,New,,,,,2026-08-29T11:05:40+00:00,2026-08-29T11:05:40+00:00
workday:nvidia:Senior-Technical-Program-Manager--Supply-Chain-Business-Transformation_JR2023862,New,,,,,2026-08-29T11:05:40+00:00,2026-08-29T11:05:40+00:00
workday:nvidia:System-Level-Product-Development-Engineer_JR2023455,New,,,,,2026-08-29T11:05:40+00:00,2026-08-29T11:05:40+00:00
workday:nvidia:Senior-Product-Engineer---Datacenter_JR2023145,New,,,,,2026-08-29T11:05:40+00:00,2026-08-29T11:05:40+00:00
workday:nvidia:Senior-RMA-Customer-Service-Transformation-Engineer_JR2021539,New,,,,,2026-08-29T11:05:40+00:00,2026-08-29T11:05:40+00:00
workday:nvidia:Senior-System-Software-Architect--Autonomous-Vehicles_JR2023578,New,,,,,2026-08-29T11:05:40+00:00,2026-08-29T11:05:40+00:00
workday:nvidia:Senior-Test-Developer---Automotive-Simulation-Testing---Failure-Triage-Lead_JR2022975-1,New,,,,,2026-08-29T11:05:40+00:00,2026-08-29T11:05:40+00:00
workday:nvidia:Deep-Learning-Senior-Engineer--End-To-End-Autonomous-Driving_JR2019758,New,,,,,2026-08-29T11:05:40+00:00,2026-08-29T11:05:40+00:00
workday:nvidia:Senior-Autonomous-Driving-System-Engineer--L4_JR2014562,New,,,,,2026-08-29T11:05:40+00:00,2026-08-29T11:05:40+00:00
workday:nvidia:Director--Engineering---Autonomous-Vehicles_JR2023529,New,,,,,2026-08-29T11:05:40+00:00,2026-08-29T11:05:40+00:00
workday:nvidia:Senior-Technical-Program-Manager---Tegra_JR2024717,New,,,,,2026-08-29T11:05:40+00:00,2026-08-29T11:05:40+00:00
workday:nvidia:Senior-AI-Engineer--High-Performance-AI_JR2024664-1,New,,,,,2026-08-29T11:05:40+00:00,2026-08-29T11:05:40+00:00
workday:salesforce:Senior-Experience-Designer--UI-UX-_JR357395,New,,,,,2026-08-29T11:05:40+00:00,2026-08-29T11:05:40+00:00
workday:salesforce:Director--Global-Incentive-Compensation---Revenue-Planning-Innovation_JR357079,New,,,,,2026-08-29T11:05:40+00:00,2026-08-29T11:05:40+00:00
workday:salesforce:ES-Workday-Operations-Analyst_JR357580,New,,,,,2026-08-29T11:05:40+00:00,2026-08-29T11:05:40+00:00
workday:salesforce:Senior-Product-Manager--Emerging-Technology_JR355248,New,,,,,2026-08-29T11:05:40+00:00,2026-08-29T11:05:40+00:00
workday:nvidia:Manager--Silicon-Operations-Production-Planning_JR2014495-1,New,,,,,2026-08-28T18:40:56+00:00,2026-08-28T18:40:56+00:00
workday:nvidia:Senior-Staff-Site-Reliability-Engineer---Compute-Core-Engineering_JR2024364-1,New,,,,,2026-08-28T18:40:56+00:00,2026-08-28T18:40:56+00:00
workday:nvidia:Senior-Manager--Inception---South-Asia-Region_JR2024311,New,,,,,2026-08-28T18:40:56+00:00,2026-08-28T18:40:56+00:00
workday:nvidia:Data-Center-Infrastructure-Specialist_JR2024595,New,,,,,2026-08-28T18:40:56+00:00,2026-08-28T18:40:56+00:00
workday:nvidia:Senior-System-Test-Engineer_JR2021837,New,,,,,2026-08-28T18:40:56+00:00,2026-08-28T18:40:56+00:00
workday:nvidia:Senior-Solutions-Architect--Higher-Education-and-Research---Open-Models-and-LLM_JR2024411,New,,,,,2026-08-28T18:40:56+00:00,2026-08-28T18:40:56+00:00
workday:nvidia:Senior-Solutions-Architect--Consulting-Partners_JR2024439,New,,,,,2026-08-28T18:40:56+00:00,2026-08-28T18:40:56+00:00
workday:nvidia:Senior-Data-Center-Ethernet-Network-Engineer_JR2024513,New,,,,,2026-08-28T18:40:56+00:00,2026-08-28T18:40:56+00:00
workday:nvidia:Senior-High-Performance-Storage-Engineer_JR2024514,New,,,,,2026-08-28T18:40:56+00:00,2026-08-28T18:40:56+00:00
workday:nvidia:GPU-PCIe-and-Boot-Architect---New-College-Grad-2026_JR2021768,New,,,,,2026-08-28T18:40:56+00:00,2026-08-28T18:40:56+00:00
workday:nvidia:Customer-Business-Operations-Specialist_JR2023294,New,,,,,2026-08-28T18:40:56+00:00,2026-08-28T18:40:56+00:00
workday:nvidia:Senior-CPU-Performance-Developer-Technology-Engineer_JR2003570,New,,,,,2026-08-28T18:40:56+00:00,2026-08-28T18:40:56+00:00
workday:nvidia:Senior-Compute-System-Software-Engineer_JR2022574,New,,,,,2026-08-28T18:40:56+00:00,2026-08-28T18:40:56+00:00
workday:nvidia:Senior-SWQA-Test-Developer-Engineer--SDET_JR2024507,New,,,,,2026-08-28T18:40:56+00:00,2026-08-28T18:40:56+00:00
workday:nvidia:Android-Software-Engineer--RDSS-Intern-_JR2024408,New,,,,,2026-08-28T18:40:56+00:00,2026-08-28T18:40:56+00:00
workday:nvidia:Senior-Design-for-Manufacturing-Mechanical-Engineer_JR2023591,New,,,,,2026-08-28T18:40:56+00:00,2026-08-28T18:40:56+00:00
workday:nvidia:Senior-Solution-Architect---Sales-AI-Applications_JR2024207-1,New,,,,,2026-08-28T18:40:56+00:00,2026-08-28T18:40:56+00:00
workday:nvidia:Senior-Software-and-System-Architect_JR1993413,New,,,,,2026-08-28T18:40:56+00:00,2026-08-28T18:40:56+00:00
workday:nvidia:Project-Technical-Delivery-Manager_JR2024283,New,,,,,2026-08-28T18:40:56+00:00,2026-08-28T18:40:56+00:00
workday:nvidia:Senior-Customer-Technical-Program-Manager_JR2021470,New,,,,,2026-08-28T18:40:56+00:00,2026-08-28T18:40:56+00:00
workday:nvidia:Manager--Software-Engineering---Cumulus-Linux_JR2018585,New,,,,,2026-08-28T18:40:56+00:00,2026-08-28T18:40:56+00:00
workday:nvidia:Senior-Applied-Research-Scientist--Data-Curation_JR2024365,New,,,,,2026-08-28T18:40:56+00:00,2026-08-28T18:40:56+00:00
workday:nvidia:Senior-Systems-Software-Engineer--Low-Latency-Streaming-Technology---Automotive_JR2024547,New,,,,,2026-08-28T18:40:56+00:00,2026-08-28T18:40:56+00:00
workday:salesforce:Customer-Success-Manager--Higher-Education_JR356786,New,,,,,2026-08-28T18:40:56+00:00,2026-08-28T18:40:56+00:00
workday:salesforce:Summer-2027-Intern---Software-Engineer_JR340771-1,New,,,,,2026-08-28T18:40:56+00:00,2026-08-28T18:40:56+00:00
workday:salesforce:Territory-Account-Executive---SMB_JR355553,New,,,,,2026-08-28T18:40:56+00:00,2026-08-28T18:40:56+00:00
workday:salesforce:Senior-Director--Solution-Engineer_JR357138,New,,,,,2026-08-28T18:40:56+00:00,2026-08-28T18:40:56+00:00
workday:salesforce:Territory-Account-Executive_JR357356,New,,,,,2026-08-28T18:40:56+00:00,2026-08-28T18:40:56+00:00
workday:salesforce:Technical-Support-Engineer_JR358037,New,,,,,2026-08-28T18:40:56+00:00,2026-08-28T18:40:56+00:00
workday:salesforce:ES-Product-Management-Total-Rewards---AI-Innovation-Senior-Manager_JR357608,New,,,,,2026-08-28T18:40:56+00:00,2026-08-28T18:40:56+00:00
internshala:artificial-intelligence-ai-internship:3254870,New,,,,,2026-08-28T18:38:39+00:00,2026-08-28T18:38:39+00:00
internshala:artificial-intelligence-ai-internship:3254857,New,,,,,2026-08-28T18:38:39+00:00,2026-08-28T18:38:39+00:00
internshala:artificial-intelligence-ai-internship:3260430,New,,,,,2026-08-28T18:38:39+00:00,2026-08-28T18:38:39+00:00
internshala:artificial-intelligence-ai-internship:3260269,New,,,,,2026-08-28T18:38:39+00:00,2026-08-28T18:38:39+00:00
internshala:artificial-intelligence-ai-internship:3260341,New,,,,,2026-08-28T18:38:39+00:00,2026-08-28T18:38:39+00:00
internshala:artificial-intelligence-ai-internship:3254859,New,,,,,2026-08-28T18:38:39+00:00,2026-08-28T18:38:39+00:00
internshala:artificial-intelligence-ai-internship:3260387,New,,,,,2026-08-28T18:38:39+00:00,2026-08-28T18:38:39+00:00
internshala:artificial-intelligence-ai-internship:3260301,New,,,,,2026-08-28T18:38:39+00:00,2026-08-28T18:38:39+00:00
internshala:artificial-intelligence-ai-internship:3260352,New,,,,,2026-08-28T18:38:39+00:00,2026-08-28T18:38:39+00:00
internshala:artificial-intelligence-ai-internship:3260354,New,,,,,2026-08-28T18:38:39+00:00,2026-08-28T18:38:39+00:00
internshala:artificial-intelligence-ai-internship:3260109,New,,,,,2026-08-28T18:38:39+00:00,2026-08-28T18:38:39+00:00
internshala:artificial-intelligence-ai-internship:3260094,New,,,,,2026-08-28T18:38:39+00:00,2026-08-28T18:38:39+00:00
internshala:artificial-intelligence-ai-internship:3260060,New,,,,,2026-08-28T18:38:39+00:00,2026-08-28T18:38:39+00:00
internshala:artificial-intelligence-ai-internship:3259556,New,,,,,2026-08-28T18:38:39+00:00,2026-08-28T18:38:39+00:00
internshala:artificial-intelligence-ai-internship:3259609,New,,,,,2026-08-28T18:38:39+00:00,2026-08-28T18:38:39+00:00
internshala:artificial-intelligence-ai-internship:3255358,New,,,,,2026-08-28T18:38:39+00:00,2026-08-28T18:38:39+00:00
internshala:artificial-intelligence-ai-internship:3253817,New,,,,,2026-08-28T18:38:39+00:00,2026-08-28T18:38:39+00:00
internshala:data-science-internship:3260322,New,,,,,2026-08-28T18:38:39+00:00,2026-08-28T18:38:39+00:00
internshala:data-science-internship:3254848,New,,,,,2026-08-28T18:38:39+00:00,2026-08-28T18:38:39+00:00
internshala:data-science-internship:3254857,New,,,,,2026-08-28T18:38:39+00:00,2026-08-28T18:38:39+00:00
internshala:data-science-internship:3260430,New,,,,,2026-08-28T18:38:39+00:00,2026-08-28T18:38:39+00:00
internshala:data-science-internship:3254859,New,,,,,2026-08-28T18:38:39+00:00,2026-08-28T18:38:39+00:00
internshala:data-science-internship:3260269,New,,,,,2026-08-28T18:38:39+00:00,2026-08-28T18:38:39+00:00
internshala:data-science-internship:3260341,New,,,,,2026-08-28T18:38:39+00:00,2026-08-28T18:38:39+00:00
internshala:data-science-internship:3255980,New,,,,,2026-08-28T18:38:39+00:00,2026-08-28T18:38:39+00:00
internshala:data-science-internship:3254870,New,,,,,2026-08-28T18:38:39+00:00,2026-08-28T18:38:39+00:00
internshala:data-science-internship:3259491,New,,,,,2026-08-28T18:38:39+00:00,2026-08-28T18:38:39+00:00
internshala:data-science-internship:3253635,New,,,,,2026-08-28T18:38:39+00:00,2026-08-28T18:38:39+00:00
internshala:data-science-internship:3254973,New,,,,,2026-08-28T18:38:39+00:00,2026-08-28T18:38:39+00:00
internshala:data-science-internship:3259538,New,,,,,2026-08-28T18:38:39+00:00,2026-08-28T18:38:39+00:00
internshala:data-science-internship:3254858,New,,,,,2026-08-28T18:38:39+00:00,2026-08-28T18:38:39+00:00
internshala:data-science-internship:3260234,New,,,,,2026-08-28T18:38:39+00:00,2026-08-28T18:38:39+00:00
internshala:data-science-internship:3260387,New,,,,,2026-08-28T18:38:39+00:00,2026-08-28T18:38:39+00:00
internshala:data-science-internship:3260379,New,,,,,2026-08-28T18:38:39+00:00,2026-08-28T18:38:39+00:00
internshala:data-science-internship:3260301,New,,,,,2026-08-28T18:38:39+00:00,2026-08-28T18:38:39+00:00
internshala:data-science-internship:3260352,New,,,,,2026-08-28T18:38:39+00:00,2026-08-28T18:38:39+00:00
internshala:data-science-internship:3260354,New,,,,,2026-08-28T18:38:39+00:00,2026-08-28T18:38:39+00:00
internshala:data-science-internship:3260351,New,,,,,2026-08-28T18:38:39+00:00,2026-08-28T18:38:39+00:00
internshala:data-science-internship:3260345,New,,,,,2026-08-28T18:38:39+00:00,2026-08-28T18:38:39+00:00
internshala:data-science-internship:3260101,New,,,,,2026-08-28T18:38:39+00:00,2026-08-28T18:38:39+00:00
internshala:data-science-internship:3260094,New,,,,,2026-08-28T18:38:39+00:00,2026-08-28T18:38:39+00:00
internshala:data-science-internship:3260060,New,,,,,2026-08-28T18:38:39+00:00,2026-08-28T18:38:39+00:00
internshala:data-science-internship:3259556,New,,,,,2026-08-28T18:38:39+00:00,2026-08-28T18:38:39+00:00
internshala:data-science-internship:3259609,New,,,,,2026-08-28T18:38:39+00:00,2026-08-28T18:38:39+00:00
internshala:data-science-internship:3259594,New,,,,,2026-08-28T18:38:39+00:00,2026-08-28T18:38:39+00:00
internshala:data-science-internship:3255465,New,,,,,2026-08-28T18:38:39+00:00,2026-08-28T18:38:39+00:00
internshala:machine-learning-internship:3254973,New,,,,,2026-08-28T18:38:38+00:00,2026-08-28T18:38:38+00:00
internshala:machine-learning-internship:3260352,New,,,,,2026-08-28T18:38:38+00:00,2026-08-28T18:38:38+00:00
internshala:machine-learning-internship:3260430,New,,,,,2026-08-28T18:38:38+00:00,2026-08-28T18:38:38+00:00
internshala:machine-learning-internship:3260387,New,,,,,2026-08-28T18:38:38+00:00,2026-08-28T18:38:38+00:00
internshala:machine-learning-internship:3260341,New,,,,,2026-08-28T18:38:38+00:00,2026-08-28T18:38:38+00:00
internshala:machine-learning-internship:3260301,New,,,,,2026-08-28T18:38:38+00:00,2026-08-28T18:38:38+00:00
internshala:machine-learning-internship:3260098,New,,,,,2026-08-28T18:38:38+00:00,2026-08-28T18:38:38+00:00
internshala:machine-learning-internship:3260094,New,,,,,2026-08-28T18:38:38+00:00,2026-08-28T18:38:38+00:00
internshala:machine-learning-internship:3259609,New,,,,,2026-08-28T18:38:38+00:00,2026-08-28T18:38:38+00:00
internshala:machine-learning-internship:3255358,New,,,,,2026-08-28T18:38:38+00:00,2026-08-28T18:38:38+00:00
greenhouse:razorpaysoftwareprivatelimited:4728629005,New,,,,,2026-08-28T18:38:35+00:00,2026-08-28T18:38:35+00:00
greenhouse:postman:7979746003,New,,,,,2026-08-28T06:06:00+00:00,2026-08-28T06:06:00+00:00
workday:nvidia:Compiler-Engineer--Backend--New-College-Grad-2026_JR2017290,New,,,,,2026-08-27T20:31:00+00:00,2026-08-27T20:31:00+00:00
workday:nvidia:University-Recruiting-Manager---Programs-and-Engagement_JR2017484,New,,,,,2026-08-27T20:31:00+00:00,2026-08-27T20:31:00+00:00
workday:nvidia:Senior-Manager--Developer-Relations---Higher-Education-and-Research_JR2024482-1,New,,,,,2026-08-27T20:31:00+00:00,2026-08-27T20:31:00+00:00
workday:nvidia:Senior-Deep-Reinforcement-Learning-Engineer---Autonomous-Driving_JR2022179,New,,,,,2026-08-27T20:31:00+00:00,2026-08-27T20:31:00+00:00
workday:nvidia:Senior-Manager--Storage-Engineering_JR2024280,New,,,,,2026-08-27T20:31:00+00:00,2026-08-27T20:31:00+00:00
workday:nvidia:Senior-Business-Systems-Analyst--SAP-Services-Manufacturing_JR2024068,New,,,,,2026-08-27T20:31:00+00:00,2026-08-27T20:31:00+00:00
workday:nvidia:Senior-Business-System-Analyst--SAP-Logistics-Execution-and-Transportation_JR2024063,New,,,,,2026-08-27T20:31:00+00:00,2026-08-27T20:31:00+00:00
workday:nvidia:Senior-SAP-SD-Business-Analyst_JR2024190-1,New,,,,,2026-08-27T20:31:00+00:00,2026-08-27T20:31:00+00:00
workday:nvidia:Senior-Software-and-System-Architect_JR2024565,New,,,,,2026-08-27T20:31:00+00:00,2026-08-27T20:31:00+00:00
workday:nvidia:Senior-Software-Engineer--AV-Planner---Autonomous-Vehicles_JR2024273-1,New,,,,,2026-08-27T20:31:00+00:00,2026-08-27T20:31:00+00:00
workday:nvidia:Principal-Technical-Program-Manager--Relational-Deep-Learning-Platform-_JR2021843-1,New,,,,,2026-08-27T20:31:00+00:00,2026-08-27T20:31:00+00:00
workday:nvidia:Senior-Product-Security-Compliance-Architect_JR2023917,New,,,,,2026-08-27T20:31:00+00:00,2026-08-27T20:31:00+00:00
workday:nvidia:Deep-Learning-Performance-Architect_JR2023206,New,,,,,2026-08-27T20:31:00+00:00,2026-08-27T20:31:00+00:00
workday:nvidia:AI-Quality-and-Agent-Operations-Analyst---AI-Solutions_JR2024193,New,,,,,2026-08-27T20:31:00+00:00,2026-08-27T20:31:00+00:00
workday:nvidia:Senior-Solutions-Architect--Robotics-Foundation-Model-Training_JR2024367,New,,,,,2026-08-27T20:31:00+00:00,2026-08-27T20:31:00+00:00
workday:nvidia:Applied-AI-Innovation-Engineer---Sales-AI-Applications_JR2024203-1,New,,,,,2026-08-27T20:31:00+00:00,2026-08-27T20:31:00+00:00
workday:nvidia:Senior-Systems-Software-Engineer--CUDA-Driver---Multi-Node-and-Memory-Model_JR2014447,New,,,,,2026-08-27T20:31:00+00:00,2026-08-27T20:31:00+00:00
workday:nvidia:Senior-Power-Integrity-Methodology-CAD-Engineer_JR2017642-1,New,,,,,2026-08-27T20:31:00+00:00,2026-08-27T20:31:00+00:00
workday:nvidia:Senior-Deep-Learning-Solution-Architect_JR2024043,New,,,,,2026-08-27T20:31:00+00:00,2026-08-27T20:31:00+00:00
workday:nvidia:CPU-Performance-Developer-Technology-Engineer_JR2023977,New,,,,,2026-08-27T20:31:00+00:00,2026-08-27T20:31:00+00:00
workday:nvidia:Developer-Technology-Engineering-Intern---2027_JR2024122,New,,,,,2026-08-27T20:31:00+00:00,2026-08-27T20:31:00+00:00
workday:nvidia:Formal-Verification-Engineer_JR2023912,New,,,,,2026-08-27T20:31:00+00:00,2026-08-27T20:31:00+00:00
workday:nvidia:Senior-Solution-Architect--CBU-TPM-for-NCP_JR2024032-1,New,,,,,2026-08-27T20:31:00+00:00,2026-08-27T20:31:00+00:00
workday:nvidia:Senior-Solutions-Architect---CRISP-System_JR2024051,New,,,,,2026-08-27T20:31:00+00:00,2026-08-27T20:31:00+00:00
workday:nvidia:Solutions-Architect---Financial-Services_JR2024033,New,,,,,2026-08-27T20:31:00+00:00,2026-08-27T20:31:00+00:00
workday:nvidia:Solution-Architect---Agentic-AI---CSP_JR2024053,New,,,,,2026-08-27T20:31:00+00:00,2026-08-27T20:31:00+00:00
workday:nvidia:Deep-Learning-Solution-Architect---Agentic-Performance_JR2024018,New,,,,,2026-08-27T20:31:00+00:00,2026-08-27T20:31:00+00:00
workday:nvidia:Senior-Solutions-Architect---ARM-CPU_JR2024040,New,,,,,2026-08-27T20:31:00+00:00,2026-08-27T20:31:00+00:00
workday:nvidia:Senior-Solutions-Architect--CSP-System_JR2024125,New,,,,,2026-08-27T20:31:00+00:00,2026-08-27T20:31:00+00:00
workday:salesforce:Customer-Success-Manager--Senior-Manager---Healthcare---Life-Sciences--Multiple-Levels-_JR326962,New,,,,,2026-08-27T20:31:00+00:00,2026-08-27T20:31:00+00:00
workday:salesforce:Software-Engineering-MTS_JR356833,New,,,,,2026-08-27T20:31:00+00:00,2026-08-27T20:31:00+00:00
workday:salesforce:Software-Engineering-MTS_JR356834,New,,,,,2026-08-27T20:31:00+00:00,2026-08-27T20:31:00+00:00
workday:salesforce:Lead-Technical-Product-Owner--Agentic-Transformation_JR356817,New,,,,,2026-08-27T20:31:00+00:00,2026-08-27T20:31:00+00:00
workday:salesforce:Specialist-Account-Executive---Slack_JR357128,New,,,,,2026-08-27T20:31:00+00:00,2026-08-27T20:31:00+00:00
workday:salesforce:Technical-Support-Engineer-Momentum_JR349384,New,,,,,2026-08-27T20:31:00+00:00,2026-08-27T20:31:00+00:00
workday:salesforce:Technical-Architect_JR355697,New,,,,,2026-08-27T20:31:00+00:00,2026-08-27T20:31:00+00:00
internshala:artificial-intelligence-ai-internship:3253720,New,,,,,2026-08-27T09:43:30+00:00,2026-08-27T09:43:30+00:00
internshala:artificial-intelligence-ai-internship:3253743,New,,,,,2026-08-27T09:43:30+00:00,2026-08-27T09:43:30+00:00
internshala:artificial-intelligence-ai-internship:3211201,New,,,,,2026-08-27T09:43:30+00:00,2026-08-27T09:43:30+00:00
internshala:artificial-intelligence-ai-internship:3254432,New,,,,,2026-08-27T09:43:30+00:00,2026-08-27T09:43:30+00:00
internshala:artificial-intelligence-ai-internship:3253379,New,,,,,2026-08-27T09:43:30+00:00,2026-08-27T09:43:30+00:00
internshala:artificial-intelligence-ai-internship:3253938,New,,,,,2026-08-27T09:43:30+00:00,2026-08-27T09:43:30+00:00
internshala:artificial-intelligence-ai-internship:3253933,New,,,,,2026-08-27T09:43:30+00:00,2026-08-27T09:43:30+00:00
internshala:artificial-intelligence-ai-internship:3253026,New,,,,,2026-08-27T09:43:30+00:00,2026-08-27T09:43:30+00:00
internshala:artificial-intelligence-ai-internship:3253784,New,,,,,2026-08-27T09:43:30+00:00,2026-08-27T09:43:30+00:00
internshala:artificial-intelligence-ai-internship:3253745,New,,,,,2026-08-27T09:43:30+00:00,2026-08-27T09:43:30+00:00
internshala:artificial-intelligence-ai-internship:3253744,New,,,,,2026-08-27T09:43:30+00:00,2026-08-27T09:43:30+00:00
internshala:artificial-intelligence-ai-internship:3253737,New,,,,,2026-08-27T09:43:30+00:00,2026-08-27T09:43:30+00:00
internshala:artificial-intelligence-ai-internship:3253635,New,,,,,2026-08-27T09:43:30+00:00,2026-08-27T09:43:30+00:00
internshala:artificial-intelligence-ai-internship:3253714,New,,,,,2026-08-27T09:43:30+00:00,2026-08-27T09:43:30+00:00
internshala:artificial-intelligence-ai-internship:3253511,New,,,,,2026-08-27T09:43:30+00:00,2026-08-27T09:43:30+00:00
internshala:artificial-intelligence-ai-internship:3253606,New,,,,,2026-08-27T09:43:30+00:00,2026-08-27T09:43:30+00:00
internshala:artificial-intelligence-ai-internship:3252966,New,,,,,2026-08-27T09:43:30+00:00,2026-08-27T09:43:30+00:00
internshala:artificial-intelligence-ai-internship:3253577,New,,,,,2026-08-27T09:43:30+00:00,2026-08-27T09:43:30+00:00
internshala:artificial-intelligence-ai-internship:3253254,New,,,,,2026-08-27T09:43:30+00:00,2026-08-27T09:43:30+00:00
internshala:data-science-internship:3253369,New,,,,,2026-08-27T09:43:30+00:00,2026-08-27T09:43:30+00:00
internshala:data-science-internship:3253788,New,,,,,2026-08-27T09:43:30+00:00,2026-08-27T09:43:30+00:00
internshala:data-science-internship:3254425,New,,,,,2026-08-27T09:43:30+00:00,2026-08-27T09:43:30+00:00
internshala:data-science-internship:3254422,New,,,,,2026-08-27T09:43:30+00:00,2026-08-27T09:43:30+00:00
internshala:data-science-internship:3253658,New,,,,,2026-08-27T09:43:30+00:00,2026-08-27T09:43:30+00:00
internshala:data-science-internship:3253671,New,,,,,2026-08-27T09:43:30+00:00,2026-08-27T09:43:30+00:00
internshala:data-science-internship:3252341,New,,,,,2026-08-27T09:43:30+00:00,2026-08-27T09:43:30+00:00
internshala:data-science-internship:3253722,New,,,,,2026-08-27T09:43:30+00:00,2026-08-27T09:43:30+00:00
internshala:data-science-internship:3253720,New,,,,,2026-08-27T09:43:30+00:00,2026-08-27T09:43:30+00:00
internshala:data-science-internship:3253743,New,,,,,2026-08-27T09:43:30+00:00,2026-08-27T09:43:30+00:00
internshala:data-science-internship:3254448,New,,,,,2026-08-27T09:43:30+00:00,2026-08-27T09:43:30+00:00
internshala:data-science-internship:3211201,New,,,,,2026-08-27T09:43:30+00:00,2026-08-27T09:43:30+00:00
internshala:data-science-internship:3253740,New,,,,,2026-08-27T09:43:30+00:00,2026-08-27T09:43:30+00:00
internshala:data-science-internship:3254432,New,,,,,2026-08-27T09:43:30+00:00,2026-08-27T09:43:30+00:00
internshala:data-science-internship:3254419,New,,,,,2026-08-27T09:43:30+00:00,2026-08-27T09:43:30+00:00
internshala:data-science-internship:3253379,New,,,,,2026-08-27T09:43:30+00:00,2026-08-27T09:43:30+00:00
internshala:data-science-internship:3253938,New,,,,,2026-08-27T09:43:30+00:00,2026-08-27T09:43:30+00:00
internshala:data-science-internship:3253936,New,,,,,2026-08-27T09:43:30+00:00,2026-08-27T09:43:30+00:00
internshala:data-science-internship:3253933,New,,,,,2026-08-27T09:43:30+00:00,2026-08-27T09:43:30+00:00
internshala:data-science-internship:3253930,New,,,,,2026-08-27T09:43:30+00:00,2026-08-27T09:43:30+00:00
internshala:data-science-internship:3253928,New,,,,,2026-08-27T09:43:30+00:00,2026-08-27T09:43:30+00:00
internshala:data-science-internship:3253026,New,,,,,2026-08-27T09:43:30+00:00,2026-08-27T09:43:30+00:00
internshala:data-science-internship:3253786,New,,,,,2026-08-27T09:43:30+00:00,2026-08-27T09:43:30+00:00
internshala:data-science-internship:3253784,New,,,,,2026-08-27T09:43:30+00:00,2026-08-27T09:43:30+00:00
internshala:machine-learning-internship:3254425,New,,,,,2026-08-27T09:43:29+00:00,2026-08-27T09:43:29+00:00
internshala:machine-learning-internship:3253788,New,,,,,2026-08-27T09:43:29+00:00,2026-08-27T09:43:29+00:00
internshala:machine-learning-internship:3253722,New,,,,,2026-08-27T09:43:29+00:00,2026-08-27T09:43:29+00:00
internshala:machine-learning-internship:3211201,New,,,,,2026-08-27T09:43:29+00:00,2026-08-27T09:43:29+00:00
internshala:machine-learning-internship:3252341,New,,,,,2026-08-27T09:43:29+00:00,2026-08-27T09:43:29+00:00
internshala:machine-learning-internship:3254432,New,,,,,2026-08-27T09:43:29+00:00,2026-08-27T09:43:29+00:00
internshala:machine-learning-internship:3254427,New,,,,,2026-08-27T09:43:29+00:00,2026-08-27T09:43:29+00:00
internshala:machine-learning-internship:3253379,New,,,,,2026-08-27T09:43:29+00:00,2026-08-27T09:43:29+00:00
internshala:machine-learning-internship:3253938,New,,,,,2026-08-27T09:43:29+00:00,2026-08-27T09:43:29+00:00
internshala:machine-learning-internship:3253933,New,,,,,2026-08-27T09:43:29+00:00,2026-08-27T09:43:29+00:00
internshala:machine-learning-internship:3253928,New,,,,,2026-08-27T09:43:29+00:00,2026-08-27T09:43:29+00:00
internshala:machine-learning-internship:3253784,New,,,,,2026-08-27T09:43:29+00:00,2026-08-27T09:43:29+00:00
internshala:machine-learning-internship:3253781,New,,,,,2026-08-27T09:43:29+00:00,2026-08-27T09:43:29+00:00
internshala:machine-learning-internship:3253745,New,,,,,2026-08-27T09:43:29+00:00,2026-08-27T09:43:29+00:00
internshala:machine-learning-internship:3253744,New,,,,,2026-08-27T09:43:29+00:00,2026-08-27T09:43:29+00:00
internshala:machine-learning-internship:3253737,New,,,,,2026-08-27T09:43:29+00:00,2026-08-27T09:43:29+00:00
internshala:machine-learning-internship:3253635,New,,,,,2026-08-27T09:43:29+00:00,2026-08-27T09:43:29+00:00
internshala:machine-learning-internship:3253714,New,,,,,2026-08-27T09:43:29+00:00,2026-08-27T09:43:29+00:00
internshala:machine-learning-internship:3253577,New,,,,,2026-08-27T09:43:29+00:00,2026-08-27T09:43:29+00:00
internshala:artificial-intelligence-ai-internship:3253658,New,,,,,2026-08-27T09:43:29+00:00,2026-08-27T09:43:29+00:00
internshala:artificial-intelligence-ai-internship:3253369,New,,,,,2026-08-27T09:43:29+00:00,2026-08-27T09:43:29+00:00
internshala:artificial-intelligence-ai-internship:3253788,New,,,,,2026-08-27T09:43:29+00:00,2026-08-27T09:43:29+00:00
internshala:artificial-intelligence-ai-internship:3252341,New,,,,,2026-08-27T09:43:29+00:00,2026-08-27T09:43:29+00:00
internshala:artificial-intelligence-ai-internship:3253722,New,,,,,2026-08-27T09:43:29+00:00,2026-08-27T09:43:29+00:00
workday:nvidia:Senior-Software-Engineer--NIM-Tools_JR2023423,New,,,,,2026-08-26T23:32:39+00:00,2026-08-26T23:32:39+00:00
workday:nvidia:Senior-Developer-Relations-Manager---ISV_JR2007929-1,New,,,,,2026-08-26T23:32:39+00:00,2026-08-26T23:32:39+00:00
workday:nvidia:Principal-Block-File-Storage-Software-Engineer--Linux---DGX-Cloud_JR2024421,New,,,,,2026-08-26T23:32:39+00:00,2026-08-26T23:32:39+00:00
workday:nvidia:Senior-Hypervisor-and-RTOS-Engineer_JR2024462,New,,,,,2026-08-26T23:32:39+00:00,2026-08-26T23:32:39+00:00
workday:nvidia:Senior-System-Software-Engineer_JR2023334,New,,,,,2026-08-26T23:32:39+00:00,2026-08-26T23:32:39+00:00
workday:nvidia:Principal-System-Power-Management-and-Performance-Architect_JR2022177,New,,,,,2026-08-26T23:32:39+00:00,2026-08-26T23:32:39+00:00
workday:nvidia:Senior-Software-QA-Test-Development-Engineer_JR2007569,New,,,,,2026-08-26T23:32:39+00:00,2026-08-26T23:32:39+00:00
workday:nvidia:Senior-Libraries-Engineer---AI-and-HPC_JR2006812,New,,,,,2026-08-26T23:32:39+00:00,2026-08-26T23:32:39+00:00
workday:nvidia:Senior-Deep-Learning-Researcher--Diffusion_JR2013876,New,,,,,2026-08-26T23:32:39+00:00,2026-08-26T23:32:39+00:00
workday:nvidia:Solutions-Architect--Infrastructure_JR2012776,New,,,,,2026-08-26T23:32:39+00:00,2026-08-26T23:32:39+00:00
workday:nvidia:Senior-Circuit-Design-Engineer_JR2001675,New,,,,,2026-08-26T23:32:39+00:00,2026-08-26T23:32:39+00:00
workday:nvidia:Senior-Circuit-Design-Engineer_JR2012070,New,,,,,2026-08-26T23:32:39+00:00,2026-08-26T23:32:39+00:00
workday:nvidia:Senior-Software-Engineer---AI-Inference-Performance_JR2024262,New,,,,,2026-08-26T23:32:39+00:00,2026-08-26T23:32:39+00:00
workday:nvidia:Senior-Technical-Marketing-Engineer---DSX-AI-Infrastructure-Software_JR2024197,New,,,,,2026-08-26T23:32:39+00:00,2026-08-26T23:32:39+00:00
workday:nvidia:Senior-QA-Software-Engineer--Networking_JR2024418,New,,,,,2026-08-26T23:32:39+00:00,2026-08-26T23:32:39+00:00
workday:nvidia:Senior-QA-Software-Engineer--Networking_JR2024415-1,New,,,,,2026-08-26T23:32:39+00:00,2026-08-26T23:32:39+00:00
workday:nvidia:Product-Engineer--Server_JR2022210,New,,,,,2026-08-26T23:32:39+00:00,2026-08-26T23:32:39+00:00
workday:nvidia:Senior-Test-Methodology-Engineer_JR2021871,New,,,,,2026-08-26T23:32:39+00:00,2026-08-26T23:32:39+00:00
workday:nvidia:Product-Engineer---Server_JR2022862,New,,,,,2026-08-26T23:32:39+00:00,2026-08-26T23:32:39+00:00
workday:nvidia:Substrates-Supply-Chain-Commodity-Manager_JR2022488,New,,,,,2026-08-26T23:32:39+00:00,2026-08-26T23:32:39+00:00
workday:nvidia:System-Test-Engineer_JR2023440,New,,,,,2026-08-26T23:32:39+00:00,2026-08-26T23:32:39+00:00
workday:nvidia:Senior-Software-Engineer---GPU-Server_JR2022680,New,,,,,2026-08-26T23:32:39+00:00,2026-08-26T23:32:39+00:00
workday:nvidia:System-Design-Validation-Engineer--RDSS-Intern-_JR2023644,New,,,,,2026-08-26T23:32:39+00:00,2026-08-26T23:32:39+00:00
workday:nvidia:Enterprise-Software-Test-Development-Engineer--RDSS-Intern-_JR2023995,New,,,,,2026-08-26T23:32:39+00:00,2026-08-26T23:32:39+00:00
workday:nvidia:PCB-Library-Engineer_JR2020746,New,,,,,2026-08-26T23:32:39+00:00,2026-08-26T23:32:39+00:00
workday:nvidia:Global-Account-Manager--Robotics_JR2023558,New,,,,,2026-08-26T23:32:39+00:00,2026-08-26T23:32:39+00:00
workday:nvidia:Product-Quality-Engineer---Automotive-Chip_JR2022698-1,New,,,,,2026-08-26T23:32:39+00:00,2026-08-26T23:32:39+00:00
workday:nvidia:Research-Scientist--AI-RL-and-LLMs_JR2023706,New,,,,,2026-08-26T23:32:39+00:00,2026-08-26T23:32:39+00:00
workday:nvidia:Senior-QA-Automation-Engineer--Network-Simulation-Platform_JR2024414,New,,,,,2026-08-26T23:32:39+00:00,2026-08-26T23:32:39+00:00
workday:nvidia:Mechanical-Design-Team-Manager_JR2023375,New,,,,,2026-08-26T23:32:39+00:00,2026-08-26T23:32:39+00:00
workday:salesforce:Data-Engineer--SMTS---LMTS----MDM_JR347388,New,,,,,2026-08-26T23:32:39+00:00,2026-08-26T23:32:39+00:00
workday:salesforce:Solution-Architect-Senior-Solution-Architect--Marketing-Cloud-Next_JR357688,New,,,,,2026-08-26T23:32:39+00:00,2026-08-26T23:32:39+00:00
workday:salesforce:Senior-Success-Guide_JR310769,New,,,,,2026-08-26T23:32:39+00:00,2026-08-26T23:32:39+00:00
lever:zeta:dad16204-8051-4517-9e50-966f329045b5,New,,,,,2026-08-26T10:50:03+00:00,2026-08-26T10:50:03+00:00
greenhouse:razorpaysoftwareprivatelimited:4727238005,New,,,,,2026-08-26T10:50:02+00:00,2026-08-26T10:50:02+00:00
greenhouse:razorpaysoftwareprivatelimited:4727308005,New,,,,,2026-08-26T10:50:02+00:00,2026-08-26T10:50:02+00:00
workday:nvidia:Startups-Partner-Manager_JR2023583,New,,,,,2026-08-26T09:03:00+00:00,2026-08-26T09:03:00+00:00
workday:nvidia:Test-Engineer---Electrical_JR2023450,New,,,,,2026-08-26T09:03:00+00:00,2026-08-26T09:03:00+00:00
workday:nvidia:SAP-Business-System-Analyst---EWM---Logistics-Execution_JR2024123,New,,,,,2026-08-26T09:03:00+00:00,2026-08-26T09:03:00+00:00
workday:nvidia:Senior-Test-Development-Engineer---Data-Center-System-Software_JR2023903,New,,,,,2026-08-26T09:03:00+00:00,2026-08-26T09:03:00+00:00
workday:nvidia:Enterprise-Software-Test-Development-Engineer--RDSS-Intern-_JR2024001,New,,,,,2026-08-26T09:03:00+00:00,2026-08-26T09:03:00+00:00
workday:nvidia:Principal-Technical-Program-Manager--Autonomous-Driving-Product-Triage-and-KPI-Operations_JR2023288,New,,,,,2026-08-26T09:03:00+00:00,2026-08-26T09:03:00+00:00
workday:nvidia:Business-Development-Manager---Financial-Services-Industry_JR2023999,New,,,,,2026-08-26T09:03:00+00:00,2026-08-26T09:03:00+00:00
workday:nvidia:Senior-Perception-Engineer--Obstacle-Foundation-Models---Autonomous-Vehicles_JR2022401,New,,,,,2026-08-26T09:03:00+00:00,2026-08-26T09:03:00+00:00
workday:nvidia:AI-Developer-Technology-Intern--Robotics---2027_JR2024054-1,New,,,,,2026-08-26T09:03:00+00:00,2026-08-26T09:03:00+00:00
workday:nvidia:Developer-Technology-Engineering-Intern--AI---2027_JR2024258,New,,,,,2026-08-26T09:03:00+00:00,2026-08-26T09:03:00+00:00
workday:nvidia:Operation-Program-Manager_JR2022677-1,New,,,,,2026-08-26T09:03:00+00:00,2026-08-26T09:03:00+00:00
workday:nvidia:Senior-Supplier-Quality-Engineer---Electronic-Components_JR2024403,New,,,,,2026-08-26T09:03:00+00:00,2026-08-26T09:03:00+00:00
workday:nvidia:Senior-Software-Engineer--Developer-Tools-for-Cloud_JR2011154,New,,,,,2026-08-26T09:03:00+00:00,2026-08-26T09:03:00+00:00
workday:nvidia:Solutions-Architect---DevOps_JR2015236,New,,,,,2026-08-26T09:03:00+00:00,2026-08-26T09:03:00+00:00
workday:nvidia:Senior-Supplier-Engineer--Strategic-Sourcing---Advanced-Research_JR2023542,New,,,,,2026-08-26T09:03:00+00:00,2026-08-26T09:03:00+00:00
workday:nvidia:Product-Manager--AI-for-Quantum_JR2023411,New,,,,,2026-08-26T09:03:00+00:00,2026-08-26T09:03:00+00:00
workday:nvidia:Senior-Application-Engineer--HPC-and-AI-for-Physics_JR2023469,New,,,,,2026-08-26T09:03:00+00:00,2026-08-26T09:03:00+00:00
workday:nvidia:Senior-Manager--Software-Engineering---RL-Post-Training-Frameworks_JR2024140,New,,,,,2026-08-26T09:03:00+00:00,2026-08-26T09:03:00+00:00
workday:nvidia:User-Interface---User-Experience-Designer_JR2023755,New,,,,,2026-08-26T09:03:00+00:00,2026-08-26T09:03:00+00:00
workday:nvidia:Senior-Technical-Program-Manager--GPU-Software_JR2024377,New,,,,,2026-08-26T09:03:00+00:00,2026-08-26T09:03:00+00:00
workday:nvidia:Senior-Technical-Program-Manager--GPU-Software_JR2024381-1,New,,,,,2026-08-26T09:03:00+00:00,2026-08-26T09:03:00+00:00
workday:nvidia:Senior-Site-Reliability-Engineer_JR2024251,New,,,,,2026-08-26T09:03:00+00:00,2026-08-26T09:03:00+00:00
workday:nvidia:Senior-Software-Engineer---AV-Platform_JR2023594,New,,,,,2026-08-26T09:03:00+00:00,2026-08-26T09:03:00+00:00
workday:nvidia:Applied-AI-Engineer---Silicon-Co-Design-Group_JR2023526,New,,,,,2026-08-26T09:03:00+00:00,2026-08-26T09:03:00+00:00
workday:nvidia:Senior-Manager--Engineering---Autonomous-Vehicles_JR2023944,New,,,,,2026-08-26T09:03:00+00:00,2026-08-26T09:03:00+00:00
workday:nvidia:ASIC-Physical-Design-Intern---2027_JR2023914,New,,,,,2026-08-26T09:03:00+00:00,2026-08-26T09:03:00+00:00
workday:nvidia:Senior-Technical-Marketing-Engineer---DSX-Content-Strategy-Lead_JR2024196,New,,,,,2026-08-26T09:03:00+00:00,2026-08-26T09:03:00+00:00
workday:nvidia:Senior-Software-Engineer--Network-System-Validation_JR2023247-1,New,,,,,2026-08-26T09:03:00+00:00,2026-08-26T09:03:00+00:00
workday:nvidia:Software-Architect--Network-System-Validation_JR2023705,New,,,,,2026-08-26T09:03:00+00:00,2026-08-26T09:03:00+00:00
workday:nvidia:Firmware-Engineer_JR2023575-1,New,,,,,2026-08-26T09:03:00+00:00,2026-08-26T09:03:00+00:00
workday:nvidia:Linux-Driver-Developer_JR2024027,New,,,,,2026-08-26T09:03:00+00:00,2026-08-26T09:03:00+00:00
workday:nvidia:Principal-Software-Engineer---Infrastructure_JR2024352-1,New,,,,,2026-08-26T09:03:00+00:00,2026-08-26T09:03:00+00:00
workday:salesforce:Senior-Accountant---Indirect-Tax_JR356190,New,,,,,2026-08-26T09:03:00+00:00,2026-08-26T09:03:00+00:00
workday:salesforce:Principal-Researcher--Product-Advisory-Councils_JR357336,New,,,,,2026-08-26T09:03:00+00:00,2026-08-26T09:03:00+00:00
internshala:data-science-internship:2506045,New,,,,,2026-08-26T09:00:47+00:00,2026-08-26T09:00:47+00:00
internshala:data-science-internship:3252716,New,,,,,2026-08-26T09:00:47+00:00,2026-08-26T09:00:47+00:00
internshala:data-science-internship:3252295,New,,,,,2026-08-26T09:00:47+00:00,2026-08-26T09:00:47+00:00
internshala:data-science-internship:3252725,New,,,,,2026-08-26T09:00:47+00:00,2026-08-26T09:00:47+00:00
internshala:data-science-internship:3252923,New,,,,,2026-08-26T09:00:47+00:00,2026-08-26T09:00:47+00:00
internshala:data-science-internship:3252720,New,,,,,2026-08-26T09:00:47+00:00,2026-08-26T09:00:47+00:00
internshala:data-science-internship:3253272,New,,,,,2026-08-26T09:00:47+00:00,2026-08-26T09:00:47+00:00
internshala:data-science-internship:3245586,New,,,,,2026-08-26T09:00:47+00:00,2026-08-26T09:00:47+00:00
internshala:data-science-internship:3252463,New,,,,,2026-08-26T09:00:47+00:00,2026-08-26T09:00:47+00:00
internshala:data-science-internship:3252849,New,,,,,2026-08-26T09:00:47+00:00,2026-08-26T09:00:47+00:00
internshala:data-science-internship:3253279,New,,,,,2026-08-26T09:00:47+00:00,2026-08-26T09:00:47+00:00
internshala:data-science-internship:3251806,New,,,,,2026-08-26T09:00:47+00:00,2026-08-26T09:00:47+00:00
internshala:data-science-internship:3252681,New,,,,,2026-08-26T09:00:47+00:00,2026-08-26T09:00:47+00:00
internshala:data-science-internship:3253332,New,,,,,2026-08-26T09:00:47+00:00,2026-08-26T09:00:47+00:00
internshala:data-science-internship:3253322,New,,,,,2026-08-26T09:00:47+00:00,2026-08-26T09:00:47+00:00
internshala:data-science-internship:3251865,New,,,,,2026-08-26T09:00:47+00:00,2026-08-26T09:00:47+00:00
internshala:data-science-internship:3251988,New,,,,,2026-08-26T09:00:47+00:00,2026-08-26T09:00:47+00:00
internshala:data-science-internship:3250854,New,,,,,2026-08-26T09:00:47+00:00,2026-08-26T09:00:47+00:00
internshala:data-science-internship:3252722,New,,,,,2026-08-26T09:00:47+00:00,2026-08-26T09:00:47+00:00
internshala:data-science-internship:3252648,New,,,,,2026-08-26T09:00:47+00:00,2026-08-26T09:00:47+00:00
internshala:data-science-internship:3252784,New,,,,,2026-08-26T09:00:47+00:00,2026-08-26T09:00:47+00:00
internshala:data-science-internship:3252770,New,,,,,2026-08-26T09:00:47+00:00,2026-08-26T09:00:47+00:00
internshala:data-science-internship:3252766,New,,,,,2026-08-26T09:00:47+00:00,2026-08-26T09:00:47+00:00
internshala:data-science-internship:3252753,New,,,,,2026-08-26T09:00:47+00:00,2026-08-26T09:00:47+00:00
internshala:data-science-internship:3252744,New,,,,,2026-08-26T09:00:47+00:00,2026-08-26T09:00:47+00:00
internshala:data-science-internship:3252734,New,,,,,2026-08-26T09:00:47+00:00,2026-08-26T09:00:47+00:00
internshala:data-science-internship:3252708,New,,,,,2026-08-26T09:00:47+00:00,2026-08-26T09:00:47+00:00
internshala:data-science-internship:3252701,New,,,,,2026-08-26T09:00:47+00:00,2026-08-26T09:00:47+00:00
internshala:machine-learning-internship:3252770,New,,,,,2026-08-26T09:00:46+00:00,2026-08-26T09:00:46+00:00
internshala:machine-learning-internship:3252295,New,,,,,2026-08-26T09:00:46+00:00,2026-08-26T09:00:46+00:00
internshala:machine-learning-internship:3252716,New,,,,,2026-08-26T09:00:46+00:00,2026-08-26T09:00:46+00:00
internshala:machine-learning-internship:3251806,New,,,,,2026-08-26T09:00:46+00:00,2026-08-26T09:00:46+00:00
internshala:machine-learning-internship:3252734,New,,,,,2026-08-26T09:00:46+00:00,2026-08-26T09:00:46+00:00
internshala:machine-learning-internship:3252744,New,,,,,2026-08-26T09:00:46+00:00,2026-08-26T09:00:46+00:00
internshala:machine-learning-internship:3252725,New,,,,,2026-08-26T09:00:46+00:00,2026-08-26T09:00:46+00:00
internshala:machine-learning-internship:3245586,New,,,,,2026-08-26T09:00:46+00:00,2026-08-26T09:00:46+00:00
internshala:machine-learning-internship:3253254,New,,,,,2026-08-26T09:00:46+00:00,2026-08-26T09:00:46+00:00
internshala:machine-learning-internship:3253332,New,,,,,2026-08-26T09:00:46+00:00,2026-08-26T09:00:46+00:00
internshala:machine-learning-internship:3253325,New,,,,,2026-08-26T09:00:46+00:00,2026-08-26T09:00:46+00:00
internshala:machine-learning-internship:3251865,New,,,,,2026-08-26T09:00:46+00:00,2026-08-26T09:00:46+00:00
internshala:machine-learning-internship:3251988,New,,,,,2026-08-26T09:00:46+00:00,2026-08-26T09:00:46+00:00
internshala:machine-learning-internship:3250854,New,,,,,2026-08-26T09:00:46+00:00,2026-08-26T09:00:46+00:00
internshala:machine-learning-internship:3252701,New,,,,,2026-08-26T09:00:46+00:00,2026-08-26T09:00:46+00:00
internshala:artificial-intelligence-ai-internship:3252295,New,,,,,2026-08-26T09:00:46+00:00,2026-08-26T09:00:46+00:00
internshala:artificial-intelligence-ai-internship:3252716,New,,,,,2026-08-26T09:00:46+00:00,2026-08-26T09:00:46+00:00
internshala:artificial-intelligence-ai-internship:3252725,New,,,,,2026-08-26T09:00:46+00:00,2026-08-26T09:00:46+00:00
internshala:artificial-intelligence-ai-internship:3252720,New,,,,,2026-08-26T09:00:46+00:00,2026-08-26T09:00:46+00:00
internshala:artificial-intelligence-ai-internship:3245586,New,,,,,2026-08-26T09:00:46+00:00,2026-08-26T09:00:46+00:00
internshala:artificial-intelligence-ai-internship:3252463,New,,,,,2026-08-26T09:00:46+00:00,2026-08-26T09:00:46+00:00
internshala:artificial-intelligence-ai-internship:3251806,New,,,,,2026-08-26T09:00:46+00:00,2026-08-26T09:00:46+00:00
internshala:artificial-intelligence-ai-internship:3252681,New,,,,,2026-08-26T09:00:46+00:00,2026-08-26T09:00:46+00:00
internshala:artificial-intelligence-ai-internship:3253332,New,,,,,2026-08-26T09:00:46+00:00,2026-08-26T09:00:46+00:00
internshala:artificial-intelligence-ai-internship:3251865,New,,,,,2026-08-26T09:00:46+00:00,2026-08-26T09:00:46+00:00
internshala:artificial-intelligence-ai-internship:3251988,New,,,,,2026-08-26T09:00:46+00:00,2026-08-26T09:00:46+00:00
internshala:artificial-intelligence-ai-internship:3250854,New,,,,,2026-08-26T09:00:46+00:00,2026-08-26T09:00:46+00:00
internshala:artificial-intelligence-ai-internship:3252722,New,,,,,2026-08-26T09:00:46+00:00,2026-08-26T09:00:46+00:00
internshala:artificial-intelligence-ai-internship:3252770,New,,,,,2026-08-26T09:00:46+00:00,2026-08-26T09:00:46+00:00
internshala:artificial-intelligence-ai-internship:3252766,New,,,,,2026-08-26T09:00:46+00:00,2026-08-26T09:00:46+00:00
internshala:artificial-intelligence-ai-internship:3252744,New,,,,,2026-08-26T09:00:46+00:00,2026-08-26T09:00:46+00:00
internshala:artificial-intelligence-ai-internship:3252734,New,,,,,2026-08-26T09:00:46+00:00,2026-08-26T09:00:46+00:00
workday:nvidia:Senior-Product-Manager--HPC-and-AI-for-Physics_JR2023471,New,,,,,2026-08-25T20:46:27+00:00,2026-08-25T20:46:27+00:00
workday:nvidia:System-Software-Engineer--HPC-Performance_JR2023599,New,,,,,2026-08-25T20:46:27+00:00,2026-08-25T20:46:27+00:00
workday:nvidia:Principal-Software-Engineer_JR2024363,New,,,,,2026-08-25T20:46:27+00:00,2026-08-25T20:46:27+00:00
workday:nvidia:Software-Engineer--Performance-Lab-and-Tools_JR2024097,New,,,,,2026-08-25T20:46:27+00:00,2026-08-25T20:46:27+00:00
workday:nvidia:Senior-Software-Engineer--DGX-Cloud-Orchestration_JR2022921,New,,,,,2026-08-25T20:46:27+00:00,2026-08-25T20:46:27+00:00
workday:nvidia:Cell-Modelling-and-Verification-Engineer---New-College-Grad-2026_JR2011631,New,,,,,2026-08-25T20:46:27+00:00,2026-08-25T20:46:27+00:00
workday:nvidia:Senior-Account-Manager--Telecom---Akamai_JR2017465,New,,,,,2026-08-25T20:46:27+00:00,2026-08-25T20:46:27+00:00
workday:nvidia:Senior-System-and-Manufacturing-CoDesign-Architect---Power--Thermal-and-Packaging_JR2021453,New,,,,,2026-08-25T20:46:27+00:00,2026-08-25T20:46:27+00:00
workday:nvidia:Senior-Silicon-Power--Thermal-Validation-and-Methodology-Engineer_JR2021769,New,,,,,2026-08-25T20:46:27+00:00,2026-08-25T20:46:27+00:00
workday:nvidia:Senior-System-Integration-Engineer--Memory_JR2022380,New,,,,,2026-08-25T20:46:27+00:00,2026-08-25T20:46:27+00:00
workday:salesforce:Signature-Success--Sales-Executive_JR357242,New,,,,,2026-08-25T20:46:27+00:00,2026-08-25T20:46:27+00:00
workday:salesforce:Forward-Deployed-Engineer--FDE----Agentforce-Orchestration_JR357427,New,,,,,2026-08-25T20:46:27+00:00,2026-08-25T20:46:27+00:00
workday:salesforce:Forward-Deployed-Engineer--FDE----Data-360_JR357428,New,,,,,2026-08-25T20:46:27+00:00,2026-08-25T20:46:27+00:00
workday:salesforce:Success-Architect---Informatica-MDM_JR356018,New,,,,,2026-08-25T20:46:27+00:00,2026-08-25T20:46:27+00:00
workday:salesforce:Marketplace-Operations-Analyst_JR347545,New,,,,,2026-08-25T20:46:27+00:00,2026-08-25T20:46:27+00:00
workday:salesforce:Product-Security_JR353399,New,,,,,2026-08-25T20:46:27+00:00,2026-08-25T20:46:27+00:00
workday:salesforce:Experience-Design-Lead_JR353752-1,New,,,,,2026-08-25T20:46:27+00:00,2026-08-25T20:46:27+00:00
workday:salesforce:Senior-Technical-Architect--Life-Sciences_JR352828,New,,,,,2026-08-25T20:46:27+00:00,2026-08-25T20:46:27+00:00
workday:salesforce:Migration-Delivery--Deployment-Strategist_JR357407,New,,,,,2026-08-25T20:46:27+00:00,2026-08-25T20:46:27+00:00
workday:salesforce:Named-Account-Executive---Retail---Consumer-Goods_JR357373,New,,,,,2026-08-25T20:46:27+00:00,2026-08-25T20:46:27+00:00
workday:salesforce:Director--Technical-Support-Engineering_JR357013,New,,,,,2026-08-25T20:46:27+00:00,2026-08-25T20:46:27+00:00
internshala:artificial-intelligence-ai-internship:3252027,New,,,,,2026-08-25T08:57:53+00:00,2026-08-25T08:57:53+00:00
internshala:artificial-intelligence-ai-internship:3252017,New,,,,,2026-08-25T08:57:53+00:00,2026-08-25T08:57:53+00:00
internshala:artificial-intelligence-ai-internship:3252595,New,,,,,2026-08-25T08:57:53+00:00,2026-08-25T08:57:53+00:00
internshala:artificial-intelligence-ai-internship:3251689,New,,,,,2026-08-25T08:57:53+00:00,2026-08-25T08:57:53+00:00
internshala:artificial-intelligence-ai-internship:3251692,New,,,,,2026-08-25T08:57:53+00:00,2026-08-25T08:57:53+00:00
internshala:artificial-intelligence-ai-internship:3251999,New,,,,,2026-08-25T08:57:53+00:00,2026-08-25T08:57:53+00:00
internshala:artificial-intelligence-ai-internship:3252346,New,,,,,2026-08-25T08:57:53+00:00,2026-08-25T08:57:53+00:00
internshala:artificial-intelligence-ai-internship:3251822,New,,,,,2026-08-25T08:57:53+00:00,2026-08-25T08:57:53+00:00
internshala:artificial-intelligence-ai-internship:3246205,New,,,,,2026-08-25T08:57:53+00:00,2026-08-25T08:57:53+00:00
internshala:artificial-intelligence-ai-internship:3250812,New,,,,,2026-08-25T08:57:53+00:00,2026-08-25T08:57:53+00:00
internshala:artificial-intelligence-ai-internship:3252275,New,,,,,2026-08-25T08:57:53+00:00,2026-08-25T08:57:53+00:00
internshala:artificial-intelligence-ai-internship:3252299,New,,,,,2026-08-25T08:57:53+00:00,2026-08-25T08:57:53+00:00
internshala:artificial-intelligence-ai-internship:3249083,New,,,,,2026-08-25T08:57:53+00:00,2026-08-25T08:57:53+00:00
internshala:artificial-intelligence-ai-internship:3247409,New,,,,,2026-08-25T08:57:53+00:00,2026-08-25T08:57:53+00:00
internshala:artificial-intelligence-ai-internship:3242566,New,,,,,2026-08-25T08:57:53+00:00,2026-08-25T08:57:53+00:00
internshala:artificial-intelligence-ai-internship:3251363,New,,,,,2026-08-25T08:57:53+00:00,2026-08-25T08:57:53+00:00
internshala:artificial-intelligence-ai-internship:3251727,New,,,,,2026-08-25T08:57:53+00:00,2026-08-25T08:57:53+00:00
internshala:artificial-intelligence-ai-internship:3251707,New,,,,,2026-08-25T08:57:53+00:00,2026-08-25T08:57:53+00:00
internshala:artificial-intelligence-ai-internship:3241922,New,,,,,2026-08-25T08:57:53+00:00,2026-08-25T08:57:53+00:00
internshala:artificial-intelligence-ai-internship:3229920,New,,,,,2026-08-25T08:57:53+00:00,2026-08-25T08:57:53+00:00
internshala:artificial-intelligence-ai-internship:3251444,New,,,,,2026-08-25T08:57:53+00:00,2026-08-25T08:57:53+00:00
internshala:data-science-internship:3252027,New,,,,,2026-08-25T08:57:53+00:00,2026-08-25T08:57:53+00:00
internshala:data-science-internship:3252017,New,,,,,2026-08-25T08:57:53+00:00,2026-08-25T08:57:53+00:00
internshala:data-science-internship:3251689,New,,,,,2026-08-25T08:57:53+00:00,2026-08-25T08:57:53+00:00
internshala:data-science-internship:3251692,New,,,,,2026-08-25T08:57:53+00:00,2026-08-25T08:57:53+00:00
internshala:data-science-internship:3251999,New,,,,,2026-08-25T08:57:53+00:00,2026-08-25T08:57:53+00:00
internshala:data-science-internship:3252346,New,,,,,2026-08-25T08:57:53+00:00,2026-08-25T08:57:53+00:00
internshala:data-science-internship:3251822,New,,,,,2026-08-25T08:57:53+00:00,2026-08-25T08:57:53+00:00
internshala:data-science-internship:3246205,New,,,,,2026-08-25T08:57:53+00:00,2026-08-25T08:57:53+00:00
internshala:data-science-internship:3250812,New,,,,,2026-08-25T08:57:53+00:00,2026-08-25T08:57:53+00:00
internshala:data-science-internship:3252312,New,,,,,2026-08-25T08:57:53+00:00,2026-08-25T08:57:53+00:00
internshala:data-science-internship:3252405,New,,,,,2026-08-25T08:57:53+00:00,2026-08-25T08:57:53+00:00
internshala:data-science-internship:3252275,New,,,,,2026-08-25T08:57:53+00:00,2026-08-25T08:57:53+00:00
internshala:data-science-internship:3252337,New,,,,,2026-08-25T08:57:53+00:00,2026-08-25T08:57:53+00:00
internshala:data-science-internship:3252310,New,,,,,2026-08-25T08:57:53+00:00,2026-08-25T08:57:53+00:00
internshala:data-science-internship:3252299,New,,,,,2026-08-25T08:57:53+00:00,2026-08-25T08:57:53+00:00
internshala:data-science-internship:3252245,New,,,,,2026-08-25T08:57:53+00:00,2026-08-25T08:57:53+00:00
internshala:data-science-internship:3249083,New,,,,,2026-08-25T08:57:53+00:00,2026-08-25T08:57:53+00:00
internshala:data-science-internship:3247409,New,,,,,2026-08-25T08:57:53+00:00,2026-08-25T08:57:53+00:00
internshala:data-science-internship:3242566,New,,,,,2026-08-25T08:57:53+00:00,2026-08-25T08:57:53+00:00
internshala:data-science-internship:3251363,New,,,,,2026-08-25T08:57:53+00:00,2026-08-25T08:57:53+00:00
internshala:data-science-internship:3251745,New,,,,,2026-08-25T08:57:53+00:00,2026-08-25T08:57:53+00:00
internshala:data-science-internship:3251727,New,,,,,2026-08-25T08:57:53+00:00,2026-08-25T08:57:53+00:00
internshala:data-science-internship:3251716,New,,,,,2026-08-25T08:57:53+00:00,2026-08-25T08:57:53+00:00
internshala:data-science-internship:3251707,New,,,,,2026-08-25T08:57:53+00:00,2026-08-25T08:57:53+00:00
internshala:data-science-internship:3241922,New,,,,,2026-08-25T08:57:53+00:00,2026-08-25T08:57:53+00:00
internshala:data-science-internship:3251444,New,,,,,2026-08-25T08:57:53+00:00,2026-08-25T08:57:53+00:00
internshala:machine-learning-internship:3251444,New,,,,,2026-08-25T08:57:52+00:00,2026-08-25T08:57:52+00:00
internshala:machine-learning-internship:3251707,New,,,,,2026-08-25T08:57:52+00:00,2026-08-25T08:57:52+00:00
internshala:machine-learning-internship:3251727,New,,,,,2026-08-25T08:57:52+00:00,2026-08-25T08:57:52+00:00
internshala:machine-learning-internship:3242566,New,,,,,2026-08-25T08:57:52+00:00,2026-08-25T08:57:52+00:00
internshala:machine-learning-internship:3251719,New,,,,,2026-08-25T08:57:52+00:00,2026-08-25T08:57:52+00:00
internshala:machine-learning-internship:3252346,New,,,,,2026-08-25T08:57:52+00:00,2026-08-25T08:57:52+00:00
internshala:machine-learning-internship:3252275,New,,,,,2026-08-25T08:57:52+00:00,2026-08-25T08:57:52+00:00
internshala:machine-learning-internship:3252306,New,,,,,2026-08-25T08:57:52+00:00,2026-08-25T08:57:52+00:00
internshala:machine-learning-internship:3252299,New,,,,,2026-08-25T08:57:52+00:00,2026-08-25T08:57:52+00:00
internshala:machine-learning-internship:3249083,New,,,,,2026-08-25T08:57:52+00:00,2026-08-25T08:57:52+00:00
workday:nvidia:Senior-Staff-Business-Systems-Analyst_JR2024067,New,,,,,2026-08-25T07:08:56+00:00,2026-08-25T07:08:56+00:00
workday:nvidia:Director-of-Events--Flagship-Events_JR2024030,New,,,,,2026-08-25T07:08:56+00:00,2026-08-25T07:08:56+00:00
workday:nvidia:ASIC-Engineering-Intern--Networking-Chip-Design---2027_JR2023920-1,New,,,,,2026-08-25T07:08:56+00:00,2026-08-25T07:08:56+00:00
workday:nvidia:ASIC-Physical-Design-Intern---2027_JR2024050,New,,,,,2026-08-25T07:08:56+00:00,2026-08-25T07:08:56+00:00
workday:nvidia:Principal-Systems-Software-Engineer--Semiconductor-Systems-Inspection_JR2024260,New,,,,,2026-08-25T07:08:56+00:00,2026-08-25T07:08:56+00:00
workday:nvidia:ASIC-Physical-Design-Engineer--RDSS-Intern-_JR2024046,New,,,,,2026-08-25T07:08:56+00:00,2026-08-25T07:08:56+00:00
workday:nvidia:Deep-Learning-Software-Engineering-Intern--Test-Development---2027_JR2023658,New,,,,,2026-08-25T07:08:56+00:00,2026-08-25T07:08:56+00:00
workday:nvidia:Senior-Tools-Development-Engineer_JR2024137,New,,,,,2026-08-25T07:08:56+00:00,2026-08-25T07:08:56+00:00
workday:nvidia:Senior-Cloud-Partner-Marketing-Manager_JR2023297,New,,,,,2026-08-25T07:08:56+00:00,2026-08-25T07:08:56+00:00
workday:nvidia:Tools-Development-Engineer_JR2024017,New,,,,,2026-08-25T07:08:56+00:00,2026-08-25T07:08:56+00:00
workday:nvidia:Senior-Solution-Architect---Sales-AI-Applications_JR2024206,New,,,,,2026-08-25T07:08:56+00:00,2026-08-25T07:08:56+00:00
workday:nvidia:Senior-System-Software-Engineer---AUTOSAR_JR2023391,New,,,,,2026-08-25T07:08:56+00:00,2026-08-25T07:08:56+00:00
workday:nvidia:Technical-Platform-Operations-Lead---Sales-AI-Applications_JR2024167,New,,,,,2026-08-25T07:08:56+00:00,2026-08-25T07:08:56+00:00
workday:nvidia:Senior-Business-Systems-Analyst--FICO_JR2024177,New,,,,,2026-08-25T07:08:56+00:00,2026-08-25T07:08:56+00:00
workday:nvidia:Senior-Events-Manager--Flagship-Events_JR2024031,New,,,,,2026-08-25T07:08:56+00:00,2026-08-25T07:08:56+00:00
workday:nvidia:Senior-Architect--Agentic-AI-for-Marketing_JR2023829-1,New,,,,,2026-08-25T07:08:56+00:00,2026-08-25T07:08:56+00:00
workday:nvidia:Systems-Software-Manager--Display-Driver_JR2024205,New,,,,,2026-08-25T07:08:56+00:00,2026-08-25T07:08:56+00:00
workday:nvidia:Senior-Technical-Marketing-Engineer--Enterprise-AI-Software_JR2020745,New,,,,,2026-08-25T07:08:56+00:00,2026-08-25T07:08:56+00:00
workday:nvidia:Technical-Program-Manager--Local-AI-Agents_JR2024270,New,,,,,2026-08-25T07:08:56+00:00,2026-08-25T07:08:56+00:00
workday:nvidia:Engineering-Manager--Local-AI-Agents_JR2024266,New,,,,,2026-08-25T07:08:56+00:00,2026-08-25T07:08:56+00:00
workday:nvidia:Engineering-Manager--Data-Labeling-Platform_JR2024242,New,,,,,2026-08-25T07:08:56+00:00,2026-08-25T07:08:56+00:00
workday:nvidia:Director--Software-Engineering_JR2023825,New,,,,,2026-08-25T07:08:56+00:00,2026-08-25T07:08:56+00:00
workday:nvidia:System-Software-Engineer--Multi-Node-Analysis_JR2023603,New,,,,,2026-08-25T07:08:56+00:00,2026-08-25T07:08:56+00:00
workday:nvidia:Senior-Automation-and-Tools-Development-Engineer_JR2024094,New,,,,,2026-08-25T07:08:56+00:00,2026-08-25T07:08:56+00:00
workday:nvidia:AI-Automation-Engineer--Security_JR2016797,New,,,,,2026-08-25T07:08:56+00:00,2026-08-25T07:08:56+00:00
workday:nvidia:Senior-Software-Engineer--Fleet-Intelligence-Backend_JR2023946,New,,,,,2026-08-25T07:08:56+00:00,2026-08-25T07:08:56+00:00
workday:nvidia:Senior-Sensor-Hardware-Safety-Engineer_JR2023860,New,,,,,2026-08-25T07:08:56+00:00,2026-08-25T07:08:56+00:00
workday:nvidia:Senior-Deep-Learning-Software-Engineer--DLSim_JR2024154,New,,,,,2026-08-25T07:08:56+00:00,2026-08-25T07:08:56+00:00
workday:nvidia:Senior-Business-System-Analyst---FICO-Costing_JR2024064,New,,,,,2026-08-25T07:08:56+00:00,2026-08-25T07:08:56+00:00
workday:nvidia:Senior-Software-Engineer--Fleet-Intelligence-Agent-Systems_JR2023940,New,,,,,2026-08-25T07:08:56+00:00,2026-08-25T07:08:56+00:00
workday:salesforce:Director--Technical-Consulting_JR355384,New,,,,,2026-08-25T07:08:56+00:00,2026-08-25T07:08:56+00:00
workday:nvidia:Senior-Manager--Treasury-Operations_JR2022561,New,,,,,2026-08-24T19:00:02+00:00,2026-08-24T19:00:02+00:00
workday:nvidia:Senior-Systems-Software-Engineer---Autonomous-Vehicles_JR2015666,New,,,,,2026-08-24T19:00:02+00:00,2026-08-24T19:00:02+00:00
workday:nvidia:Public-Sector-Program-Support_JR2021738,New,,,,,2026-08-24T19:00:02+00:00,2026-08-24T19:00:02+00:00
workday:nvidia:Solutions-Architect--Applied-AI_JR2002944,New,,,,,2026-08-24T19:00:02+00:00,2026-08-24T19:00:02+00:00
workday:nvidia:Software-Solutions-Architect--NVIS_JR2019884-1,New,,,,,2026-08-24T19:00:02+00:00,2026-08-24T19:00:02+00:00
workday:nvidia:Senior-Design-Verification-Engineer---PCIE_JR2023407,New,,,,,2026-08-24T19:00:02+00:00,2026-08-24T19:00:02+00:00
workday:nvidia:System-Software-Engineer---Embedded-Power-Management--RDSS-Intern-_JR2023967,New,,,,,2026-08-24T19:00:02+00:00,2026-08-24T19:00:02+00:00
workday:nvidia:AI-Developer-Technology-Engineer-Intern--AI---2027_JR2024002,New,,,,,2026-08-24T19:00:02+00:00,2026-08-24T19:00:02+00:00
workday:nvidia:Product-Marketing-Manager--NVIDIA-NIM_JR2015402,New,,,,,2026-08-24T19:00:02+00:00,2026-08-24T19:00:02+00:00
workday:nvidia:Senior-Product-Manager--NVIDIA-Mission-Control_JR2017360-1,New,,,,,2026-08-24T19:00:02+00:00,2026-08-24T19:00:02+00:00
workday:nvidia:Senior-SRAM-Engineer_JR2023623,New,,,,,2026-08-24T19:00:02+00:00,2026-08-24T19:00:02+00:00
workday:nvidia:Manager--Solutions-Architecture---Data-Processing_JR2022811-1,New,,,,,2026-08-24T19:00:02+00:00,2026-08-24T19:00:02+00:00
workday:salesforce:Product-Manager--Customer-Success_JR354315,New,,,,,2026-08-24T19:00:02+00:00,2026-08-24T19:00:02+00:00
workday:salesforce:Senior-Benefits---Leave-Specialist_JR349298,New,,,,,2026-08-24T19:00:02+00:00,2026-08-24T19:00:02+00:00
workday:salesforce:Success-Guide---CSM--AMER-Shift_JR356855,New,,,,,2026-08-24T19:00:02+00:00,2026-08-24T19:00:02+00:00
workday:salesforce:Agentic-Operations-Consultant_JR347839,New,,,,,2026-08-24T19:00:02+00:00,2026-08-24T19:00:02+00:00
workday:salesforce:Senior-Manager--Global-Incentive-Compensation-Scale---Transformation_JR355997,New,,,,,2026-08-24T19:00:02+00:00,2026-08-24T19:00:02+00:00
workday:salesforce:Associate-Technical-Consultant_JR357143-1,New,,,,,2026-08-24T19:00:02+00:00,2026-08-24T19:00:02+00:00
workday:salesforce:Technical-Writing-Analyst_JR307857,New,,,,,2026-08-24T19:00:02+00:00,2026-08-24T19:00:02+00:00
workday:salesforce:Space-Planning-Associate-Manager_JR341833,New,,,,,2026-08-24T19:00:02+00:00,2026-08-24T19:00:02+00:00
greenhouse:razorpaysoftwareprivatelimited:4726829005,New,,,,,2026-08-24T10:51:48+00:00,2026-08-24T10:51:48+00:00
greenhouse:razorpaysoftwareprivatelimited:4721861005,New,,,,,2026-08-24T10:51:48+00:00,2026-08-24T10:51:48+00:00
internshala:machine-learning-internship:3250896,New,,,,,2026-08-24T07:18:19+00:00,2026-08-24T07:18:19+00:00
internshala:machine-learning-internship:3250070,New,,,,,2026-08-24T07:18:19+00:00,2026-08-24T07:18:19+00:00
internshala:machine-learning-internship:3250897,New,,,,,2026-08-24T07:18:19+00:00,2026-08-24T07:18:19+00:00
internshala:machine-learning-internship:3251296,New,,,,,2026-08-24T07:18:19+00:00,2026-08-24T07:18:19+00:00
internshala:machine-learning-internship:3251290,New,,,,,2026-08-24T07:18:19+00:00,2026-08-24T07:18:19+00:00
internshala:machine-learning-internship:3251282,New,,,,,2026-08-24T07:18:19+00:00,2026-08-24T07:18:19+00:00
internshala:machine-learning-internship:3250589,New,,,,,2026-08-24T07:18:19+00:00,2026-08-24T07:18:19+00:00
internshala:machine-learning-internship:3250587,New,,,,,2026-08-24T07:18:19+00:00,2026-08-24T07:18:19+00:00
internshala:artificial-intelligence-ai-internship:3249695,New,,,,,2026-08-24T07:18:19+00:00,2026-08-24T07:18:19+00:00
internshala:artificial-intelligence-ai-internship:3249611,New,,,,,2026-08-24T07:18:19+00:00,2026-08-24T07:18:19+00:00
internshala:artificial-intelligence-ai-internship:3250070,New,,,,,2026-08-24T07:18:19+00:00,2026-08-24T07:18:19+00:00
internshala:artificial-intelligence-ai-internship:3250897,New,,,,,2026-08-24T07:18:19+00:00,2026-08-24T07:18:19+00:00
internshala:artificial-intelligence-ai-internship:3250896,New,,,,,2026-08-24T07:18:19+00:00,2026-08-24T07:18:19+00:00
internshala:artificial-intelligence-ai-internship:3250065,New,,,,,2026-08-24T07:18:19+00:00,2026-08-24T07:18:19+00:00
internshala:artificial-intelligence-ai-internship:3251282,New,,,,,2026-08-24T07:18:19+00:00,2026-08-24T07:18:19+00:00
internshala:artificial-intelligence-ai-internship:3250872,New,,,,,2026-08-24T07:18:19+00:00,2026-08-24T07:18:19+00:00
internshala:artificial-intelligence-ai-internship:3250587,New,,,,,2026-08-24T07:18:19+00:00,2026-08-24T07:18:19+00:00
internshala:artificial-intelligence-ai-internship:3250133,New,,,,,2026-08-24T07:18:19+00:00,2026-08-24T07:18:19+00:00
internshala:artificial-intelligence-ai-internship:3250757,New,,,,,2026-08-24T07:18:19+00:00,2026-08-24T07:18:19+00:00
internshala:data-science-internship:3249611,New,,,,,2026-08-24T07:18:19+00:00,2026-08-24T07:18:19+00:00
internshala:data-science-internship:3250070,New,,,,,2026-08-24T07:18:19+00:00,2026-08-24T07:18:19+00:00
internshala:data-science-internship:3250897,New,,,,,2026-08-24T07:18:19+00:00,2026-08-24T07:18:19+00:00
internshala:data-science-internship:3250065,New,,,,,2026-08-24T07:18:19+00:00,2026-08-24T07:18:19+00:00
internshala:data-science-internship:3250896,New,,,,,2026-08-24T07:18:19+00:00,2026-08-24T07:18:19+00:00
internshala:data-science-internship:3249695,New,,,,,2026-08-24T07:18:19+00:00,2026-08-24T07:18:19+00:00
internshala:data-science-internship:3251296,New,,,,,2026-08-24T07:18:19+00:00,2026-08-24T07:18:19+00:00
internshala:data-science-internship:3251282,New,,,,,2026-08-24T07:18:19+00:00,2026-08-24T07:18:19+00:00
internshala:data-science-internship:3250872,New,,,,,2026-08-24T07:18:19+00:00,2026-08-24T07:18:19+00:00
internshala:data-science-internship:3250589,New,,,,,2026-08-24T07:18:19+00:00,2026-08-24T07:18:19+00:00
internshala:data-science-internship:3250587,New,,,,,2026-08-24T07:18:19+00:00,2026-08-24T07:18:19+00:00
internshala:data-science-internship:3250569,New,,,,,2026-08-24T07:18:19+00:00,2026-08-24T07:18:19+00:00
internshala:data-science-internship:3250133,New,,,,,2026-08-24T07:18:19+00:00,2026-08-24T07:18:19+00:00
internshala:data-science-internship:3250757,New,,,,,2026-08-24T07:18:19+00:00,2026-08-24T07:18:19+00:00
workday:nvidia:ASIC-Design-Engineer---RTL-and-Circuits_JR2023989,New,,,,,2026-08-24T05:01:49+00:00,2026-08-24T05:01:49+00:00
workday:nvidia:Senior-Site-Reliability-Engineer_JR2023915,New,,,,,2026-08-24T05:01:49+00:00,2026-08-24T05:01:49+00:00
workday:nvidia:Senior-Site-Reliability-Engineering---Storage_JR2023556,New,,,,,2026-08-24T05:01:49+00:00,2026-08-24T05:01:49+00:00
workday:nvidia:Senior-Technical-Program-Manager--DGX-Cloud-Software---Product-and-Services_JR2023320,New,,,,,2026-08-24T05:01:49+00:00,2026-08-24T05:01:49+00:00
workday:nvidia:NCX-Senior-Engineer_JR2024060,New,,,,,2026-08-24T05:01:49+00:00,2026-08-24T05:01:49+00:00
workday:nvidia:Software-QA-Test-and-Tools-Developer---Automotive-Platform_JR2023573,New,,,,,2026-08-24T05:01:49+00:00,2026-08-24T05:01:49+00:00
workday:salesforce:Member-of-Technical-Staff--Software-Engineering_JR356808,New,,,,,2026-08-24T05:01:49+00:00,2026-08-24T05:01:49+00:00
workday:nvidia:Senior-AI-Agent-Test-Development-Engineer--SDET_JR2023691,New,,,,,2026-08-23T16:43:33+00:00,2026-08-23T16:43:33+00:00
workday:nvidia:Software-Engineering-Intern--Test-Development---2027_JR2023649-1,New,,,,,2026-08-23T16:43:33+00:00,2026-08-23T16:43:33+00:00
workday:nvidia:Solutions-Architect--Vision-AI_JR2023216,New,,,,,2026-08-23T16:43:33+00:00,2026-08-23T16:43:33+00:00
workday:nvidia:Lab-Manager_JR2010787,New,,,,,2026-08-23T16:43:33+00:00,2026-08-23T16:43:33+00:00
workday:nvidia:Senior-Chip-Design-Engineer_JR1985475,New,,,,,2026-08-23T16:43:33+00:00,2026-08-23T16:43:33+00:00
workday:nvidia:Chip-Design-Verification-Engineer_JR2001549,New,,,,,2026-08-23T16:43:33+00:00,2026-08-23T16:43:33+00:00
workday:nvidia:Advanced-Development-Engineer--GPU-Networking_JR2014867,New,,,,,2026-08-23T16:43:33+00:00,2026-08-23T16:43:33+00:00
workday:nvidia:PHY-System-Integration-Engineer_JR2024250,New,,,,,2026-08-23T16:43:33+00:00,2026-08-23T16:43:33+00:00
workday:nvidia:Senior-Firmware-PHY-Verification-Engineer_JR2008166,New,,,,,2026-08-23T16:43:33+00:00,2026-08-23T16:43:33+00:00
internshala:artificial-intelligence-ai-internship:3249986,New,,,,,2026-08-23T06:59:00+00:00,2026-08-23T06:59:00+00:00
internshala:artificial-intelligence-ai-internship:3250568,New,,,,,2026-08-23T06:59:00+00:00,2026-08-23T06:59:00+00:00
internshala:artificial-intelligence-ai-internship:3250086,New,,,,,2026-08-23T06:59:00+00:00,2026-08-23T06:59:00+00:00
internshala:artificial-intelligence-ai-internship:3249937,New,,,,,2026-08-23T06:59:00+00:00,2026-08-23T06:59:00+00:00
internshala:data-science-internship:3250568,New,,,,,2026-08-23T06:59:00+00:00,2026-08-23T06:59:00+00:00
internshala:data-science-internship:3250595,New,,,,,2026-08-23T06:59:00+00:00,2026-08-23T06:59:00+00:00
internshala:data-science-internship:3250594,New,,,,,2026-08-23T06:59:00+00:00,2026-08-23T06:59:00+00:00
internshala:data-science-internship:3249836,New,,,,,2026-08-23T06:59:00+00:00,2026-08-23T06:59:00+00:00
internshala:data-science-internship:3250557,New,,,,,2026-08-23T06:59:00+00:00,2026-08-23T06:59:00+00:00
internshala:data-science-internship:3249937,New,,,,,2026-08-23T06:59:00+00:00,2026-08-23T06:59:00+00:00
internshala:data-science-internship:3249693,New,,,,,2026-08-23T06:59:00+00:00,2026-08-23T06:59:00+00:00
internshala:data-science-internship:3249590,New,,,,,2026-08-23T06:59:00+00:00,2026-08-23T06:59:00+00:00
internshala:machine-learning-internship:3250568,New,,,,,2026-08-23T06:58:59+00:00,2026-08-23T06:58:59+00:00
internshala:machine-learning-internship:3250562,New,,,,,2026-08-23T06:58:59+00:00,2026-08-23T06:58:59+00:00
internshala:machine-learning-internship:3249937,New,,,,,2026-08-23T06:58:59+00:00,2026-08-23T06:58:59+00:00
workday:nvidia:Data-Center-Network-Engineer---NVIS_JR2023673,New,,,,,2026-08-23T03:16:03+00:00,2026-08-23T03:16:03+00:00
workday:nvidia:Senior-System-Software-Engineer--Cloud-Services---GeForce-Now_JR2017441,New,,,,,2026-08-23T03:16:03+00:00,2026-08-23T03:16:03+00:00
workday:nvidia:Senior-Engineering-Manager--Infrastructure-Security-Engineering---DGX-Cloud_JR2023147-1,New,,,,,2026-08-22T14:38:11+00:00,2026-08-22T14:38:11+00:00
workday:nvidia:Senior-Security-Engineer--Infrastructure-Security-Engineering---DGX-Cloud_JR2023143-1,New,,,,,2026-08-22T14:38:11+00:00,2026-08-22T14:38:11+00:00
internshala:artificial-intelligence-ai-internship:3248479,New,,,,,2026-08-22T06:57:23+00:00,2026-08-22T06:57:23+00:00
internshala:artificial-intelligence-ai-internship:3249590,New,,,,,2026-08-22T06:57:23+00:00,2026-08-22T06:57:23+00:00
internshala:artificial-intelligence-ai-internship:3248982,New,,,,,2026-08-22T06:57:23+00:00,2026-08-22T06:57:23+00:00
internshala:artificial-intelligence-ai-internship:3249638,New,,,,,2026-08-22T06:57:23+00:00,2026-08-22T06:57:23+00:00
internshala:artificial-intelligence-ai-internship:3248884,New,,,,,2026-08-22T06:57:23+00:00,2026-08-22T06:57:23+00:00
internshala:artificial-intelligence-ai-internship:3248943,New,,,,,2026-08-22T06:57:23+00:00,2026-08-22T06:57:23+00:00
internshala:artificial-intelligence-ai-internship:3248876,New,,,,,2026-08-22T06:57:23+00:00,2026-08-22T06:57:23+00:00
internshala:artificial-intelligence-ai-internship:3248835,New,,,,,2026-08-22T06:57:23+00:00,2026-08-22T06:57:23+00:00
internshala:artificial-intelligence-ai-internship:3248833,New,,,,,2026-08-22T06:57:23+00:00,2026-08-22T06:57:23+00:00
internshala:artificial-intelligence-ai-internship:3248758,New,,,,,2026-08-22T06:57:23+00:00,2026-08-22T06:57:23+00:00
internshala:artificial-intelligence-ai-internship:3248752,New,,,,,2026-08-22T06:57:23+00:00,2026-08-22T06:57:23+00:00
internshala:artificial-intelligence-ai-internship:3248751,New,,,,,2026-08-22T06:57:23+00:00,2026-08-22T06:57:23+00:00
internshala:artificial-intelligence-ai-internship:3248736,New,,,,,2026-08-22T06:57:23+00:00,2026-08-22T06:57:23+00:00
internshala:artificial-intelligence-ai-internship:3248358,New,,,,,2026-08-22T06:57:23+00:00,2026-08-22T06:57:23+00:00
internshala:artificial-intelligence-ai-internship:3248488,New,,,,,2026-08-22T06:57:23+00:00,2026-08-22T06:57:23+00:00
internshala:artificial-intelligence-ai-internship:3248457,New,,,,,2026-08-22T06:57:23+00:00,2026-08-22T06:57:23+00:00
internshala:data-science-internship:3248814,New,,,,,2026-08-22T06:57:23+00:00,2026-08-22T06:57:23+00:00
internshala:data-science-internship:3248880,New,,,,,2026-08-22T06:57:23+00:00,2026-08-22T06:57:23+00:00
internshala:data-science-internship:3248645,New,,,,,2026-08-22T06:57:23+00:00,2026-08-22T06:57:23+00:00
internshala:data-science-internship:3248491,New,,,,,2026-08-22T06:57:23+00:00,2026-08-22T06:57:23+00:00
internshala:data-science-internship:3249095,New,,,,,2026-08-22T06:57:23+00:00,2026-08-22T06:57:23+00:00
internshala:data-science-internship:3249674,New,,,,,2026-08-22T06:57:23+00:00,2026-08-22T06:57:23+00:00
internshala:data-science-internship:3247611,New,,,,,2026-08-22T06:57:23+00:00,2026-08-22T06:57:23+00:00
internshala:data-science-internship:3248712,New,,,,,2026-08-22T06:57:23+00:00,2026-08-22T06:57:23+00:00
internshala:data-science-internship:3248716,New,,,,,2026-08-22T06:57:23+00:00,2026-08-22T06:57:23+00:00
internshala:data-science-internship:3248479,New,,,,,2026-08-22T06:57:23+00:00,2026-08-22T06:57:23+00:00
internshala:data-science-internship:3248813,New,,,,,2026-08-22T06:57:23+00:00,2026-08-22T06:57:23+00:00
internshala:data-science-internship:3248521,New,,,,,2026-08-22T06:57:23+00:00,2026-08-22T06:57:23+00:00
internshala:data-science-internship:3249672,New,,,,,2026-08-22T06:57:23+00:00,2026-08-22T06:57:23+00:00
internshala:data-science-internship:3249638,New,,,,,2026-08-22T06:57:23+00:00,2026-08-22T06:57:23+00:00
internshala:data-science-internship:3249628,New,,,,,2026-08-22T06:57:23+00:00,2026-08-22T06:57:23+00:00
internshala:data-science-internship:3249101,New,,,,,2026-08-22T06:57:23+00:00,2026-08-22T06:57:23+00:00
internshala:data-science-internship:3248884,New,,,,,2026-08-22T06:57:23+00:00,2026-08-22T06:57:23+00:00
internshala:data-science-internship:3248982,New,,,,,2026-08-22T06:57:23+00:00,2026-08-22T06:57:23+00:00
internshala:data-science-internship:3248952,New,,,,,2026-08-22T06:57:23+00:00,2026-08-22T06:57:23+00:00
internshala:data-science-internship:3248945,New,,,,,2026-08-22T06:57:23+00:00,2026-08-22T06:57:23+00:00
internshala:data-science-internship:3248943,New,,,,,2026-08-22T06:57:23+00:00,2026-08-22T06:57:23+00:00
internshala:data-science-internship:3248876,New,,,,,2026-08-22T06:57:23+00:00,2026-08-22T06:57:23+00:00
internshala:data-science-internship:3248835,New,,,,,2026-08-22T06:57:23+00:00,2026-08-22T06:57:23+00:00
internshala:data-science-internship:3248833,New,,,,,2026-08-22T06:57:23+00:00,2026-08-22T06:57:23+00:00
internshala:data-science-internship:3248777,New,,,,,2026-08-22T06:57:23+00:00,2026-08-22T06:57:23+00:00
internshala:data-science-internship:3248766,New,,,,,2026-08-22T06:57:23+00:00,2026-08-22T06:57:23+00:00
internshala:data-science-internship:3248760,New,,,,,2026-08-22T06:57:23+00:00,2026-08-22T06:57:23+00:00
internshala:data-science-internship:3248758,New,,,,,2026-08-22T06:57:23+00:00,2026-08-22T06:57:23+00:00
internshala:data-science-internship:3248752,New,,,,,2026-08-22T06:57:23+00:00,2026-08-22T06:57:23+00:00
internshala:data-science-internship:3248751,New,,,,,2026-08-22T06:57:23+00:00,2026-08-22T06:57:23+00:00
internshala:data-science-internship:3248736,New,,,,,2026-08-22T06:57:23+00:00,2026-08-22T06:57:23+00:00
internshala:data-science-internship:3248497,New,,,,,2026-08-22T06:57:23+00:00,2026-08-22T06:57:23+00:00
internshala:machine-learning-internship:3248952,New,,,,,2026-08-22T06:57:22+00:00,2026-08-22T06:57:22+00:00
internshala:machine-learning-internship:3248752,New,,,,,2026-08-22T06:57:22+00:00,2026-08-22T06:57:22+00:00
internshala:machine-learning-internship:3248982,New,,,,,2026-08-22T06:57:22+00:00,2026-08-22T06:57:22+00:00
internshala:machine-learning-internship:3248758,New,,,,,2026-08-22T06:57:22+00:00,2026-08-22T06:57:22+00:00
internshala:machine-learning-internship:3248751,New,,,,,2026-08-22T06:57:22+00:00,2026-08-22T06:57:22+00:00
internshala:machine-learning-internship:3248835,New,,,,,2026-08-22T06:57:22+00:00,2026-08-22T06:57:22+00:00
internshala:machine-learning-internship:3249590,New,,,,,2026-08-22T06:57:22+00:00,2026-08-22T06:57:22+00:00
internshala:machine-learning-internship:3248833,New,,,,,2026-08-22T06:57:22+00:00,2026-08-22T06:57:22+00:00
internshala:machine-learning-internship:3249638,New,,,,,2026-08-22T06:57:22+00:00,2026-08-22T06:57:22+00:00
internshala:machine-learning-internship:3249630,New,,,,,2026-08-22T06:57:22+00:00,2026-08-22T06:57:22+00:00
internshala:machine-learning-internship:3248884,New,,,,,2026-08-22T06:57:22+00:00,2026-08-22T06:57:22+00:00
internshala:machine-learning-internship:3248943,New,,,,,2026-08-22T06:57:22+00:00,2026-08-22T06:57:22+00:00
internshala:machine-learning-internship:3248358,New,,,,,2026-08-22T06:57:22+00:00,2026-08-22T06:57:22+00:00
internshala:machine-learning-internship:3248488,New,,,,,2026-08-22T06:57:22+00:00,2026-08-22T06:57:22+00:00
internshala:machine-learning-internship:3248486,New,,,,,2026-08-22T06:57:22+00:00,2026-08-22T06:57:22+00:00
internshala:machine-learning-internship:3248457,New,,,,,2026-08-22T06:57:22+00:00,2026-08-22T06:57:22+00:00
workday:nvidia:Senior-Solutions-Architect--AI-Compute----NPN_JR2015936,New,,,,,2026-08-22T01:50:38+00:00,2026-08-22T01:50:38+00:00
workday:nvidia:Architecture-Energy-Modeling-Engineer---New-College-Grad-2026_JR2023398,New,,,,,2026-08-22T01:50:38+00:00,2026-08-22T01:50:38+00:00
workday:nvidia:Senior-Software-Engineer--RL-Post-Training-Frameworks_JR2015863,New,,,,,2026-08-22T01:50:38+00:00,2026-08-22T01:50:38+00:00
workday:nvidia:Backend-Compiler-Engineer_JR2017221,New,,,,,2026-08-22T01:50:38+00:00,2026-08-22T01:50:38+00:00
workday:nvidia:Systems-Software-Engineer---AI-and-Cloud_JR2024087,New,,,,,2026-08-22T01:50:38+00:00,2026-08-22T01:50:38+00:00
workday:nvidia:Senior-Architecture-Energy-Modeling-Engineer_JR2022457,New,,,,,2026-08-22T01:50:38+00:00,2026-08-22T01:50:38+00:00
workday:nvidia:Senior-Solutions-Architect--NVIDIA-Cloud-Partner-Operations_JR2023582,New,,,,,2026-08-22T01:50:38+00:00,2026-08-22T01:50:38+00:00
workday:nvidia:Senior-Technical-Product-Manager--RAN-Digital-Twin_JR2023956,New,,,,,2026-08-22T01:50:38+00:00,2026-08-22T01:50:38+00:00
workday:nvidia:Senior-Software-Engineer---Python-Numerical-Computing-Libraries_JR2016201,New,,,,,2026-08-22T01:50:38+00:00,2026-08-22T01:50:38+00:00
workday:nvidia:Physical-Design-Power-Optimization-and-Modeling-Engineer_JR2023707,New,,,,,2026-08-22T01:50:38+00:00,2026-08-22T01:50:38+00:00
workday:nvidia:Research-Engineer--Interactive-World-Models---New-College-Grad-2026_JR2023950,New,,,,,2026-08-22T01:50:38+00:00,2026-08-22T01:50:38+00:00
workday:nvidia:Senior-Solutions-Architect--Inference-Service-Providers_JR2023533,New,,,,,2026-08-22T01:50:38+00:00,2026-08-22T01:50:38+00:00
workday:nvidia:Senior-Account-Manager--Consumer-Internet-and-Digital-Natives_JR2022721,New,,,,,2026-08-22T01:50:38+00:00,2026-08-22T01:50:38+00:00
workday:nvidia:Senior-DPU-Test-Development-Engineer--SDET_JR2023701,New,,,,,2026-08-22T01:50:38+00:00,2026-08-22T01:50:38+00:00
workday:salesforce:VP--Customer-Success--Agentforce-and-Data-360_JR356671,New,,,,,2026-08-22T01:50:38+00:00,2026-08-22T01:50:38+00:00
workday:salesforce:Director--Instructors_JR355797,New,,,,,2026-08-22T01:50:38+00:00,2026-08-22T01:50:38+00:00
workday:salesforce:ES-Workday-Reporting-Senior-Analyst_JR357017,New,,,,,2026-08-22T01:50:38+00:00,2026-08-22T01:50:38+00:00
greenhouse:postman:7865524003,New,,,,,2026-08-21T22:39:04+00:00,2026-08-21T22:39:04+00:00
workday:nvidia:Solution-Architect-for-High-Performance-Databases_JR2022792,New,,,,,2026-08-21T10:47:39+00:00,2026-08-21T10:47:39+00:00
workday:nvidia:Deep-Learning-Software-Engineering-Intern--Test-Development---2027_JR2023639,New,,,,,2026-08-21T10:47:39+00:00,2026-08-21T10:47:39+00:00
workday:nvidia:Deep-Learning-Software-Engineering-Intern--Test-Development---2027_JR2023641,New,,,,,2026-08-21T10:47:39+00:00,2026-08-21T10:47:39+00:00
workday:nvidia:Senior-Software-Engineer--Networking-and-Virtualization_JR2023360-1,New,,,,,2026-08-21T10:47:39+00:00,2026-08-21T10:47:39+00:00
workday:nvidia:CUDA-Full-Stack---AI-Test-Dev-Intern---2027_JR2023666-1,New,,,,,2026-08-21T10:47:39+00:00,2026-08-21T10:47:39+00:00
workday:nvidia:Senior-CUDA-Test-Development-Software-Engineer--SDET_JR2023863,New,,,,,2026-08-21T10:47:39+00:00,2026-08-21T10:47:39+00:00
workday:nvidia:Senior-Test-Development-Software-Engineer--SDET_JR2023865,New,,,,,2026-08-21T10:47:39+00:00,2026-08-21T10:47:39+00:00
workday:nvidia:Senior-Technical-Program-Manager_JR2023373,New,,,,,2026-08-21T10:47:39+00:00,2026-08-21T10:47:39+00:00
workday:nvidia:ASIC-Methodology--Flow-and-Integration-Engineer_JR2023990,New,,,,,2026-08-21T10:47:39+00:00,2026-08-21T10:47:39+00:00
workday:nvidia:Software-Engineer--SONiC_JR2023435,New,,,,,2026-08-21T10:47:39+00:00,2026-08-21T10:47:39+00:00
workday:nvidia:Data-Center-Infrastructure-Specialist_JR2017932,New,,,,,2026-08-21T10:47:39+00:00,2026-08-21T10:47:39+00:00
workday:nvidia:Solutions-Architect--Data-Center-MEP_JR2008880,New,,,,,2026-08-21T10:47:39+00:00,2026-08-21T10:47:39+00:00
workday:nvidia:NVIDIA-2027-New-College-Graduate--Deep-Learning-and-High-Performance-Computing-Engineering---China_JR2024107,New,,,,,2026-08-21T10:47:39+00:00,2026-08-21T10:47:39+00:00
workday:nvidia:NVIDIA-2027-New-College-Graduate--Software-Engineering---China_JR2024111,New,,,,,2026-08-21T10:47:39+00:00,2026-08-21T10:47:39+00:00
workday:nvidia:NVIDIA-2027-New-College-Graduate--GPU-Architecture-Engineering---China_JR2024108,New,,,,,2026-08-21T10:47:39+00:00,2026-08-21T10:47:39+00:00
workday:nvidia:NVIDIA-2027-New-College-Graduate--Autonomous-Vehicles-and-Robotics---China_JR2024109,New,,,,,2026-08-21T10:47:39+00:00,2026-08-21T10:47:39+00:00
workday:nvidia:NVIDIA-2027-New-College-Graduate--Hardware-ASIC-Engineering---China_JR2024110,New,,,,,2026-08-21T10:47:39+00:00,2026-08-21T10:47:39+00:00
workday:nvidia:Test-Development-Software-Engineering-Intern---2027_JR2023632,New,,,,,2026-08-21T10:47:39+00:00,2026-08-21T10:47:39+00:00
workday:nvidia:Enterprise-Software-Test-Development-Engineer--RDSS-Intern-_JR2023913,New,,,,,2026-08-21T10:47:39+00:00,2026-08-21T10:47:39+00:00
workday:nvidia:Enterprise-Software-Test-Development-Engineer--RDSS-Intern-_JR2023905,New,,,,,2026-08-21T10:47:39+00:00,2026-08-21T10:47:39+00:00
workday:nvidia:Solutions-Architect--Speech-AI_JR2022330,New,,,,,2026-08-21T10:47:39+00:00,2026-08-21T10:47:39+00:00
workday:nvidia:Solutions-Architect--Data-Center-Infrastructure_JR2023988,New,,,,,2026-08-21T10:47:39+00:00,2026-08-21T10:47:39+00:00
workday:nvidia:Solutions-Architect--NVIDIA-Cloud-Partners_JR2023991,New,,,,,2026-08-21T10:47:39+00:00,2026-08-21T10:47:39+00:00
workday:nvidia:Principal-CPU-Power-Architect_JR2018262,New,,,,,2026-08-21T10:47:39+00:00,2026-08-21T10:47:39+00:00
workday:nvidia:Solutions-Architect_JR2023086,New,,,,,2026-08-21T10:47:39+00:00,2026-08-21T10:47:39+00:00
workday:nvidia:Senior-Data-Center-Cooling-Systems-Engineer_JR2018514,New,,,,,2026-08-21T10:47:39+00:00,2026-08-21T10:47:39+00:00
workday:nvidia:Senior-Manager--Site-Reliability-Engineering_JR2016119,New,,,,,2026-08-21T10:47:39+00:00,2026-08-21T10:47:39+00:00
workday:nvidia:Senior-Software-Engineer--Metropolis-Vision-AI_JR2021019,New,,,,,2026-08-21T10:47:39+00:00,2026-08-21T10:47:39+00:00
workday:nvidia:Senior-Research-Engineer--Interactive-World-Models_JR2023826,New,,,,,2026-08-21T10:47:39+00:00,2026-08-21T10:47:39+00:00
workday:nvidia:Research-Engineer--Interactive-World-Models_JR2023830,New,,,,,2026-08-21T10:47:39+00:00,2026-08-21T10:47:39+00:00
workday:salesforce:Territory-Account-Executive_JR356424,New,,,,,2026-08-21T10:47:39+00:00,2026-08-21T10:47:39+00:00
workday:salesforce:Member-of-Technical-Staff--Software-Engineering_JR356805,New,,,,,2026-08-21T10:47:39+00:00,2026-08-21T10:47:39+00:00
workday:salesforce:Success-Guide---Informatica-Product-experience-mandatory_JR355392-1,New,,,,,2026-08-21T10:47:39+00:00,2026-08-21T10:47:39+00:00
workday:salesforce:Performance-Engineer-LMTS_JR312799,New,,,,,2026-08-21T10:47:39+00:00,2026-08-21T10:47:39+00:00
workday:salesforce:Manager--Finance-Transformation_JR357000,New,,,,,2026-08-21T10:47:39+00:00,2026-08-21T10:47:39+00:00
workday:salesforce:Manager--Finance-Transformation_JR355825,New,,,,,2026-08-21T10:47:39+00:00,2026-08-21T10:47:39+00:00
greenhouse:razorpaysoftwareprivatelimited:4725938005,New,,,,,2026-08-21T10:45:19+00:00,2026-08-21T10:45:19+00:00
internshala:artificial-intelligence-ai-internship:3247702,New,,,,,2026-08-21T04:52:12+00:00,2026-08-21T04:52:12+00:00
internshala:artificial-intelligence-ai-internship:3247524,New,,,,,2026-08-21T04:52:12+00:00,2026-08-21T04:52:12+00:00
internshala:artificial-intelligence-ai-internship:3246949,New,,,,,2026-08-21T04:52:12+00:00,2026-08-21T04:52:12+00:00
internshala:artificial-intelligence-ai-internship:3247525,New,,,,,2026-08-21T04:52:12+00:00,2026-08-21T04:52:12+00:00
internshala:artificial-intelligence-ai-internship:3246997,New,,,,,2026-08-21T04:52:12+00:00,2026-08-21T04:52:12+00:00
internshala:artificial-intelligence-ai-internship:3247582,New,,,,,2026-08-21T04:52:12+00:00,2026-08-21T04:52:12+00:00
internshala:artificial-intelligence-ai-internship:3247845,New,,,,,2026-08-21T04:52:12+00:00,2026-08-21T04:52:12+00:00
internshala:artificial-intelligence-ai-internship:3247717,New,,,,,2026-08-21T04:52:12+00:00,2026-08-21T04:52:12+00:00
internshala:artificial-intelligence-ai-internship:3247103,New,,,,,2026-08-21T04:52:12+00:00,2026-08-21T04:52:12+00:00
internshala:artificial-intelligence-ai-internship:3247516,New,,,,,2026-08-21T04:52:12+00:00,2026-08-21T04:52:12+00:00
internshala:artificial-intelligence-ai-internship:3247504,New,,,,,2026-08-21T04:52:12+00:00,2026-08-21T04:52:12+00:00
internshala:artificial-intelligence-ai-internship:3247498,New,,,,,2026-08-21T04:52:12+00:00,2026-08-21T04:52:12+00:00
internshala:artificial-intelligence-ai-internship:3247497,New,,,,,2026-08-21T04:52:12+00:00,2026-08-21T04:52:12+00:00
internshala:artificial-intelligence-ai-internship:3247481,New,,,,,2026-08-21T04:52:12+00:00,2026-08-21T04:52:12+00:00
internshala:artificial-intelligence-ai-internship:3246995,New,,,,,2026-08-21T04:52:12+00:00,2026-08-21T04:52:12+00:00
internshala:artificial-intelligence-ai-internship:3246971,New,,,,,2026-08-21T04:52:12+00:00,2026-08-21T04:52:12+00:00
internshala:data-science-internship:3247524,New,,,,,2026-08-21T04:52:12+00:00,2026-08-21T04:52:12+00:00
internshala:data-science-internship:3247525,New,,,,,2026-08-21T04:52:12+00:00,2026-08-21T04:52:12+00:00
internshala:data-science-internship:3247702,New,,,,,2026-08-21T04:52:12+00:00,2026-08-21T04:52:12+00:00
internshala:data-science-internship:3247582,New,,,,,2026-08-21T04:52:12+00:00,2026-08-21T04:52:12+00:00
internshala:data-science-internship:3246997,New,,,,,2026-08-21T04:52:12+00:00,2026-08-21T04:52:12+00:00
internshala:data-science-internship:3247039,New,,,,,2026-08-21T04:52:12+00:00,2026-08-21T04:52:12+00:00
internshala:data-science-internship:3247430,New,,,,,2026-08-21T04:52:12+00:00,2026-08-21T04:52:12+00:00
internshala:data-science-internship:3247442,New,,,,,2026-08-21T04:52:12+00:00,2026-08-21T04:52:12+00:00
internshala:data-science-internship:3247866,New,,,,,2026-08-21T04:52:12+00:00,2026-08-21T04:52:12+00:00
internshala:data-science-internship:3247845,New,,,,,2026-08-21T04:52:12+00:00,2026-08-21T04:52:12+00:00
internshala:data-science-internship:3247717,New,,,,,2026-08-21T04:52:12+00:00,2026-08-21T04:52:12+00:00
internshala:data-science-internship:3247644,New,,,,,2026-08-21T04:52:12+00:00,2026-08-21T04:52:12+00:00
internshala:data-science-internship:3247123,New,,,,,2026-08-21T04:52:12+00:00,2026-08-21T04:52:12+00:00
internshala:data-science-internship:3247103,New,,,,,2026-08-21T04:52:12+00:00,2026-08-21T04:52:12+00:00
internshala:data-science-internship:3247413,New,,,,,2026-08-21T04:52:12+00:00,2026-08-21T04:52:12+00:00
internshala:data-science-internship:3247516,New,,,,,2026-08-21T04:52:12+00:00,2026-08-21T04:52:12+00:00
internshala:data-science-internship:3247504,New,,,,,2026-08-21T04:52:12+00:00,2026-08-21T04:52:12+00:00
internshala:data-science-internship:3247498,New,,,,,2026-08-21T04:52:12+00:00,2026-08-21T04:52:12+00:00
internshala:data-science-internship:3247497,New,,,,,2026-08-21T04:52:12+00:00,2026-08-21T04:52:12+00:00
internshala:data-science-internship:3247481,New,,,,,2026-08-21T04:52:12+00:00,2026-08-21T04:52:12+00:00
internshala:data-science-internship:3247461,New,,,,,2026-08-21T04:52:12+00:00,2026-08-21T04:52:12+00:00
internshala:data-science-internship:3247181,New,,,,,2026-08-21T04:52:12+00:00,2026-08-21T04:52:12+00:00
internshala:data-science-internship:3247324,New,,,,,2026-08-21T04:52:12+00:00,2026-08-21T04:52:12+00:00
internshala:data-science-internship:3246180,New,,,,,2026-08-21T04:52:12+00:00,2026-08-21T04:52:12+00:00
internshala:data-science-internship:3247014,New,,,,,2026-08-21T04:52:12+00:00,2026-08-21T04:52:12+00:00
internshala:data-science-internship:3246995,New,,,,,2026-08-21T04:52:12+00:00,2026-08-21T04:52:12+00:00
internshala:data-science-internship:3246259,New,,,,,2026-08-21T04:52:12+00:00,2026-08-21T04:52:12+00:00
internshala:machine-learning-internship:3248354,New,,,,,2026-08-21T04:52:11+00:00,2026-08-21T04:52:11+00:00
internshala:machine-learning-internship:3247497,New,,,,,2026-08-21T04:52:11+00:00,2026-08-21T04:52:11+00:00
internshala:machine-learning-internship:3246949,New,,,,,2026-08-21T04:52:11+00:00,2026-08-21T04:52:11+00:00
internshala:machine-learning-internship:3247504,New,,,,,2026-08-21T04:52:11+00:00,2026-08-21T04:52:11+00:00
internshala:machine-learning-internship:3247481,New,,,,,2026-08-21T04:52:11+00:00,2026-08-21T04:52:11+00:00
internshala:machine-learning-internship:2855357,New,,,,,2026-08-21T04:52:11+00:00,2026-08-21T04:52:11+00:00
internshala:machine-learning-internship:3247845,New,,,,,2026-08-21T04:52:11+00:00,2026-08-21T04:52:11+00:00
internshala:machine-learning-internship:3247717,New,,,,,2026-08-21T04:52:11+00:00,2026-08-21T04:52:11+00:00
internshala:machine-learning-internship:3247008,New,,,,,2026-08-21T04:52:11+00:00,2026-08-21T04:52:11+00:00
internshala:machine-learning-internship:3246995,New,,,,,2026-08-21T04:52:11+00:00,2026-08-21T04:52:11+00:00
workday:nvidia:Verification-Engineer---PCIE_JR2023402,New,,,,,2026-08-20T22:45:04+00:00,2026-08-20T22:45:04+00:00
workday:nvidia:Senior-Data-Center-Engineer_JR2023708,New,,,,,2026-08-20T22:45:04+00:00,2026-08-20T22:45:04+00:00
workday:nvidia:IC-Test-Engineer_JR2023378,New,,,,,2026-08-20T22:45:04+00:00,2026-08-20T22:45:04+00:00
workday:nvidia:Chip-Design-Verification-Engineer_JR2023454-1,New,,,,,2026-08-20T22:45:04+00:00,2026-08-20T22:45:04+00:00
workday:nvidia:Senior-ASIC-Power-Management-Micro-Architect--Chip-Design_JR2023127,New,,,,,2026-08-20T22:45:04+00:00,2026-08-20T22:45:04+00:00
workday:nvidia:Senior-ASIC-Verification-Engineer_JR2023827,New,,,,,2026-08-20T22:45:04+00:00,2026-08-20T22:45:04+00:00
workday:nvidia:Software-Architect--Autonomous-Vehicles---Backend-and--AI-Agents_JR2020146,New,,,,,2026-08-20T22:45:04+00:00,2026-08-20T22:45:04+00:00
workday:nvidia:Customer-Technical-Program-Manager_JR2004517,New,,,,,2026-08-20T22:45:04+00:00,2026-08-20T22:45:04+00:00
workday:nvidia:Customer-Technical-Program-Manager_JR2017595,New,,,,,2026-08-20T22:45:04+00:00,2026-08-20T22:45:04+00:00
workday:salesforce:Community-Manager--Slack_JR356412,New,,,,,2026-08-20T22:45:04+00:00,2026-08-20T22:45:04+00:00
workday:salesforce:Legal-Pricing-Solutions-Lead_JR356733,New,,,,,2026-08-20T22:45:04+00:00,2026-08-20T22:45:04+00:00
workday:salesforce:Technical-Architect---Salesforce-Field-Service_JR356717,New,,,,,2026-08-20T22:45:04+00:00,2026-08-20T22:45:04+00:00
workday:salesforce:Strategic-Account-Executive---Financial-Services-BFSI_JR356704,New,,,,,2026-08-20T22:45:04+00:00,2026-08-20T22:45:04+00:00
workday:nvidia:Custom-SOC-IP-Verification-Engineer_JR2024062,New,,,,,2026-08-20T22:45:03+00:00,2026-08-20T22:45:03+00:00
workday:nvidia:Senior-Compute-Platform-Engineer--LSF-_JR2023960,New,,,,,2026-08-20T22:45:03+00:00,2026-08-20T22:45:03+00:00
workday:nvidia:Senior-Product-Architect--K8s-Based-AI-Infrastructure_JR2023964,New,,,,,2026-08-20T22:45:03+00:00,2026-08-20T22:45:03+00:00
workday:nvidia:Senior-Infrastructure-Automation-Engineer--Compute-Platform_JR2023962,New,,,,,2026-08-20T22:45:03+00:00,2026-08-20T22:45:03+00:00
workday:nvidia:Compute-Platform-Engineer--License-Scheduling_JR2023965,New,,,,,2026-08-20T22:45:03+00:00,2026-08-20T22:45:03+00:00
workday:nvidia:Senior-Technical-Program-Manager--Cloud-Infrastructure_JR2002071,New,,,,,2026-08-20T22:45:03+00:00,2026-08-20T22:45:03+00:00
workday:nvidia:Senior-Deep-Learning-Engineer--Accuracy-Evaluation_JR2022437,New,,,,,2026-08-20T22:45:03+00:00,2026-08-20T22:45:03+00:00
workday:nvidia:Senior-STA-Signoff-Methodology-Engineer_JR2023669,New,,,,,2026-08-20T22:45:03+00:00,2026-08-20T22:45:03+00:00
workday:nvidia:Senior-Software-Test-Developer---DriveOS_JR2023813,New,,,,,2026-08-20T22:45:03+00:00,2026-08-20T22:45:03+00:00
workday:nvidia:Senior-Software-Program-Manager_JR2011699,New,,,,,2026-08-20T22:45:03+00:00,2026-08-20T22:45:03+00:00
workday:nvidia:Senior-Software-Engineer--Quantized-Inference_JR2021844,New,,,,,2026-08-20T22:45:03+00:00,2026-08-20T22:45:03+00:00
workday:nvidia:Senior-ASIC-Design-Engineer_JR2014886,New,,,,,2026-08-20T22:45:03+00:00,2026-08-20T22:45:03+00:00
workday:nvidia:Senior-Counsel--Data-Privacy-and-Governance_JR2023510,New,,,,,2026-08-20T22:45:03+00:00,2026-08-20T22:45:03+00:00
workday:nvidia:Senior-HPC-AI-Cluster-Engineer_JR2023577,New,,,,,2026-08-20T22:45:03+00:00,2026-08-20T22:45:03+00:00
greenhouse:postman:7677743003,New,,,,,2026-08-20T22:42:45+00:00,2026-08-20T22:42:45+00:00
workday:nvidia:Senior-Linux-Drivers-Software-Engineer_JR2016301,New,,,,,2026-08-20T08:56:59+00:00,2026-08-20T08:56:59+00:00
workday:nvidia:Product-Management-and-Configuration-Engineer_JR2023537,New,,,,,2026-08-20T08:56:59+00:00,2026-08-20T08:56:59+00:00
workday:nvidia:Senior-Product-Manager--AI-Software-Defined-Networking_JR2023620,New,,,,,2026-08-20T08:56:59+00:00,2026-08-20T08:56:59+00:00
workday:nvidia:Senior-Tools-Development-Engineer_JR2023570,New,,,,,2026-08-20T08:56:59+00:00,2026-08-20T08:56:59+00:00
workday:nvidia:Senior-Verification-Engineer--PCIE_JR2023401,New,,,,,2026-08-20T08:56:59+00:00,2026-08-20T08:56:59+00:00
workday:nvidia:Verification-Engineer---PCIE_JR2023400,New,,,,,2026-08-20T08:56:59+00:00,2026-08-20T08:56:59+00:00
workday:nvidia:Site-Reliability-Engineer_JR2023532-1,New,,,,,2026-08-20T08:56:59+00:00,2026-08-20T08:56:59+00:00
workday:nvidia:Senior-Staff-Site-Reliability-Engineer_JR2023364,New,,,,,2026-08-20T08:56:59+00:00,2026-08-20T08:56:59+00:00
workday:nvidia:Senior-MLOps-Engineer---DSX-Enablement_JR2023055,New,,,,,2026-08-20T08:56:59+00:00,2026-08-20T08:56:59+00:00
workday:nvidia:Senior-Software-Engineer--Chips-System-Software_JR2023525,New,,,,,2026-08-20T08:56:59+00:00,2026-08-20T08:56:59+00:00
workday:nvidia:Senior-System-Software-Engineer---SoC-Power_JR2023443,New,,,,,2026-08-20T08:56:59+00:00,2026-08-20T08:56:59+00:00
workday:nvidia:SWQA-Test-Development-Intern--GPU-Communications-Libraries---2027_JR2023690,New,,,,,2026-08-20T08:56:59+00:00,2026-08-20T08:56:59+00:00
workday:nvidia:Software-Engineering-Intern--CUDA-Test-Development---2027_JR2023645,New,,,,,2026-08-20T08:56:59+00:00,2026-08-20T08:56:59+00:00
workday:nvidia:Software-QA-Intern--Spark-Rapids----2027_JR2023655,New,,,,,2026-08-20T08:56:59+00:00,2026-08-20T08:56:59+00:00
workday:nvidia:Test-Development-Software-Engineering-Intern--Aerial---2027_JR2023852,New,,,,,2026-08-20T08:56:59+00:00,2026-08-20T08:56:59+00:00
workday:nvidia:Deep-Learning-Software-Engineering-Intern--Test-Development---2027_JR2023656,New,,,,,2026-08-20T08:56:59+00:00,2026-08-20T08:56:59+00:00
workday:nvidia:Software-QA-Developer-Intern---2027_JR2023654,New,,,,,2026-08-20T08:56:59+00:00,2026-08-20T08:56:59+00:00
workday:nvidia:Senior-CUDA-Test-Development-Software-Engineer--SDET_JR2023864-1,New,,,,,2026-08-20T08:56:59+00:00,2026-08-20T08:56:59+00:00
workday:nvidia:ML-and-Agentic-Systems-Engineer_JR2023952,New,,,,,2026-08-20T08:56:59+00:00,2026-08-20T08:56:59+00:00
workday:nvidia:Director--Legal---Strategic-Sourcing--IP-and-Infrastructure_JR2022939-1,New,,,,,2026-08-20T08:56:59+00:00,2026-08-20T08:56:59+00:00
workday:nvidia:Senior-Product-Dev-Rel-Engineer---DSX_JR2023442-1,New,,,,,2026-08-20T08:56:59+00:00,2026-08-20T08:56:59+00:00
workday:nvidia:North-America-Logistics-Execution-Program-Manager_JR1999876,New,,,,,2026-08-20T08:56:59+00:00,2026-08-20T08:56:59+00:00
workday:nvidia:Executive-Briefing-Centers--EBC--Program-Manager_JR2023404,New,,,,,2026-08-20T08:56:59+00:00,2026-08-20T08:56:59+00:00
workday:nvidia:Senior-Staff-Platform-Engineer_JR2023515,New,,,,,2026-08-20T08:56:59+00:00,2026-08-20T08:56:59+00:00
workday:nvidia:Senior-Systems-Software-Engineer---Advanced-Technology-Group_JR2014995,New,,,,,2026-08-20T08:56:59+00:00,2026-08-20T08:56:59+00:00
workday:nvidia:Senior-Solutions-Architect--Engagement-Manager---NVIS_JR2020148,New,,,,,2026-08-20T08:56:59+00:00,2026-08-20T08:56:59+00:00
workday:nvidia:Deep-Learning-Compiler-Engineer_JR2020416,New,,,,,2026-08-20T08:56:59+00:00,2026-08-20T08:56:59+00:00
workday:nvidia:Senior-Software-QA-Test-Development-Engineer---Diagnostics_JR2023857,New,,,,,2026-08-20T08:56:59+00:00,2026-08-20T08:56:59+00:00
workday:nvidia:Senior-Package-Modeling-Engineer_JR2015858,New,,,,,2026-08-20T08:56:59+00:00,2026-08-20T08:56:59+00:00
workday:nvidia:Field-Applications-Engineer--Embedded-Systems---NALA_JR2014493,New,,,,,2026-08-20T08:56:59+00:00,2026-08-20T08:56:59+00:00
workday:nvidia:Senior-Software-Engineer--Attestation-Services---DGX-Cloud_JR2023561,New,,,,,2026-08-20T08:56:59+00:00,2026-08-20T08:56:59+00:00
workday:salesforce:Software-Engineer--MTS_JR350708,New,,,,,2026-08-20T08:56:59+00:00,2026-08-20T08:56:59+00:00
workday:salesforce:Principal--Specialist-Solution-Engineer_JR356680,New,,,,,2026-08-20T08:56:59+00:00,2026-08-20T08:56:59+00:00
workday:salesforce:Accountant---Cash_JR346286,New,,,,,2026-08-20T08:56:59+00:00,2026-08-20T08:56:59+00:00
workday:salesforce:Agentforce-Field-Service-Consultant_JR347139,New,,,,,2026-08-20T08:56:59+00:00,2026-08-20T08:56:59+00:00
internshala:machine-learning-internship:3244172,New,,,,,2026-08-20T04:51:16+00:00,2026-08-20T04:51:16+00:00
internshala:machine-learning-internship:3246265,New,,,,,2026-08-20T04:51:16+00:00,2026-08-20T04:51:16+00:00
internshala:machine-learning-internship:3245781,New,,,,,2026-08-20T04:51:16+00:00,2026-08-20T04:51:16+00:00
internshala:machine-learning-internship:3245925,New,,,,,2026-08-20T04:51:16+00:00,2026-08-20T04:51:16+00:00
internshala:machine-learning-internship:3245826,New,,,,,2026-08-20T04:51:16+00:00,2026-08-20T04:51:16+00:00
internshala:machine-learning-internship:3246253,New,,,,,2026-08-20T04:51:16+00:00,2026-08-20T04:51:16+00:00
internshala:machine-learning-internship:3245765,New,,,,,2026-08-20T04:51:16+00:00,2026-08-20T04:51:16+00:00
internshala:machine-learning-internship:3245977,New,,,,,2026-08-20T04:51:16+00:00,2026-08-20T04:51:16+00:00
internshala:machine-learning-internship:3246432,New,,,,,2026-08-20T04:51:16+00:00,2026-08-20T04:51:16+00:00
internshala:machine-learning-internship:3246431,New,,,,,2026-08-20T04:51:16+00:00,2026-08-20T04:51:16+00:00
internshala:machine-learning-internship:3246170,New,,,,,2026-08-20T04:51:16+00:00,2026-08-20T04:51:16+00:00
internshala:machine-learning-internship:3245722,New,,,,,2026-08-20T04:51:16+00:00,2026-08-20T04:51:16+00:00
internshala:machine-learning-internship:3246079,New,,,,,2026-08-20T04:51:16+00:00,2026-08-20T04:51:16+00:00
internshala:machine-learning-internship:3246062,New,,,,,2026-08-20T04:51:16+00:00,2026-08-20T04:51:16+00:00
internshala:machine-learning-internship:3245713,New,,,,,2026-08-20T04:51:16+00:00,2026-08-20T04:51:16+00:00
internshala:machine-learning-internship:3245707,New,,,,,2026-08-20T04:51:16+00:00,2026-08-20T04:51:16+00:00
internshala:machine-learning-internship:3234692,New,,,,,2026-08-20T04:51:16+00:00,2026-08-20T04:51:16+00:00
internshala:machine-learning-internship:3245628,New,,,,,2026-08-20T04:51:16+00:00,2026-08-20T04:51:16+00:00
internshala:machine-learning-internship:3245617,New,,,,,2026-08-20T04:51:16+00:00,2026-08-20T04:51:16+00:00
internshala:artificial-intelligence-ai-internship:3246265,New,,,,,2026-08-20T04:51:16+00:00,2026-08-20T04:51:16+00:00
internshala:artificial-intelligence-ai-internship:3246353,New,,,,,2026-08-20T04:51:16+00:00,2026-08-20T04:51:16+00:00
internshala:artificial-intelligence-ai-internship:3245578,New,,,,,2026-08-20T04:51:16+00:00,2026-08-20T04:51:16+00:00
internshala:artificial-intelligence-ai-internship:3245781,New,,,,,2026-08-20T04:51:16+00:00,2026-08-20T04:51:16+00:00
internshala:artificial-intelligence-ai-internship:3245752,New,,,,,2026-08-20T04:51:16+00:00,2026-08-20T04:51:16+00:00
internshala:artificial-intelligence-ai-internship:3245925,New,,,,,2026-08-20T04:51:16+00:00,2026-08-20T04:51:16+00:00
internshala:artificial-intelligence-ai-internship:3246025,New,,,,,2026-08-20T04:51:16+00:00,2026-08-20T04:51:16+00:00
internshala:artificial-intelligence-ai-internship:3246432,New,,,,,2026-08-20T04:51:16+00:00,2026-08-20T04:51:16+00:00
internshala:artificial-intelligence-ai-internship:3246170,New,,,,,2026-08-20T04:51:16+00:00,2026-08-20T04:51:16+00:00
internshala:artificial-intelligence-ai-internship:3246079,New,,,,,2026-08-20T04:51:16+00:00,2026-08-20T04:51:16+00:00
internshala:artificial-intelligence-ai-internship:3246062,New,,,,,2026-08-20T04:51:16+00:00,2026-08-20T04:51:16+00:00
internshala:artificial-intelligence-ai-internship:3246061,New,,,,,2026-08-20T04:51:16+00:00,2026-08-20T04:51:16+00:00
internshala:artificial-intelligence-ai-internship:3245713,New,,,,,2026-08-20T04:51:16+00:00,2026-08-20T04:51:16+00:00
internshala:artificial-intelligence-ai-internship:3245707,New,,,,,2026-08-20T04:51:16+00:00,2026-08-20T04:51:16+00:00
internshala:artificial-intelligence-ai-internship:3245851,New,,,,,2026-08-20T04:51:16+00:00,2026-08-20T04:51:16+00:00
internshala:artificial-intelligence-ai-internship:3245826,New,,,,,2026-08-20T04:51:16+00:00,2026-08-20T04:51:16+00:00
internshala:artificial-intelligence-ai-internship:3245765,New,,,,,2026-08-20T04:51:16+00:00,2026-08-20T04:51:16+00:00
internshala:artificial-intelligence-ai-internship:3234692,New,,,,,2026-08-20T04:51:16+00:00,2026-08-20T04:51:16+00:00
internshala:artificial-intelligence-ai-internship:3244172,New,,,,,2026-08-20T04:51:16+00:00,2026-08-20T04:51:16+00:00
internshala:artificial-intelligence-ai-internship:3245617,New,,,,,2026-08-20T04:51:16+00:00,2026-08-20T04:51:16+00:00
internshala:artificial-intelligence-ai-internship:3245568,New,,,,,2026-08-20T04:51:16+00:00,2026-08-20T04:51:16+00:00
internshala:data-science-internship:3244368,New,,,,,2026-08-20T04:51:16+00:00,2026-08-20T04:51:16+00:00
internshala:data-science-internship:3246265,New,,,,,2026-08-20T04:51:16+00:00,2026-08-20T04:51:16+00:00
internshala:data-science-internship:3246303,New,,,,,2026-08-20T04:51:16+00:00,2026-08-20T04:51:16+00:00
internshala:data-science-internship:3246353,New,,,,,2026-08-20T04:51:16+00:00,2026-08-20T04:51:16+00:00
internshala:data-science-internship:3245781,New,,,,,2026-08-20T04:51:16+00:00,2026-08-20T04:51:16+00:00
internshala:data-science-internship:3246440,New,,,,,2026-08-20T04:51:16+00:00,2026-08-20T04:51:16+00:00
internshala:data-science-internship:3246253,New,,,,,2026-08-20T04:51:16+00:00,2026-08-20T04:51:16+00:00
internshala:data-science-internship:3246248,New,,,,,2026-08-20T04:51:16+00:00,2026-08-20T04:51:16+00:00
internshala:data-science-internship:3245560,New,,,,,2026-08-20T04:51:16+00:00,2026-08-20T04:51:16+00:00
internshala:data-science-internship:3246107,New,,,,,2026-08-20T04:51:16+00:00,2026-08-20T04:51:16+00:00
internshala:data-science-internship:3245929,New,,,,,2026-08-20T04:51:16+00:00,2026-08-20T04:51:16+00:00
internshala:data-science-internship:3245752,New,,,,,2026-08-20T04:51:16+00:00,2026-08-20T04:51:16+00:00
internshala:data-science-internship:3246238,New,,,,,2026-08-20T04:51:16+00:00,2026-08-20T04:51:16+00:00
internshala:data-science-internship:3245925,New,,,,,2026-08-20T04:51:16+00:00,2026-08-20T04:51:16+00:00
internshala:data-science-internship:3244306,New,,,,,2026-08-20T04:51:16+00:00,2026-08-20T04:51:16+00:00
internshala:data-science-internship:3244315,New,,,,,2026-08-20T04:51:16+00:00,2026-08-20T04:51:16+00:00
internshala:data-science-internship:3245578,New,,,,,2026-08-20T04:51:16+00:00,2026-08-20T04:51:16+00:00
internshala:data-science-internship:3246025,New,,,,,2026-08-20T04:51:16+00:00,2026-08-20T04:51:16+00:00
internshala:data-science-internship:3246435,New,,,,,2026-08-20T04:51:16+00:00,2026-08-20T04:51:16+00:00
internshala:data-science-internship:3246432,New,,,,,2026-08-20T04:51:16+00:00,2026-08-20T04:51:16+00:00
internshala:data-science-internship:3246431,New,,,,,2026-08-20T04:51:16+00:00,2026-08-20T04:51:16+00:00
internshala:data-science-internship:3246170,New,,,,,2026-08-20T04:51:16+00:00,2026-08-20T04:51:16+00:00
internshala:data-science-internship:3246242,New,,,,,2026-08-20T04:51:16+00:00,2026-08-20T04:51:16+00:00
internshala:data-science-internship:3246223,New,,,,,2026-08-20T04:51:16+00:00,2026-08-20T04:51:16+00:00
internshala:data-science-internship:3246079,New,,,,,2026-08-20T04:51:16+00:00,2026-08-20T04:51:16+00:00
internshala:data-science-internship:3246078,New,,,,,2026-08-20T04:51:16+00:00,2026-08-20T04:51:16+00:00
internshala:data-science-internship:3246077,New,,,,,2026-08-20T04:51:16+00:00,2026-08-20T04:51:16+00:00
internshala:data-science-internship:3246062,New,,,,,2026-08-20T04:51:16+00:00,2026-08-20T04:51:16+00:00
internshala:data-science-internship:3246061,New,,,,,2026-08-20T04:51:16+00:00,2026-08-20T04:51:16+00:00
internshala:data-science-internship:3245959,New,,,,,2026-08-20T04:51:16+00:00,2026-08-20T04:51:16+00:00
internshala:data-science-internship:3245713,New,,,,,2026-08-20T04:51:16+00:00,2026-08-20T04:51:16+00:00
internshala:data-science-internship:3245707,New,,,,,2026-08-20T04:51:16+00:00,2026-08-20T04:51:16+00:00
workday:nvidia:Senior-Networking-Architect--Space-Systems_JR2022987,New,,,,,2026-08-19T20:46:08+00:00,2026-08-19T20:46:08+00:00
workday:nvidia:Senior-Firmware-Security-Architect--Networking_JR2023671,New,,,,,2026-08-19T20:46:08+00:00,2026-08-19T20:46:08+00:00
workday:nvidia:Document-Analyst_JR2022479,New,,,,,2026-08-19T20:46:08+00:00,2026-08-19T20:46:08+00:00
workday:nvidia:Senior-Software-Engineer---Topography_JR2020161,New,,,,,2026-08-19T20:46:08+00:00,2026-08-19T20:46:08+00:00
workday:nvidia:Senior-Compiler-Engineer---Backend_JR2017210,New,,,,,2026-08-19T20:46:08+00:00,2026-08-19T20:46:08+00:00
workday:nvidia:Infrastructure-Solutions-Architect---OEM-Deployment_JR2023296,New,,,,,2026-08-19T20:46:08+00:00,2026-08-19T20:46:08+00:00
workday:nvidia:Senior-AI-Solutions-Architect---Materials-Science-and-Chemistry_JR2023181,New,,,,,2026-08-19T20:46:08+00:00,2026-08-19T20:46:08+00:00
workday:nvidia:Advanced-Development-Engineer--Networking-Architecture_JR2023217,New,,,,,2026-08-19T20:46:08+00:00,2026-08-19T20:46:08+00:00
workday:nvidia:Developer-Relations-Manager--cuOpt-and-Graph-Optimization_JR2019483,New,,,,,2026-08-19T20:46:08+00:00,2026-08-19T20:46:08+00:00
workday:nvidia:Software-Security-Architect_JR2019677,New,,,,,2026-08-19T20:46:08+00:00,2026-08-19T20:46:08+00:00
workday:nvidia:Internal-Auditor---Operations_JR2018104,New,,,,,2026-08-19T20:46:08+00:00,2026-08-19T20:46:08+00:00
workday:nvidia:Technical-Marketing-Engineer--Robotics--China_JR2023457,New,,,,,2026-08-19T20:46:08+00:00,2026-08-19T20:46:08+00:00
workday:nvidia:Verification-Engineer---PCIE_JR2019559,New,,,,,2026-08-19T20:46:08+00:00,2026-08-19T20:46:08+00:00
workday:nvidia:Artificial-Intelligence-Research-Intern---Deep-Learning_JR2023646,New,,,,,2026-08-19T20:46:08+00:00,2026-08-19T20:46:08+00:00
workday:nvidia:Director--Production-Test-Operations-Engineering_JR2022744-1,New,,,,,2026-08-19T20:46:08+00:00,2026-08-19T20:46:08+00:00
workday:nvidia:Senior-UX-Designer_JR2023633-1,New,,,,,2026-08-19T20:46:08+00:00,2026-08-19T20:46:08+00:00
workday:nvidia:Technical-Program-Manager--New-Product-Deployment-Readiness_JR2023168,New,,,,,2026-08-19T20:46:08+00:00,2026-08-19T20:46:08+00:00
workday:nvidia:Deep-Learning-Performance-Architect_JR2022306,New,,,,,2026-08-19T20:46:08+00:00,2026-08-19T20:46:08+00:00
workday:nvidia:Senior-Infrastructure-Solutions-Architect_JR2023167,New,,,,,2026-08-19T20:46:08+00:00,2026-08-19T20:46:08+00:00
workday:nvidia:Senior-High-Speed-SerDes-Validation-Engineer_JR2022675,New,,,,,2026-08-19T20:46:08+00:00,2026-08-19T20:46:08+00:00
workday:nvidia:Senior-Data-Infrastructure-Engineer--AI-Performance_JR2022970,New,,,,,2026-08-19T20:46:08+00:00,2026-08-19T20:46:08+00:00
workday:nvidia:Senior-Solutions-Architect--CSP-System_JR2023079,New,,,,,2026-08-19T20:46:08+00:00,2026-08-19T20:46:08+00:00
workday:nvidia:Senior-Solutions-Architect--Networking---GPU-System_JR2022712,New,,,,,2026-08-19T20:46:08+00:00,2026-08-19T20:46:08+00:00
workday:nvidia:Senior-Technical-Program-Release-Manager_JR2021123,New,,,,,2026-08-19T20:46:08+00:00,2026-08-19T20:46:08+00:00
workday:nvidia:Senior-Platform-Software-Engineer---Platform-Architect_JR2022251,New,,,,,2026-08-19T20:46:08+00:00,2026-08-19T20:46:08+00:00
workday:nvidia:CPU-Verification-Engineer_JR2019900,New,,,,,2026-08-19T20:46:08+00:00,2026-08-19T20:46:08+00:00
workday:nvidia:Senior-Hardware-Architect-Artificial-Intelligence_JR2020064,New,,,,,2026-08-19T20:46:08+00:00,2026-08-19T20:46:08+00:00
workday:salesforce:Business-Title-Partner-Delivery-Advisor-Sr-Manager_JR355463,New,,,,,2026-08-19T20:46:08+00:00,2026-08-19T20:46:08+00:00
workday:salesforce:Content-Writing-Analyst_JR356687,New,,,,,2026-08-19T20:46:08+00:00,2026-08-19T20:46:08+00:00
greenhouse:razorpaysoftwareprivatelimited:4723477005,New,,,,,2026-08-19T13:06:40+00:00,2026-08-19T13:06:40+00:00
greenhouse:razorpaysoftwareprivatelimited:4725604005,New,,,,,2026-08-19T10:44:51+00:00,2026-08-19T10:44:51+00:00
lever:zeta:fed5c9f3-42ae-4bf8-89b7-2b7edb333af4,New,,,,,2026-08-19T10:44:50+00:00,2026-08-19T10:44:50+00:00
workday:nvidia:NVIDIA-2027-Internships--Autonomous-Vehicles-and-Robotics_JR2023496,New,,,,,2026-08-19T07:05:35+00:00,2026-08-19T07:05:35+00:00
workday:nvidia:NVIDIA-2027-Internships--Computer-Architecture_JR2023489,New,,,,,2026-08-19T07:05:35+00:00,2026-08-19T07:05:35+00:00
workday:nvidia:NVIDIA-2027-Internships--Deep-Learning-Computer-Architecture_JR2023491,New,,,,,2026-08-19T07:05:35+00:00,2026-08-19T07:05:35+00:00
workday:nvidia:NVIDIA-2027-Internships--Deep-Learning_JR2023497-1,New,,,,,2026-08-19T07:05:35+00:00,2026-08-19T07:05:35+00:00
workday:nvidia:NVIDIA-2027-Internships--Digital-Circuit-Design_JR2023504,New,,,,,2026-08-19T07:05:35+00:00,2026-08-19T07:05:35+00:00
workday:nvidia:NVIDIA-2027-Internships--Hardware-ASIC-Design_JR2023486,New,,,,,2026-08-19T07:05:35+00:00,2026-08-19T07:05:35+00:00
workday:nvidia:NVIDIA-2027-Internships--Hardware-Design-for-Test--DFT-_JR2023487-1,New,,,,,2026-08-19T07:05:35+00:00,2026-08-19T07:05:35+00:00
workday:nvidia:NVIDIA-2027-Internships--Hardware-Engineering_JR2023508-1,New,,,,,2026-08-19T07:05:35+00:00,2026-08-19T07:05:35+00:00
workday:nvidia:NVIDIA-2027-Internships--Hardware-Physical-Design---VLSI_JR2023501,New,,,,,2026-08-19T07:05:35+00:00,2026-08-19T07:05:35+00:00
workday:nvidia:NVIDIA-2027-Internships--Hardware-Verification_JR2023500,New,,,,,2026-08-19T07:05:35+00:00,2026-08-19T07:05:35+00:00
workday:nvidia:NVIDIA-2027-Internships--Mixed-Signal-Design_JR2023502,New,,,,,2026-08-19T07:05:35+00:00,2026-08-19T07:05:35+00:00
workday:nvidia:NVIDIA-2027-Internships--PhD-Research-Autonomous-Vehicles_JR2023838,New,,,,,2026-08-19T07:05:35+00:00,2026-08-19T07:05:35+00:00
workday:nvidia:NVIDIA-2027-Internships--PhD-Research-Computer-Architecture-and-Systems_JR2023854,New,,,,,2026-08-19T07:05:35+00:00,2026-08-19T07:05:35+00:00
workday:nvidia:NVIDIA-2027-Internships--PhD-Research-Computer-Vision-and-Deep-Learning_JR2023833,New,,,,,2026-08-19T07:05:35+00:00,2026-08-19T07:05:35+00:00
workday:nvidia:NVIDIA-2027-Internships--PhD-Research-Generative-AI_JR2023475,New,,,,,2026-08-19T07:05:35+00:00,2026-08-19T07:05:35+00:00
workday:nvidia:NVIDIA-2027-Internships--PhD-Research-Graphics-and-Simulation_JR2023835,New,,,,,2026-08-19T07:05:35+00:00,2026-08-19T07:05:35+00:00
workday:nvidia:NVIDIA-2027-Internships--PhD-Research-Hardware_JR2023855,New,,,,,2026-08-19T07:05:35+00:00,2026-08-19T07:05:35+00:00
workday:nvidia:NVIDIA-2027-Internships--PhD-Research-Large-Language-Models_JR2023837,New,,,,,2026-08-19T07:05:35+00:00,2026-08-19T07:05:35+00:00
workday:nvidia:NVIDIA-2027-Internships--PhD-Research-Robotics_JR2023847,New,,,,,2026-08-19T07:05:35+00:00,2026-08-19T07:05:35+00:00
workday:nvidia:NVIDIA-2027-Internships--Software-Engineering_JR2023495,New,,,,,2026-08-19T07:05:35+00:00,2026-08-19T07:05:35+00:00
workday:nvidia:NVIDIA-2027-Internships--Systems-Software-Engineering_JR2023492,New,,,,,2026-08-19T07:05:35+00:00,2026-08-19T07:05:35+00:00
workday:nvidia:NVIDIA-2027-Summer-Internships--PhD-Engineering_JR2023856,New,,,,,2026-08-19T07:05:35+00:00,2026-08-19T07:05:35+00:00
workday:nvidia:NVIDIA-Spring-2027-Internships--Developer-and-Performance-Technology_JR2023499,New,,,,,2026-08-19T07:05:35+00:00,2026-08-19T07:05:35+00:00
workday:nvidia:Senior-Product-Engineer--Transceivers_JR2018425,New,,,,,2026-08-19T07:05:35+00:00,2026-08-19T07:05:35+00:00
workday:nvidia:System-Software-Engineer---GPU-and-SOC--2027-RDSS-Intern-_JR2023628,New,,,,,2026-08-19T07:05:35+00:00,2026-08-19T07:05:35+00:00
workday:nvidia:Senior-Technical-Program-Manager---Humanoid-Robotics-Operations_JR2023661,New,,,,,2026-08-19T07:05:35+00:00,2026-08-19T07:05:35+00:00
workday:nvidia:System-Software-Engineer---Trusted-Firmware_JR2023340,New,,,,,2026-08-19T07:05:35+00:00,2026-08-19T07:05:35+00:00
workday:nvidia:Robotics-Research-Engineer---Robot-Simulation-and-Evaluation_JR2023397,New,,,,,2026-08-19T07:05:35+00:00,2026-08-19T07:05:35+00:00
workday:nvidia:Senior-Linux-Software-Engineer---Chip-System-Software_JR2023408,New,,,,,2026-08-19T07:05:35+00:00,2026-08-19T07:05:35+00:00
workday:nvidia:Senior-Tegra-Software-Engineer_JR2022972-1,New,,,,,2026-08-19T07:05:35+00:00,2026-08-19T07:05:35+00:00
workday:nvidia:Staff-Platform-Engineer--Design-Automation_JR2023352,New,,,,,2026-08-19T07:05:35+00:00,2026-08-19T07:05:35+00:00
workday:nvidia:CPU-Design-Methodology-Engineer_JR2023733,New,,,,,2026-08-19T07:05:35+00:00,2026-08-19T07:05:35+00:00
workday:nvidia:Principal-Process-Architect--Automotive-Software_JR2023383,New,,,,,2026-08-19T07:05:35+00:00,2026-08-19T07:05:35+00:00
workday:nvidia:Senior-ASIC-Verification-Engineer---HSIO_JR2023479,New,,,,,2026-08-19T07:05:35+00:00,2026-08-19T07:05:35+00:00
workday:nvidia:Developer-Technology-Engineer---AI_JR2023452,New,,,,,2026-08-19T07:05:35+00:00,2026-08-19T07:05:35+00:00
workday:nvidia:Senior-Deep-Learning-Engineer--4D-Foundation-Model_JR2022946-1,New,,,,,2026-08-19T07:05:35+00:00,2026-08-19T07:05:35+00:00
workday:nvidia:Senior-Architect--IC-System_JR2023310,New,,,,,2026-08-19T07:05:35+00:00,2026-08-19T07:05:35+00:00
workday:nvidia:Software-Engineering-Intern--Test-Automation---Autonomous-Vehicles_JR2023302,New,,,,,2026-08-19T07:05:35+00:00,2026-08-19T07:05:35+00:00
workday:salesforce:Lead-Account-Solution-Engineer_JR349251,New,,,,,2026-08-19T07:05:35+00:00,2026-08-19T07:05:35+00:00
workday:salesforce:DevOps-Engineer-SMTS_JR281671,New,,,,,2026-08-19T07:05:35+00:00,2026-08-19T07:05:35+00:00
workday:salesforce:Software-Engineering-SMTS-LMTS_JR310367,New,,,,,2026-08-19T07:05:35+00:00,2026-08-19T07:05:35+00:00
workday:salesforce:Senior-Director--South-Asia-Commercial-Sales_JR345411-1,New,,,,,2026-08-19T07:05:35+00:00,2026-08-19T07:05:35+00:00
workday:salesforce:Manager--Go-To-Market-Financial-Planning---Analysis_JR354325,New,,,,,2026-08-19T07:05:35+00:00,2026-08-19T07:05:35+00:00
workday:salesforce:Director--Employee-Success-Business-Partner_JR355835,New,,,,,2026-08-19T07:05:35+00:00,2026-08-19T07:05:35+00:00
internshala:machine-learning-internship:3244141,New,,,,,2026-08-19T03:09:51+00:00,2026-08-19T03:09:51+00:00
internshala:machine-learning-internship:3244128,New,,,,,2026-08-19T03:09:51+00:00,2026-08-19T03:09:51+00:00
internshala:machine-learning-internship:3243635,New,,,,,2026-08-19T03:09:51+00:00,2026-08-19T03:09:51+00:00
internshala:machine-learning-internship:3243555,New,,,,,2026-08-19T03:09:51+00:00,2026-08-19T03:09:51+00:00
internshala:machine-learning-internship:3244142,New,,,,,2026-08-19T03:09:51+00:00,2026-08-19T03:09:51+00:00
internshala:machine-learning-internship:3244147,New,,,,,2026-08-19T03:09:51+00:00,2026-08-19T03:09:51+00:00
internshala:machine-learning-internship:3244090,New,,,,,2026-08-19T03:09:51+00:00,2026-08-19T03:09:51+00:00
internshala:machine-learning-internship:3244107,New,,,,,2026-08-19T03:09:51+00:00,2026-08-19T03:09:51+00:00
internshala:machine-learning-internship:3244106,New,,,,,2026-08-19T03:09:51+00:00,2026-08-19T03:09:51+00:00
internshala:machine-learning-internship:3243572,New,,,,,2026-08-19T03:09:51+00:00,2026-08-19T03:09:51+00:00
internshala:machine-learning-internship:3243568,New,,,,,2026-08-19T03:09:51+00:00,2026-08-19T03:09:51+00:00
internshala:machine-learning-internship:3243564,New,,,,,2026-08-19T03:09:51+00:00,2026-08-19T03:09:51+00:00
internshala:machine-learning-internship:3243548,New,,,,,2026-08-19T03:09:51+00:00,2026-08-19T03:09:51+00:00
internshala:machine-learning-internship:3243286,New,,,,,2026-08-19T03:09:51+00:00,2026-08-19T03:09:51+00:00
internshala:machine-learning-internship:3234508,New,,,,,2026-08-19T03:09:51+00:00,2026-08-19T03:09:51+00:00
internshala:artificial-intelligence-ai-internship:3243635,New,,,,,2026-08-19T03:09:51+00:00,2026-08-19T03:09:51+00:00
internshala:artificial-intelligence-ai-internship:3243552,New,,,,,2026-08-19T03:09:51+00:00,2026-08-19T03:09:51+00:00
internshala:artificial-intelligence-ai-internship:3243555,New,,,,,2026-08-19T03:09:51+00:00,2026-08-19T03:09:51+00:00
internshala:artificial-intelligence-ai-internship:3243514,New,,,,,2026-08-19T03:09:51+00:00,2026-08-19T03:09:51+00:00
internshala:artificial-intelligence-ai-internship:3243546,New,,,,,2026-08-19T03:09:51+00:00,2026-08-19T03:09:51+00:00
internshala:artificial-intelligence-ai-internship:3243566,New,,,,,2026-08-19T03:09:51+00:00,2026-08-19T03:09:51+00:00
internshala:artificial-intelligence-ai-internship:3243862,New,,,,,2026-08-19T03:09:51+00:00,2026-08-19T03:09:51+00:00
internshala:artificial-intelligence-ai-internship:3243516,New,,,,,2026-08-19T03:09:51+00:00,2026-08-19T03:09:51+00:00
internshala:artificial-intelligence-ai-internship:3244090,New,,,,,2026-08-19T03:09:51+00:00,2026-08-19T03:09:51+00:00
internshala:artificial-intelligence-ai-internship:3243373,New,,,,,2026-08-19T03:09:51+00:00,2026-08-19T03:09:51+00:00
internshala:artificial-intelligence-ai-internship:3244320,New,,,,,2026-08-19T03:09:51+00:00,2026-08-19T03:09:51+00:00
internshala:artificial-intelligence-ai-internship:3244040,New,,,,,2026-08-19T03:09:51+00:00,2026-08-19T03:09:51+00:00
internshala:artificial-intelligence-ai-internship:3244128,New,,,,,2026-08-19T03:09:51+00:00,2026-08-19T03:09:51+00:00
internshala:artificial-intelligence-ai-internship:3244065,New,,,,,2026-08-19T03:09:51+00:00,2026-08-19T03:09:51+00:00
internshala:artificial-intelligence-ai-internship:3244148,New,,,,,2026-08-19T03:09:51+00:00,2026-08-19T03:09:51+00:00
internshala:artificial-intelligence-ai-internship:3244147,New,,,,,2026-08-19T03:09:51+00:00,2026-08-19T03:09:51+00:00
internshala:artificial-intelligence-ai-internship:3244141,New,,,,,2026-08-19T03:09:51+00:00,2026-08-19T03:09:51+00:00
internshala:artificial-intelligence-ai-internship:3244107,New,,,,,2026-08-19T03:09:51+00:00,2026-08-19T03:09:51+00:00
internshala:artificial-intelligence-ai-internship:3243620,New,,,,,2026-08-19T03:09:51+00:00,2026-08-19T03:09:51+00:00
internshala:artificial-intelligence-ai-internship:3243572,New,,,,,2026-08-19T03:09:51+00:00,2026-08-19T03:09:51+00:00
internshala:artificial-intelligence-ai-internship:3243568,New,,,,,2026-08-19T03:09:51+00:00,2026-08-19T03:09:51+00:00
internshala:artificial-intelligence-ai-internship:3243548,New,,,,,2026-08-19T03:09:51+00:00,2026-08-19T03:09:51+00:00
internshala:artificial-intelligence-ai-internship:3243476,New,,,,,2026-08-19T03:09:51+00:00,2026-08-19T03:09:51+00:00
internshala:artificial-intelligence-ai-internship:3243553,New,,,,,2026-08-19T03:09:51+00:00,2026-08-19T03:09:51+00:00
internshala:artificial-intelligence-ai-internship:3243307,New,,,,,2026-08-19T03:09:51+00:00,2026-08-19T03:09:51+00:00
internshala:artificial-intelligence-ai-internship:3243286,New,,,,,2026-08-19T03:09:51+00:00,2026-08-19T03:09:51+00:00
internshala:data-science-internship:3243635,New,,,,,2026-08-19T03:09:51+00:00,2026-08-19T03:09:51+00:00
internshala:data-science-internship:3244193,New,,,,,2026-08-19T03:09:51+00:00,2026-08-19T03:09:51+00:00
internshala:data-science-internship:3243250,New,,,,,2026-08-19T03:09:51+00:00,2026-08-19T03:09:51+00:00
internshala:data-science-internship:3243552,New,,,,,2026-08-19T03:09:51+00:00,2026-08-19T03:09:51+00:00
internshala:data-science-internship:3243555,New,,,,,2026-08-19T03:09:51+00:00,2026-08-19T03:09:51+00:00
internshala:data-science-internship:3243546,New,,,,,2026-08-19T03:09:51+00:00,2026-08-19T03:09:51+00:00
internshala:data-science-internship:3243514,New,,,,,2026-08-19T03:09:51+00:00,2026-08-19T03:09:51+00:00
internshala:data-science-internship:3243516,New,,,,,2026-08-19T03:09:51+00:00,2026-08-19T03:09:51+00:00
internshala:data-science-internship:3244090,New,,,,,2026-08-19T03:09:51+00:00,2026-08-19T03:09:51+00:00
internshala:data-science-internship:3244056,New,,,,,2026-08-19T03:09:51+00:00,2026-08-19T03:09:51+00:00
internshala:data-science-internship:3243373,New,,,,,2026-08-19T03:09:51+00:00,2026-08-19T03:09:51+00:00
internshala:data-science-internship:3244467,New,,,,,2026-08-19T03:09:51+00:00,2026-08-19T03:09:51+00:00
internshala:data-science-internship:3244320,New,,,,,2026-08-19T03:09:51+00:00,2026-08-19T03:09:51+00:00
internshala:data-science-internship:3244040,New,,,,,2026-08-19T03:09:51+00:00,2026-08-19T03:09:51+00:00
internshala:data-science-internship:3244128,New,,,,,2026-08-19T03:09:51+00:00,2026-08-19T03:09:51+00:00
internshala:data-science-internship:3244065,New,,,,,2026-08-19T03:09:51+00:00,2026-08-19T03:09:51+00:00
internshala:data-science-internship:3244153,New,,,,,2026-08-19T03:09:51+00:00,2026-08-19T03:09:51+00:00
internshala:data-science-internship:3244148,New,,,,,2026-08-19T03:09:51+00:00,2026-08-19T03:09:51+00:00
internshala:data-science-internship:3244147,New,,,,,2026-08-19T03:09:51+00:00,2026-08-19T03:09:51+00:00
internshala:data-science-internship:3244142,New,,,,,2026-08-19T03:09:51+00:00,2026-08-19T03:09:51+00:00
internshala:data-science-internship:3244141,New,,,,,2026-08-19T03:09:51+00:00,2026-08-19T03:09:51+00:00
internshala:data-science-internship:3244139,New,,,,,2026-08-19T03:09:51+00:00,2026-08-19T03:09:51+00:00
internshala:data-science-internship:3244107,New,,,,,2026-08-19T03:09:51+00:00,2026-08-19T03:09:51+00:00
internshala:data-science-internship:3243620,New,,,,,2026-08-19T03:09:51+00:00,2026-08-19T03:09:51+00:00
internshala:data-science-internship:3244010,New,,,,,2026-08-19T03:09:51+00:00,2026-08-19T03:09:51+00:00
internshala:data-science-internship:3243572,New,,,,,2026-08-19T03:09:51+00:00,2026-08-19T03:09:51+00:00
internshala:data-science-internship:3243568,New,,,,,2026-08-19T03:09:51+00:00,2026-08-19T03:09:51+00:00
internshala:data-science-internship:3243564,New,,,,,2026-08-19T03:09:51+00:00,2026-08-19T03:09:51+00:00
internshala:data-science-internship:3243548,New,,,,,2026-08-19T03:09:51+00:00,2026-08-19T03:09:51+00:00
internshala:data-science-internship:3243476,New,,,,,2026-08-19T03:09:51+00:00,2026-08-19T03:09:51+00:00
internshala:data-science-internship:3243553,New,,,,,2026-08-19T03:09:51+00:00,2026-08-19T03:09:51+00:00
internshala:data-science-internship:3243556,New,,,,,2026-08-19T03:09:51+00:00,2026-08-19T03:09:51+00:00
internshala:data-science-internship:3243307,New,,,,,2026-08-19T03:09:51+00:00,2026-08-19T03:09:51+00:00
greenhouse:postman:7855314003,New,,,,,2026-08-18T22:39:41+00:00,2026-08-18T22:39:41+00:00
workday:nvidia:Technical-Product-Marketing-Manager_JR2020110,New,,,,,2026-08-18T18:57:13+00:00,2026-08-18T18:57:13+00:00
workday:nvidia:Senior-Machine-Learning-Engineer--Perception---Autonomous-Driving_JR2018915,New,,,,,2026-08-18T18:57:13+00:00,2026-08-18T18:57:13+00:00
workday:nvidia:Verification-Engineer----ARM-Fabric-Unit-Level_JR2023540,New,,,,,2026-08-18T18:57:13+00:00,2026-08-18T18:57:13+00:00
workday:nvidia:Senior-SMTA-Engineer_JR2023301,New,,,,,2026-08-18T18:57:13+00:00,2026-08-18T18:57:13+00:00
workday:nvidia:Senior-VLSI-Engineer_JR2022232,New,,,,,2026-08-18T18:57:13+00:00,2026-08-18T18:57:13+00:00
workday:nvidia:Senior-Circuit-Methodology-Engineer_JR2021483,New,,,,,2026-08-18T18:57:13+00:00,2026-08-18T18:57:13+00:00
workday:nvidia:Senior-Cloud-Operations-Engineer_JR2008645,New,,,,,2026-08-18T18:57:13+00:00,2026-08-18T18:57:13+00:00
workday:nvidia:Senior-DevOps-Engineer--Enterprise-Products_JR2021920,New,,,,,2026-08-18T18:57:13+00:00,2026-08-18T18:57:13+00:00
workday:nvidia:Senior-DFX-Software-Engineer---Machine-Learning_JR2023503,New,,,,,2026-08-18T18:57:13+00:00,2026-08-18T18:57:13+00:00
workday:nvidia:Senior-Technical-Program-Manager--AI-Infrastructure-and-Capacity-Operations_JR2023257-1,New,,,,,2026-08-18T18:57:13+00:00,2026-08-18T18:57:13+00:00
workday:nvidia:Senior-Site-Reliability-Engineer--DGX-Cloud_JR2021427-1,New,,,,,2026-08-18T18:57:13+00:00,2026-08-18T18:57:13+00:00
workday:nvidia:Senior-Project-Manager--PE_JR2012608,New,,,,,2026-08-18T18:57:13+00:00,2026-08-18T18:57:13+00:00
workday:nvidia:Senior-Data-Scientist---Security_JR2021300-1,New,,,,,2026-08-18T18:57:13+00:00,2026-08-18T18:57:13+00:00
workday:nvidia:Senior-Software-Verification-Engineer_JR2020974,New,,,,,2026-08-18T18:57:13+00:00,2026-08-18T18:57:13+00:00
workday:nvidia:Cyber-Security-Analyst_JR2018645,New,,,,,2026-08-18T18:57:13+00:00,2026-08-18T18:57:13+00:00
workday:nvidia:Principal-Engineer--Project-Management---Chip-Power_JR2023204,New,,,,,2026-08-18T18:57:13+00:00,2026-08-18T18:57:13+00:00
workday:salesforce:Sr-Administrative-Assistant_JR356562-1,New,,,,,2026-08-18T18:57:13+00:00,2026-08-18T18:57:13+00:00
workday:salesforce:Named-Account-Executive--Federal-Civilian--DOI--Bureau-of-Indian-Affairs-and-Wildland-Fires-_JR355656,New,,,,,2026-08-18T18:57:13+00:00,2026-08-18T18:57:13+00:00
workday:salesforce:Senior-Brand-Designer--Brand-Creative_JR355954,New,,,,,2026-08-18T18:57:13+00:00,2026-08-18T18:57:13+00:00
workday:salesforce:Senior-Art-Director--Brand-Creative_JR355955,New,,,,,2026-08-18T18:57:13+00:00,2026-08-18T18:57:13+00:00
workday:salesforce:Software-Engineering-AMTS_JR356580,New,,,,,2026-08-18T18:57:13+00:00,2026-08-18T18:57:13+00:00
workday:salesforce:Productivity-Senior-Manager_JR356127,New,,,,,2026-08-18T18:57:13+00:00,2026-08-18T18:57:13+00:00
workday:salesforce:Senior-Technical-Architect--Data-360_JR354949,New,,,,,2026-08-18T18:57:13+00:00,2026-08-18T18:57:13+00:00
workday:salesforce:Territory-Account-Executive---Mid-Market---Mulesoft_JR356042,New,,,,,2026-08-18T18:57:13+00:00,2026-08-18T18:57:13+00:00
workday:salesforce:Strategic-Account-Executive---Mulesoft_JR356079,New,,,,,2026-08-18T18:57:13+00:00,2026-08-18T18:57:13+00:00
workday:salesforce:Senior-Accountant_JR346294,New,,,,,2026-08-18T18:57:13+00:00,2026-08-18T18:57:13+00:00
workday:salesforce:Agentforce-Technical-Architect--Salesforce-exp-is-a-must-_JR356516,New,,,,,2026-08-18T18:57:13+00:00,2026-08-18T18:57:13+00:00
workday:salesforce:Associate-Technical-Support-Engineer_JR356515,New,,,,,2026-08-18T18:57:13+00:00,2026-08-18T18:57:13+00:00
workday:salesforce:Senior-Technical-Writer--Trailhead-_JR336885,New,,,,,2026-08-18T18:57:13+00:00,2026-08-18T18:57:13+00:00
greenhouse:razorpaysoftwareprivatelimited:4723029005,New,,,,,2026-08-18T13:06:00+00:00,2026-08-18T13:06:00+00:00
workday:nvidia:Senior-DevTech-Compute-Engineer--Compression-and-Data-Processing_JR2023439,New,,,,,2026-08-18T04:51:58+00:00,2026-08-18T04:51:58+00:00
workday:nvidia:AI-and-Creator-Developer-Marketing-Manager--China_JR2017756,New,,,,,2026-08-18T04:51:58+00:00,2026-08-18T04:51:58+00:00
workday:nvidia:Software-Engineering-Intern--NCCL---2026_JR2022645,New,,,,,2026-08-18T04:51:58+00:00,2026-08-18T04:51:58+00:00
workday:nvidia:HPC-Engineer_JR2023451,New,,,,,2026-08-18T04:51:58+00:00,2026-08-18T04:51:58+00:00
workday:nvidia:Senior-Software-Tools-Development-Lead_JR2017528,New,,,,,2026-08-18T04:51:58+00:00,2026-08-18T04:51:58+00:00
workday:nvidia:Developer-Relations-Manager--Higher-Education-and-Research---Foundational-AI_JR2023172,New,,,,,2026-08-18T04:51:58+00:00,2026-08-18T04:51:58+00:00
workday:nvidia:Senior-Manager--State-Income-Tax_JR2015748,New,,,,,2026-08-18T04:51:58+00:00,2026-08-18T04:51:58+00:00
workday:nvidia:Senior-Project-Delivery-Manager--NVIS_JR2023367,New,,,,,2026-08-18T04:51:58+00:00,2026-08-18T04:51:58+00:00
workday:nvidia:Design-Automation-Engineer_JR2022951-1,New,,,,,2026-08-18T04:51:58+00:00,2026-08-18T04:51:58+00:00
workday:nvidia:SPE-Thermal-Engineer_JR2023220-1,New,,,,,2026-08-18T04:51:58+00:00,2026-08-18T04:51:58+00:00
workday:nvidia:Technical-Program-Manager---Chip-System-Software_JR2023390,New,,,,,2026-08-18T04:51:58+00:00,2026-08-18T04:51:58+00:00
workday:nvidia:Photonic-Mixed-Signal-Design-Validation-Engineer_JR2015175,New,,,,,2026-08-18T04:51:58+00:00,2026-08-18T04:51:58+00:00
workday:nvidia:Physical-Design-STA-CAD-Engineer_JR2023081,New,,,,,2026-08-18T04:51:58+00:00,2026-08-18T04:51:58+00:00
workday:nvidia:Senior-Applied-Research-Scientist---Computational-Geometry-and-Meshing_JR2023090,New,,,,,2026-08-18T04:51:58+00:00,2026-08-18T04:51:58+00:00
workday:nvidia:Senior-Director--Global-Inventory-Control_JR2023129,New,,,,,2026-08-18T04:51:58+00:00,2026-08-18T04:51:58+00:00
workday:nvidia:Senior-Director--Global-Strategic-Sourcing---PCB_JR2023051,New,,,,,2026-08-18T04:51:58+00:00,2026-08-18T04:51:58+00:00
workday:nvidia:Senior-Software-Engineer--Platforms_JR2015953,New,,,,,2026-08-18T04:51:58+00:00,2026-08-18T04:51:58+00:00
workday:nvidia:Senior-Applied-Scientist-Cyber-Defense_JR2022761-1,New,,,,,2026-08-18T04:51:58+00:00,2026-08-18T04:51:58+00:00
workday:nvidia:Senior-Factory-Planner_JR2013756,New,,,,,2026-08-18T04:51:58+00:00,2026-08-18T04:51:58+00:00
workday:nvidia:Insider-Threat-Detection-Engineer_JR2023268,New,,,,,2026-08-18T04:51:58+00:00,2026-08-18T04:51:58+00:00
workday:nvidia:Senior-Software-Engineer---Platform-Engineering_JR2023241,New,,,,,2026-08-18T04:51:58+00:00,2026-08-18T04:51:58+00:00
workday:nvidia:Senior-Director--Board-Product-Development-Engineering_JR2023311,New,,,,,2026-08-18T04:51:58+00:00,2026-08-18T04:51:58+00:00
workday:nvidia:Senior-Solutions-Architect--RoCE-end-to-end_JR2023589,New,,,,,2026-08-18T04:51:58+00:00,2026-08-18T04:51:58+00:00
workday:nvidia:Customer-Success-Insights-Engineer_JR2023258-1,New,,,,,2026-08-18T04:51:58+00:00,2026-08-18T04:51:58+00:00
workday:nvidia:Silicon-Product-Development-Engineer_JR2023585,New,,,,,2026-08-18T04:51:58+00:00,2026-08-18T04:51:58+00:00
workday:nvidia:Global-Energy-Partner-Ecosystem-Manager_JR2016526,New,,,,,2026-08-18T04:51:58+00:00,2026-08-18T04:51:58+00:00
workday:nvidia:Senior-DFT-Engineer_JR2022681,New,,,,,2026-08-18T04:51:58+00:00,2026-08-18T04:51:58+00:00
workday:nvidia:Relational-Foundation-Model-Engineer--Modern-Data-Stack_JR2023468,New,,,,,2026-08-18T04:51:58+00:00,2026-08-18T04:51:58+00:00
workday:nvidia:Senior-Site-Reliability-Engineer--BCM---DGX-Cloud_JR2023431,New,,,,,2026-08-18T04:51:58+00:00,2026-08-18T04:51:58+00:00
workday:salesforce:Data-Analytics-Senior-Analyst---Recruiting-Analytics--Research---Competitive-Intelligence---Contractor-Role_JR356477,New,,,,,2026-08-18T04:51:58+00:00,2026-08-18T04:51:58+00:00
workday:salesforce:Manager--Accounting_JR355879,New,,,,,2026-08-18T04:51:58+00:00,2026-08-18T04:51:58+00:00
workday:salesforce:Art-Director--Events---Experiences-Creative_JR356439,New,,,,,2026-08-18T04:51:58+00:00,2026-08-18T04:51:58+00:00
workday:salesforce:Senior-Designer--Events---Experiences-Creative_JR356432,New,,,,,2026-08-18T04:51:58+00:00,2026-08-18T04:51:58+00:00
internshala:artificial-intelligence-ai-internship:3239676,New,,,,,2026-08-18T03:07:42+00:00,2026-08-18T03:07:42+00:00
internshala:artificial-intelligence-ai-internship:3243137,New,,,,,2026-08-18T03:07:42+00:00,2026-08-18T03:07:42+00:00
internshala:artificial-intelligence-ai-internship:3243124,New,,,,,2026-08-18T03:07:42+00:00,2026-08-18T03:07:42+00:00
internshala:artificial-intelligence-ai-internship:3243120,New,,,,,2026-08-18T03:07:42+00:00,2026-08-18T03:07:42+00:00
internshala:artificial-intelligence-ai-internship:3243117,New,,,,,2026-08-18T03:07:42+00:00,2026-08-18T03:07:42+00:00
internshala:artificial-intelligence-ai-internship:3243116,New,,,,,2026-08-18T03:07:42+00:00,2026-08-18T03:07:42+00:00
internshala:artificial-intelligence-ai-internship:3243000,New,,,,,2026-08-18T03:07:42+00:00,2026-08-18T03:07:42+00:00
internshala:artificial-intelligence-ai-internship:3243049,New,,,,,2026-08-18T03:07:42+00:00,2026-08-18T03:07:42+00:00
internshala:artificial-intelligence-ai-internship:3243043,New,,,,,2026-08-18T03:07:42+00:00,2026-08-18T03:07:42+00:00
internshala:artificial-intelligence-ai-internship:3242997,New,,,,,2026-08-18T03:07:42+00:00,2026-08-18T03:07:42+00:00
internshala:artificial-intelligence-ai-internship:3243004,New,,,,,2026-08-18T03:07:42+00:00,2026-08-18T03:07:42+00:00
internshala:artificial-intelligence-ai-internship:3243003,New,,,,,2026-08-18T03:07:42+00:00,2026-08-18T03:07:42+00:00
internshala:artificial-intelligence-ai-internship:3242950,New,,,,,2026-08-18T03:07:42+00:00,2026-08-18T03:07:42+00:00
internshala:artificial-intelligence-ai-internship:3242949,New,,,,,2026-08-18T03:07:42+00:00,2026-08-18T03:07:42+00:00
internshala:artificial-intelligence-ai-internship:3242685,New,,,,,2026-08-18T03:07:42+00:00,2026-08-18T03:07:42+00:00
internshala:artificial-intelligence-ai-internship:3242707,New,,,,,2026-08-18T03:07:42+00:00,2026-08-18T03:07:42+00:00
internshala:artificial-intelligence-ai-internship:3242388,New,,,,,2026-08-18T03:07:42+00:00,2026-08-18T03:07:42+00:00
internshala:artificial-intelligence-ai-internship:3242587,New,,,,,2026-08-18T03:07:42+00:00,2026-08-18T03:07:42+00:00
internshala:artificial-intelligence-ai-internship:3242276,New,,,,,2026-08-18T03:07:42+00:00,2026-08-18T03:07:42+00:00
internshala:data-science-internship:3242936,New,,,,,2026-08-18T03:07:42+00:00,2026-08-18T03:07:42+00:00
internshala:data-science-internship:3242713,New,,,,,2026-08-18T03:07:42+00:00,2026-08-18T03:07:42+00:00
internshala:data-science-internship:3243277,New,,,,,2026-08-18T03:07:42+00:00,2026-08-18T03:07:42+00:00
internshala:data-science-internship:3242689,New,,,,,2026-08-18T03:07:42+00:00,2026-08-18T03:07:42+00:00
internshala:data-science-internship:3243095,New,,,,,2026-08-18T03:07:42+00:00,2026-08-18T03:07:42+00:00
internshala:data-science-internship:3243097,New,,,,,2026-08-18T03:07:42+00:00,2026-08-18T03:07:42+00:00
internshala:data-science-internship:3243107,New,,,,,2026-08-18T03:07:42+00:00,2026-08-18T03:07:42+00:00
internshala:data-science-internship:3243381,New,,,,,2026-08-18T03:07:42+00:00,2026-08-18T03:07:42+00:00
internshala:data-science-internship:3243374,New,,,,,2026-08-18T03:07:42+00:00,2026-08-18T03:07:42+00:00
internshala:data-science-internship:3243088,New,,,,,2026-08-18T03:07:42+00:00,2026-08-18T03:07:42+00:00
internshala:data-science-internship:3242342,New,,,,,2026-08-18T03:07:42+00:00,2026-08-18T03:07:42+00:00
internshala:data-science-internship:3242737,New,,,,,2026-08-18T03:07:42+00:00,2026-08-18T03:07:42+00:00
internshala:data-science-internship:3242481,New,,,,,2026-08-18T03:07:42+00:00,2026-08-18T03:07:42+00:00
internshala:data-science-internship:3243359,New,,,,,2026-08-18T03:07:42+00:00,2026-08-18T03:07:42+00:00
internshala:data-science-internship:3239676,New,,,,,2026-08-18T03:07:42+00:00,2026-08-18T03:07:42+00:00
internshala:data-science-internship:3243155,New,,,,,2026-08-18T03:07:42+00:00,2026-08-18T03:07:42+00:00
internshala:data-science-internship:3243137,New,,,,,2026-08-18T03:07:42+00:00,2026-08-18T03:07:42+00:00
internshala:data-science-internship:3243124,New,,,,,2026-08-18T03:07:42+00:00,2026-08-18T03:07:42+00:00
internshala:data-science-internship:3243120,New,,,,,2026-08-18T03:07:42+00:00,2026-08-18T03:07:42+00:00
internshala:data-science-internship:3243117,New,,,,,2026-08-18T03:07:42+00:00,2026-08-18T03:07:42+00:00
internshala:data-science-internship:3243116,New,,,,,2026-08-18T03:07:42+00:00,2026-08-18T03:07:42+00:00
internshala:data-science-internship:3243000,New,,,,,2026-08-18T03:07:42+00:00,2026-08-18T03:07:42+00:00
internshala:data-science-internship:3243049,New,,,,,2026-08-18T03:07:42+00:00,2026-08-18T03:07:42+00:00
internshala:data-science-internship:3243043,New,,,,,2026-08-18T03:07:42+00:00,2026-08-18T03:07:42+00:00
internshala:data-science-internship:3242997,New,,,,,2026-08-18T03:07:42+00:00,2026-08-18T03:07:42+00:00
internshala:data-science-internship:3243004,New,,,,,2026-08-18T03:07:42+00:00,2026-08-18T03:07:42+00:00
internshala:data-science-internship:3243003,New,,,,,2026-08-18T03:07:42+00:00,2026-08-18T03:07:42+00:00
internshala:data-science-internship:3242500,New,,,,,2026-08-18T03:07:42+00:00,2026-08-18T03:07:42+00:00
internshala:data-science-internship:3242950,New,,,,,2026-08-18T03:07:42+00:00,2026-08-18T03:07:42+00:00
internshala:data-science-internship:3242949,New,,,,,2026-08-18T03:07:42+00:00,2026-08-18T03:07:42+00:00
internshala:data-science-internship:3242685,New,,,,,2026-08-18T03:07:42+00:00,2026-08-18T03:07:42+00:00
internshala:data-science-internship:3242682,New,,,,,2026-08-18T03:07:42+00:00,2026-08-18T03:07:42+00:00
internshala:data-science-internship:3242714,New,,,,,2026-08-18T03:07:42+00:00,2026-08-18T03:07:42+00:00
internshala:data-science-internship:3242707,New,,,,,2026-08-18T03:07:42+00:00,2026-08-18T03:07:42+00:00
internshala:data-science-internship:3242388,New,,,,,2026-08-18T03:07:42+00:00,2026-08-18T03:07:42+00:00
internshala:data-science-internship:3242387,New,,,,,2026-08-18T03:07:42+00:00,2026-08-18T03:07:42+00:00
internshala:artificial-intelligence-ai-internship:3242936,New,,,,,2026-08-18T03:07:41+00:00,2026-08-18T03:07:41+00:00
internshala:artificial-intelligence-ai-internship:3242481,New,,,,,2026-08-18T03:07:41+00:00,2026-08-18T03:07:41+00:00
internshala:artificial-intelligence-ai-internship:3243277,New,,,,,2026-08-18T03:07:41+00:00,2026-08-18T03:07:41+00:00
internshala:artificial-intelligence-ai-internship:3243359,New,,,,,2026-08-18T03:07:41+00:00,2026-08-18T03:07:41+00:00
internshala:artificial-intelligence-ai-internship:3243381,New,,,,,2026-08-18T03:07:41+00:00,2026-08-18T03:07:41+00:00
internshala:artificial-intelligence-ai-internship:3242342,New,,,,,2026-08-18T03:07:41+00:00,2026-08-18T03:07:41+00:00
internshala:machine-learning-internship:3243124,New,,,,,2026-08-18T03:07:40+00:00,2026-08-18T03:07:40+00:00
internshala:machine-learning-internship:3243120,New,,,,,2026-08-18T03:07:40+00:00,2026-08-18T03:07:40+00:00
internshala:machine-learning-internship:3243107,New,,,,,2026-08-18T03:07:40+00:00,2026-08-18T03:07:40+00:00
internshala:machine-learning-internship:3243117,New,,,,,2026-08-18T03:07:40+00:00,2026-08-18T03:07:40+00:00
internshala:machine-learning-internship:3243381,New,,,,,2026-08-18T03:07:40+00:00,2026-08-18T03:07:40+00:00
internshala:machine-learning-internship:3243374,New,,,,,2026-08-18T03:07:40+00:00,2026-08-18T03:07:40+00:00
internshala:machine-learning-internship:3243376,New,,,,,2026-08-18T03:07:40+00:00,2026-08-18T03:07:40+00:00
internshala:machine-learning-internship:3243359,New,,,,,2026-08-18T03:07:40+00:00,2026-08-18T03:07:40+00:00
internshala:machine-learning-internship:3239676,New,,,,,2026-08-18T03:07:40+00:00,2026-08-18T03:07:40+00:00
internshala:machine-learning-internship:3243116,New,,,,,2026-08-18T03:07:40+00:00,2026-08-18T03:07:40+00:00
internshala:machine-learning-internship:3243000,New,,,,,2026-08-18T03:07:40+00:00,2026-08-18T03:07:40+00:00
internshala:machine-learning-internship:3243043,New,,,,,2026-08-18T03:07:40+00:00,2026-08-18T03:07:40+00:00
internshala:machine-learning-internship:3242997,New,,,,,2026-08-18T03:07:40+00:00,2026-08-18T03:07:40+00:00
internshala:machine-learning-internship:3243004,New,,,,,2026-08-18T03:07:40+00:00,2026-08-18T03:07:40+00:00
internshala:machine-learning-internship:3242500,New,,,,,2026-08-18T03:07:40+00:00,2026-08-18T03:07:40+00:00
internshala:machine-learning-internship:3242707,New,,,,,2026-08-18T03:07:40+00:00,2026-08-18T03:07:40+00:00
internshala:machine-learning-internship:3242664,New,,,,,2026-08-18T03:07:40+00:00,2026-08-18T03:07:40+00:00
internshala:machine-learning-internship:3242388,New,,,,,2026-08-18T03:07:40+00:00,2026-08-18T03:07:40+00:00
greenhouse:postman:7827050003,New,,,,,2026-08-17T22:38:34+00:00,2026-08-17T22:38:34+00:00
greenhouse:postman:7827049003,New,,,,,2026-08-17T22:38:34+00:00,2026-08-17T22:38:34+00:00
workday:nvidia:Senior-Solutions-Architect--Financial-Services-Banking_JR2023237,New,,,,,2026-08-17T16:46:27+00:00,2026-08-17T16:46:27+00:00
workday:nvidia:Senior-Project-Delivery-Manager--NVIS_JR2023365,New,,,,,2026-08-17T16:46:27+00:00,2026-08-17T16:46:27+00:00
workday:nvidia:Senior-Supply-Chain-Planner_JR2016375,New,,,,,2026-08-17T16:46:27+00:00,2026-08-17T16:46:27+00:00
workday:nvidia:Senior-AIC-Engineer_JR2022953,New,,,,,2026-08-17T16:46:27+00:00,2026-08-17T16:46:27+00:00
workday:nvidia:Senior-AI-Infrastructure-Business-Development-Manager---Service-Providers-and-Telco_JR2022938-1,New,,,,,2026-08-17T16:46:27+00:00,2026-08-17T16:46:27+00:00
workday:nvidia:Verification-Engineer---New-College-Grad-2026_JR2021016,New,,,,,2026-08-17T16:46:27+00:00,2026-08-17T16:46:27+00:00
workday:nvidia:Senior-Reliability-Engineer_JR2018518,New,,,,,2026-08-17T16:46:27+00:00,2026-08-17T16:46:27+00:00
workday:nvidia:Senior-Account-Manager---Walmart_JR2023393,New,,,,,2026-08-17T16:46:27+00:00,2026-08-17T16:46:27+00:00
workday:nvidia:Senior-Software-Engineer--Developer-Experience_JR2023498,New,,,,,2026-08-17T16:46:27+00:00,2026-08-17T16:46:27+00:00
workday:nvidia:Senior-Network-Architect--Advanced-Packaging_JR2022961,New,,,,,2026-08-17T16:46:27+00:00,2026-08-17T16:46:27+00:00
workday:nvidia:Senior-Firmware-Architect--Management-Power-and-Thermal_JR2022985,New,,,,,2026-08-17T16:46:27+00:00,2026-08-17T16:46:27+00:00
workday:nvidia:PCB-Design-EDA-and-AI-Engineer---New-College-Graduate-2027_JR2023370,New,,,,,2026-08-17T16:46:27+00:00,2026-08-17T16:46:27+00:00
workday:nvidia:Senior-Site-Reliability-Engineer-in-Test--SDET_JR2023203-1,New,,,,,2026-08-17T16:46:27+00:00,2026-08-17T16:46:27+00:00
workday:nvidia:Senior-Software-Engineer---AI-Networking_JR2023361,New,,,,,2026-08-17T16:46:27+00:00,2026-08-17T16:46:27+00:00
workday:nvidia:Senior-Software-Engineer---RDMA-and-Doca_JR2023358-1,New,,,,,2026-08-17T16:46:27+00:00,2026-08-17T16:46:27+00:00
workday:nvidia:Senior-Solutions-Architect--Infiniband-and-Networking-Ethernet_JR2023307,New,,,,,2026-08-17T16:46:27+00:00,2026-08-17T16:46:27+00:00
workday:nvidia:VLSI-Integration-Engineer_JR2011207,New,,,,,2026-08-17T16:46:27+00:00,2026-08-17T16:46:27+00:00
workday:salesforce:Art-Director--Events---Experiences-Creative_JR355773-1,New,,,,,2026-08-17T16:46:27+00:00,2026-08-17T16:46:27+00:00
workday:salesforce:Senior-Art-Director--Events---Experiences-Creative_JR355774-1,New,,,,,2026-08-17T16:46:27+00:00,2026-08-17T16:46:27+00:00
workday:salesforce:L-D-Measurement--Analytics---Field-Enablement-Specialist_JR352478,New,,,,,2026-08-17T16:46:27+00:00,2026-08-17T16:46:27+00:00
workday:salesforce:Learning-Experience-Designer_JR352161,New,,,,,2026-08-17T16:46:27+00:00,2026-08-17T16:46:27+00:00
workday:salesforce:Agentforce-Technical-Manager--Salesforce-experience-mandatory-_JR356385,New,,,,,2026-08-17T16:46:27+00:00,2026-08-17T16:46:27+00:00
workday:salesforce:Technical-Architect---Analytics_JR356375,New,,,,,2026-08-17T16:46:27+00:00,2026-08-17T16:46:27+00:00
greenhouse:razorpaysoftwareprivatelimited:4723479005,New,,,,,2026-08-17T10:47:12+00:00,2026-08-17T10:47:12+00:00
greenhouse:razorpaysoftwareprivatelimited:4722546005,New,,,,,2026-08-17T10:47:12+00:00,2026-08-17T10:47:12+00:00
greenhouse:postman:7858649003,New,,,,,2026-08-17T07:13:59+00:00,2026-08-17T07:13:59+00:00
lever:zeta:367dd077-3ce8-4b7b-bc9f-1726f49ffbce,New,,,,,2026-08-17T07:13:58+00:00,2026-08-17T07:13:58+00:00
lever:zeta:aa98c726-9336-4d99-be08-20050eaf309c,New,,,,,2026-08-17T07:13:58+00:00,2026-08-17T07:13:58+00:00
workday:nvidia:Manager--Infrastructure-Engineering-and-DevOps_JR2023224,New,,,,,2026-08-17T03:14:05+00:00,2026-08-17T03:14:05+00:00
workday:nvidia:Senior-Software-Engineer--Cloud-Platform_JR2022909,New,,,,,2026-08-17T03:14:05+00:00,2026-08-17T03:14:05+00:00
workday:nvidia:Senior-System-Software-Engineer--Platform-and-Performance---GeForce-Now_JR2022872,New,,,,,2026-08-17T03:14:05+00:00,2026-08-17T03:14:05+00:00
workday:nvidia:Host-and-Systems-Performance-Senior-Manager_JR2020481,New,,,,,2026-08-17T03:14:05+00:00,2026-08-17T03:14:05+00:00
workday:nvidia:Senior-Material-Procurement-Manager_JR2019506,New,,,,,2026-08-17T03:14:05+00:00,2026-08-17T03:14:05+00:00
workday:nvidia:Lab-Manager---Hardware-Engineering_JR2018735,New,,,,,2026-08-17T03:14:05+00:00,2026-08-17T03:14:05+00:00
internshala:artificial-intelligence-ai-internship:3242358,New,,,,,2026-08-17T01:53:37+00:00,2026-08-17T01:53:37+00:00
internshala:artificial-intelligence-ai-internship:3242549,New,,,,,2026-08-17T01:53:37+00:00,2026-08-17T01:53:37+00:00
internshala:artificial-intelligence-ai-internship:3242535,New,,,,,2026-08-17T01:53:37+00:00,2026-08-17T01:53:37+00:00
internshala:artificial-intelligence-ai-internship:3242368,New,,,,,2026-08-17T01:53:37+00:00,2026-08-17T01:53:37+00:00
internshala:data-science-internship:3242358,New,,,,,2026-08-17T01:53:37+00:00,2026-08-17T01:53:37+00:00
internshala:data-science-internship:3242492,New,,,,,2026-08-17T01:53:37+00:00,2026-08-17T01:53:37+00:00
internshala:data-science-internship:3242549,New,,,,,2026-08-17T01:53:37+00:00,2026-08-17T01:53:37+00:00
internshala:data-science-internship:3242535,New,,,,,2026-08-17T01:53:37+00:00,2026-08-17T01:53:37+00:00
internshala:data-science-internship:3242369,New,,,,,2026-08-17T01:53:37+00:00,2026-08-17T01:53:37+00:00
internshala:data-science-internship:3242368,New,,,,,2026-08-17T01:53:37+00:00,2026-08-17T01:53:37+00:00
internshala:machine-learning-internship:3242358,New,,,,,2026-08-17T01:53:36+00:00,2026-08-17T01:53:36+00:00
internshala:machine-learning-internship:3242549,New,,,,,2026-08-17T01:53:36+00:00,2026-08-17T01:53:36+00:00
internshala:machine-learning-internship:3242535,New,,,,,2026-08-17T01:53:36+00:00,2026-08-17T01:53:36+00:00
internshala:machine-learning-internship:3242377,New,,,,,2026-08-17T01:53:36+00:00,2026-08-17T01:53:36+00:00
internshala:machine-learning-internship:3242368,New,,,,,2026-08-17T01:53:36+00:00,2026-08-17T01:53:36+00:00
workday:nvidia:Senior-Technical-Program-Manager_JR1997243-1,New,,,,,2026-08-16T14:38:33+00:00,2026-08-16T14:38:33+00:00
workday:salesforce:Senior-Director--Renewals_JR327643,New,,,,,2026-08-16T14:38:33+00:00,2026-08-16T14:38:33+00:00
internshala:machine-learning-internship:3242207,New,,,,,2026-08-15T22:36:07+00:00,2026-08-15T22:36:07+00:00
internshala:machine-learning-internship:3241362,New,,,,,2026-08-15T22:36:07+00:00,2026-08-15T22:36:07+00:00
internshala:machine-learning-internship:3241918,New,,,,,2026-08-15T22:36:07+00:00,2026-08-15T22:36:07+00:00
internshala:machine-learning-internship:3241913,New,,,,,2026-08-15T22:36:07+00:00,2026-08-15T22:36:07+00:00
internshala:artificial-intelligence-ai-internship:3242207,New,,,,,2026-08-15T22:36:07+00:00,2026-08-15T22:36:07+00:00
internshala:artificial-intelligence-ai-internship:3241362,New,,,,,2026-08-15T22:36:07+00:00,2026-08-15T22:36:07+00:00
internshala:artificial-intelligence-ai-internship:3241913,New,,,,,2026-08-15T22:36:07+00:00,2026-08-15T22:36:07+00:00
internshala:data-science-internship:3242226,New,,,,,2026-08-15T22:36:07+00:00,2026-08-15T22:36:07+00:00
internshala:data-science-internship:3242207,New,,,,,2026-08-15T22:36:07+00:00,2026-08-15T22:36:07+00:00
internshala:data-science-internship:3241362,New,,,,,2026-08-15T22:36:07+00:00,2026-08-15T22:36:07+00:00
internshala:data-science-internship:3241915,New,,,,,2026-08-15T22:36:07+00:00,2026-08-15T22:36:07+00:00
internshala:data-science-internship:3241913,New,,,,,2026-08-15T22:36:07+00:00,2026-08-15T22:36:07+00:00
workday:nvidia:Senior-Software-Engineer--C---and-CUDA---Analytics-and-Data-Intelligence_JR2023072-1,New,,,,,2026-08-15T10:39:27+00:00,2026-08-15T10:39:27+00:00
workday:nvidia:Senior-Software-Program-Manager---CSP-Engagements_JR2013691,New,,,,,2026-08-15T10:39:27+00:00,2026-08-15T10:39:27+00:00
workday:nvidia:Developer-Relations-Manager--AI-Platform-and-Tools---MLOps_JR2018976,New,,,,,2026-08-15T10:39:27+00:00,2026-08-15T10:39:27+00:00
workday:nvidia:Director--Product-Marketing---NVIDIA-Retail-AI_JR2021824,New,,,,,2026-08-15T10:39:27+00:00,2026-08-15T10:39:27+00:00
workday:nvidia:Senior-AI-Compiler-Engineer--MLIR_JR2022727,New,,,,,2026-08-15T10:39:27+00:00,2026-08-15T10:39:27+00:00
workday:nvidia:Senior-Technical-Program-Manager---Software-Release-and-Documentation_JR2017273,New,,,,,2026-08-15T10:39:27+00:00,2026-08-15T10:39:27+00:00
workday:nvidia:Software-Engineer---DPU-Platform_JR2015949-1,New,,,,,2026-08-15T10:39:27+00:00,2026-08-15T10:39:27+00:00
workday:nvidia:Demand-Planning-Analyst_JR2022819,New,,,,,2026-08-15T10:39:27+00:00,2026-08-15T10:39:27+00:00
workday:nvidia:Senior-Executive-Events-Manager_JR2023151-1,New,,,,,2026-08-15T10:39:27+00:00,2026-08-15T10:39:27+00:00
workday:nvidia:Principal-Power-and-Performance-Architect_JR2013000,New,,,,,2026-08-15T10:39:27+00:00,2026-08-15T10:39:27+00:00
workday:nvidia:Senior-ASIC-Design-Engineer---Clocks-IP_JR2022532,New,,,,,2026-08-15T10:39:27+00:00,2026-08-15T10:39:27+00:00
greenhouse:postman:7871968003,New,,,,,2026-08-14T22:38:21+00:00,2026-08-14T22:38:21+00:00
greenhouse:postman:7871879003,New,,,,,2026-08-14T22:38:21+00:00,2026-08-14T22:38:21+00:00
workday:nvidia:Senior-Software-Engineer--Hardware-Tools-and-Methodology-Development_JR2012046,New,,,,,2026-08-14T20:46:03+00:00,2026-08-14T20:46:03+00:00
workday:nvidia:Senior-Software-Engineer--AI-Inference-Systems_JR2008495,New,,,,,2026-08-14T20:46:03+00:00,2026-08-14T20:46:03+00:00
workday:nvidia:Senior-Deep-Learning-Compiler-Engineer---XLA_JR2019844,New,,,,,2026-08-14T20:46:03+00:00,2026-08-14T20:46:03+00:00
workday:nvidia:Material-Handler_JR2019401,New,,,,,2026-08-14T20:46:03+00:00,2026-08-14T20:46:03+00:00
workday:nvidia:Compiler-Engineer---AI-Inference_JR2023372,New,,,,,2026-08-14T20:46:03+00:00,2026-08-14T20:46:03+00:00
workday:nvidia:Forward-Product-Engineering-Lead_JR2023339,New,,,,,2026-08-14T20:46:03+00:00,2026-08-14T20:46:03+00:00
workday:nvidia:Senior-Cell-Modeling-and-Verification-Engineer_JR2015659,New,,,,,2026-08-14T20:46:03+00:00,2026-08-14T20:46:03+00:00
workday:nvidia:Senior-Performance-Engineer---Deep-Learning_JR2014047,New,,,,,2026-08-14T20:46:03+00:00,2026-08-14T20:46:03+00:00
workday:nvidia:Senior-ASIC-Verification-Engineer_JR2002691-1,New,,,,,2026-08-14T20:46:03+00:00,2026-08-14T20:46:03+00:00
workday:nvidia:Senior-ASIC-Design-Engineer_JR2021345,New,,,,,2026-08-14T20:46:03+00:00,2026-08-14T20:46:03+00:00
workday:nvidia:Senior-System-Mechanical-Engineer---LPU-Platform_JR2017840,New,,,,,2026-08-14T20:46:03+00:00,2026-08-14T20:46:03+00:00
workday:nvidia:Senior-Firmware-Engineer---LPU_JR2017843,New,,,,,2026-08-14T20:46:03+00:00,2026-08-14T20:46:03+00:00
workday:nvidia:Senior-Mask-Design-Engineer---Hardware_JR2022912,New,,,,,2026-08-14T20:46:03+00:00,2026-08-14T20:46:03+00:00
workday:nvidia:Senior-Security-Engineer--Detection-Engineering_JR2022836,New,,,,,2026-08-14T20:46:03+00:00,2026-08-14T20:46:03+00:00
workday:nvidia:Systems-Software-Engineer--CPU-Manageability-Stack_JR2023337,New,,,,,2026-08-14T20:46:03+00:00,2026-08-14T20:46:03+00:00
workday:nvidia:Software-Engineer--Infrastructure---DGX-Cloud_JR2022400,New,,,,,2026-08-14T20:46:03+00:00,2026-08-14T20:46:03+00:00
workday:nvidia:Senior-Engineer-System-Software--SDN-Operations_JR2023005,New,,,,,2026-08-14T20:46:03+00:00,2026-08-14T20:46:03+00:00
workday:nvidia:Senior-Agentic-AI-Software-Engineer_JR2023179,New,,,,,2026-08-14T20:46:03+00:00,2026-08-14T20:46:03+00:00
workday:nvidia:Senior-Software-Engineer--Full-Stack_JR2022263,New,,,,,2026-08-14T20:46:03+00:00,2026-08-14T20:46:03+00:00
workday:nvidia:Senior-Deep-Learning-Algorithm-Engineer_JR2022994,New,,,,,2026-08-14T20:46:03+00:00,2026-08-14T20:46:03+00:00
workday:nvidia:Senior-Software-Engineer--Machine-Learning-Safety_JR2023004,New,,,,,2026-08-14T20:46:03+00:00,2026-08-14T20:46:03+00:00
workday:nvidia:Senior-System-Software-Engineer---Boot-SW-Engineer_JR2023304,New,,,,,2026-08-14T20:46:03+00:00,2026-08-14T20:46:03+00:00
workday:nvidia:Internal-Auditor---Operations_JR2022650,New,,,,,2026-08-14T20:46:03+00:00,2026-08-14T20:46:03+00:00
workday:nvidia:Senior-Account-Manager---Thailand_JR2023100,New,,,,,2026-08-14T20:46:03+00:00,2026-08-14T20:46:03+00:00
workday:nvidia:Software-Engineer--Deep-Learning-Libraries---New-College-Graduate-2026_JR2023252,New,,,,,2026-08-14T20:46:03+00:00,2026-08-14T20:46:03+00:00
workday:nvidia:ASIC-Engineer_JR2023232,New,,,,,2026-08-14T20:46:03+00:00,2026-08-14T20:46:03+00:00
workday:nvidia:SOC-Verification-Engineer_JR2023239,New,,,,,2026-08-14T20:46:03+00:00,2026-08-14T20:46:03+00:00
workday:nvidia:FC-Verification-Engineer_JR2021916-1,New,,,,,2026-08-14T20:46:03+00:00,2026-08-14T20:46:03+00:00
workday:salesforce:Senior-Product-Marketing-Manager---GTM-Strategy---Execution_JR356324,New,,,,,2026-08-14T20:46:03+00:00,2026-08-14T20:46:03+00:00
workday:salesforce:Senior-Manager--CSM-Onboarding---Enablement--Internal-Only-_JR351070-1,New,,,,,2026-08-14T20:46:03+00:00,2026-08-14T20:46:03+00:00
workday:salesforce:Senior-Technical-Recruiter_JR345905,New,,,,,2026-08-14T20:46:03+00:00,2026-08-14T20:46:03+00:00
workday:salesforce:APAC-Tax-Analyst_JR355695,New,,,,,2026-08-14T20:46:03+00:00,2026-08-14T20:46:03+00:00
internshala:data-science-internship:3241194,New,,,,,2026-08-14T20:43:44+00:00,2026-08-14T20:43:44+00:00
internshala:data-science-internship:3241253,New,,,,,2026-08-14T20:43:44+00:00,2026-08-14T20:43:44+00:00
internshala:data-science-internship:3241095,New,,,,,2026-08-14T20:43:44+00:00,2026-08-14T20:43:44+00:00
internshala:data-science-internship:3241325,New,,,,,2026-08-14T20:43:44+00:00,2026-08-14T20:43:44+00:00
internshala:data-science-internship:3241326,New,,,,,2026-08-14T20:43:44+00:00,2026-08-14T20:43:44+00:00
internshala:data-science-internship:3241096,New,,,,,2026-08-14T20:43:44+00:00,2026-08-14T20:43:44+00:00
internshala:data-science-internship:3241094,New,,,,,2026-08-14T20:43:44+00:00,2026-08-14T20:43:44+00:00
internshala:data-science-internship:3239863,New,,,,,2026-08-14T20:43:44+00:00,2026-08-14T20:43:44+00:00
internshala:data-science-internship:3241080,New,,,,,2026-08-14T20:43:44+00:00,2026-08-14T20:43:44+00:00
internshala:data-science-internship:3241056,New,,,,,2026-08-14T20:43:44+00:00,2026-08-14T20:43:44+00:00
internshala:data-science-internship:3240573,New,,,,,2026-08-14T20:43:44+00:00,2026-08-14T20:43:44+00:00
internshala:data-science-internship:3239735,New,,,,,2026-08-14T20:43:44+00:00,2026-08-14T20:43:44+00:00
internshala:data-science-internship:3241223,New,,,,,2026-08-14T20:43:44+00:00,2026-08-14T20:43:44+00:00
internshala:data-science-internship:3241222,New,,,,,2026-08-14T20:43:44+00:00,2026-08-14T20:43:44+00:00
internshala:data-science-internship:3241208,New,,,,,2026-08-14T20:43:44+00:00,2026-08-14T20:43:44+00:00
internshala:data-science-internship:3241192,New,,,,,2026-08-14T20:43:44+00:00,2026-08-14T20:43:44+00:00
internshala:data-science-internship:3241181,New,,,,,2026-08-14T20:43:44+00:00,2026-08-14T20:43:44+00:00
internshala:data-science-internship:3241171,New,,,,,2026-08-14T20:43:44+00:00,2026-08-14T20:43:44+00:00
internshala:data-science-internship:3241079,New,,,,,2026-08-14T20:43:44+00:00,2026-08-14T20:43:44+00:00
internshala:data-science-internship:3241067,New,,,,,2026-08-14T20:43:44+00:00,2026-08-14T20:43:44+00:00
internshala:data-science-internship:3238923,New,,,,,2026-08-14T20:43:44+00:00,2026-08-14T20:43:44+00:00
internshala:data-science-internship:3240708,New,,,,,2026-08-14T20:43:44+00:00,2026-08-14T20:43:44+00:00
internshala:data-science-internship:3239889,New,,,,,2026-08-14T20:43:44+00:00,2026-08-14T20:43:44+00:00
internshala:data-science-internship:3240643,New,,,,,2026-08-14T20:43:44+00:00,2026-08-14T20:43:44+00:00
internshala:data-science-internship:3240620,New,,,,,2026-08-14T20:43:44+00:00,2026-08-14T20:43:44+00:00
internshala:data-science-internship:3240618,New,,,,,2026-08-14T20:43:44+00:00,2026-08-14T20:43:44+00:00
internshala:data-science-internship:3236565,New,,,,,2026-08-14T20:43:44+00:00,2026-08-14T20:43:44+00:00
internshala:data-science-internship:3240584,New,,,,,2026-08-14T20:43:44+00:00,2026-08-14T20:43:44+00:00
internshala:machine-learning-internship:3241080,New,,,,,2026-08-14T20:43:43+00:00,2026-08-14T20:43:43+00:00
internshala:machine-learning-internship:3241222,New,,,,,2026-08-14T20:43:43+00:00,2026-08-14T20:43:43+00:00
internshala:machine-learning-internship:3241094,New,,,,,2026-08-14T20:43:43+00:00,2026-08-14T20:43:43+00:00
internshala:machine-learning-internship:3241067,New,,,,,2026-08-14T20:43:43+00:00,2026-08-14T20:43:43+00:00
internshala:machine-learning-internship:3241194,New,,,,,2026-08-14T20:43:43+00:00,2026-08-14T20:43:43+00:00
internshala:machine-learning-internship:3241050,New,,,,,2026-08-14T20:43:43+00:00,2026-08-14T20:43:43+00:00
internshala:machine-learning-internship:3241181,New,,,,,2026-08-14T20:43:43+00:00,2026-08-14T20:43:43+00:00
internshala:machine-learning-internship:3238923,New,,,,,2026-08-14T20:43:43+00:00,2026-08-14T20:43:43+00:00
internshala:machine-learning-internship:3240620,New,,,,,2026-08-14T20:43:43+00:00,2026-08-14T20:43:43+00:00
internshala:machine-learning-internship:3240606,New,,,,,2026-08-14T20:43:43+00:00,2026-08-14T20:43:43+00:00
internshala:artificial-intelligence-ai-internship:3241095,New,,,,,2026-08-14T20:43:43+00:00,2026-08-14T20:43:43+00:00
internshala:artificial-intelligence-ai-internship:3241094,New,,,,,2026-08-14T20:43:43+00:00,2026-08-14T20:43:43+00:00
internshala:artificial-intelligence-ai-internship:3241194,New,,,,,2026-08-14T20:43:43+00:00,2026-08-14T20:43:43+00:00
internshala:artificial-intelligence-ai-internship:3241096,New,,,,,2026-08-14T20:43:43+00:00,2026-08-14T20:43:43+00:00
internshala:artificial-intelligence-ai-internship:3241080,New,,,,,2026-08-14T20:43:43+00:00,2026-08-14T20:43:43+00:00
internshala:artificial-intelligence-ai-internship:3241056,New,,,,,2026-08-14T20:43:43+00:00,2026-08-14T20:43:43+00:00
internshala:artificial-intelligence-ai-internship:3240573,New,,,,,2026-08-14T20:43:43+00:00,2026-08-14T20:43:43+00:00
internshala:artificial-intelligence-ai-internship:3239735,New,,,,,2026-08-14T20:43:43+00:00,2026-08-14T20:43:43+00:00
internshala:artificial-intelligence-ai-internship:3241222,New,,,,,2026-08-14T20:43:43+00:00,2026-08-14T20:43:43+00:00
internshala:artificial-intelligence-ai-internship:3241208,New,,,,,2026-08-14T20:43:43+00:00,2026-08-14T20:43:43+00:00
internshala:artificial-intelligence-ai-internship:3241181,New,,,,,2026-08-14T20:43:43+00:00,2026-08-14T20:43:43+00:00
internshala:artificial-intelligence-ai-internship:3241079,New,,,,,2026-08-14T20:43:43+00:00,2026-08-14T20:43:43+00:00
internshala:artificial-intelligence-ai-internship:3241067,New,,,,,2026-08-14T20:43:43+00:00,2026-08-14T20:43:43+00:00
internshala:artificial-intelligence-ai-internship:3238923,New,,,,,2026-08-14T20:43:43+00:00,2026-08-14T20:43:43+00:00
internshala:artificial-intelligence-ai-internship:3240620,New,,,,,2026-08-14T20:43:43+00:00,2026-08-14T20:43:43+00:00
internshala:artificial-intelligence-ai-internship:3236565,New,,,,,2026-08-14T20:43:43+00:00,2026-08-14T20:43:43+00:00
greenhouse:razorpaysoftwareprivatelimited:4697514005,New,,,,,2026-08-14T17:09:26+00:00,2026-08-14T17:09:26+00:00
greenhouse:razorpaysoftwareprivatelimited:4718634005,New,,,,,2026-08-14T11:07:39+00:00,2026-08-14T11:07:39+00:00
workday:nvidia:Enterprise-AI-Factory-Segment-Sales-Leader---Global_JR2021695,New,,,,,2026-08-14T07:50:06+00:00,2026-08-14T07:50:06+00:00
workday:nvidia:Senior-GPU-Supercomputer-Scheduler-Engineer_JR2013609,New,,,,,2026-08-14T07:50:06+00:00,2026-08-14T07:50:06+00:00
workday:nvidia:Senior-DevOps-Engineer--Platform-Engineering_JR1968596,New,,,,,2026-08-14T07:50:06+00:00,2026-08-14T07:50:06+00:00
workday:nvidia:Senior-Manager--Software-Engineering---NIM-Factory_JR2003911,New,,,,,2026-08-14T07:50:06+00:00,2026-08-14T07:50:06+00:00
workday:nvidia:Senior-Director--Industry-Analyst-Relations-and-Market-Intelligence_JR2023144-1,New,,,,,2026-08-14T07:50:06+00:00,2026-08-14T07:50:06+00:00
workday:nvidia:Senior-HPC-and-Quantum-Systems-Engineer_JR2023428,New,,,,,2026-08-14T07:50:06+00:00,2026-08-14T07:50:06+00:00
workday:nvidia:Senior-DFT-Engineer_JR2019303,New,,,,,2026-08-14T07:50:06+00:00,2026-08-14T07:50:06+00:00
workday:nvidia:Senior-Software-Engineer--Next-Generation-Architecture---EDA-Infrastructure_JR2014880,New,,,,,2026-08-14T07:50:06+00:00,2026-08-14T07:50:06+00:00
workday:nvidia:Senior-Software-Engineer--Networking_JR2022915,New,,,,,2026-08-14T07:50:06+00:00,2026-08-14T07:50:06+00:00
workday:nvidia:ASIC-Physical-Design-Engineer--Netlisting---New-College-Grad-2026_JR2017681,New,,,,,2026-08-14T07:50:06+00:00,2026-08-14T07:50:06+00:00
workday:nvidia:Senior-Compiler-Engineer---Backend-GPU_JR2014033-1,New,,,,,2026-08-14T07:50:06+00:00,2026-08-14T07:50:06+00:00
workday:nvidia:Senior-Software-Performance-Engineer---AV-Platform_JR2016777,New,,,,,2026-08-14T07:50:06+00:00,2026-08-14T07:50:06+00:00
workday:nvidia:Senior-Verification-Engineer---Hardware_JR2020604,New,,,,,2026-08-14T07:50:06+00:00,2026-08-14T07:50:06+00:00
workday:nvidia:Senior-Verification-Engineer----ARM-Fabric-Unit-Level_JR2020600,New,,,,,2026-08-14T07:50:06+00:00,2026-08-14T07:50:06+00:00
workday:nvidia:Senior-Verification-Engineer---HSIO-Cluster-and-SOC_JR2020603-1,New,,,,,2026-08-14T07:50:06+00:00,2026-08-14T07:50:06+00:00
workday:nvidia:Senior-Verification-Engineer_JR2017971,New,,,,,2026-08-14T07:50:06+00:00,2026-08-14T07:50:06+00:00
workday:nvidia:Senior-Verification-Engineer_JR2017972,New,,,,,2026-08-14T07:50:06+00:00,2026-08-14T07:50:06+00:00
workday:nvidia:Senior-Applied-Research-Scientist--Multimodal-Foundation-Models---Healthcare_JR2022219,New,,,,,2026-08-14T07:50:06+00:00,2026-08-14T07:50:06+00:00
workday:nvidia:ASIC-Verification-Engineer_JR2019597,New,,,,,2026-08-14T07:50:06+00:00,2026-08-14T07:50:06+00:00
workday:nvidia:ASIC-Verification-Engineer_JR2019596,New,,,,,2026-08-14T07:50:06+00:00,2026-08-14T07:50:06+00:00
workday:salesforce:Data360-Success-Architect_JR356148,New,,,,,2026-08-14T07:50:06+00:00,2026-08-14T07:50:06+00:00
workday:salesforce:Sr-Director--CoE-Solution---Delivery-Design-Lead_JR343962,New,,,,,2026-08-14T07:50:06+00:00,2026-08-14T07:50:06+00:00
workday:salesforce:Director--Regional-Success-Architecture-MC-FY27-Q3_JR356080,New,,,,,2026-08-14T07:50:06+00:00,2026-08-14T07:50:06+00:00
workday:salesforce:SMTS--Zuora-Revenue-System-Engineer_JR335227,New,,,,,2026-08-14T07:50:06+00:00,2026-08-14T07:50:06+00:00
greenhouse:postman:7858498003,New,,,,,2026-08-14T07:47:43+00:00,2026-08-14T07:47:43+00:00
greenhouse:razorpaysoftwareprivatelimited:4724183005,New,,,,,2026-08-14T07:47:43+00:00,2026-08-14T07:47:43+00:00
greenhouse:razorpaysoftwareprivatelimited:4723067005,New,,,,,2026-08-14T07:47:43+00:00,2026-08-14T07:47:43+00:00
greenhouse:postman:7866800003,New,,,,,2026-08-13T23:00:17+00:00,2026-08-13T23:00:17+00:00
greenhouse:postman:7452188003,New,,,,,2026-08-13T23:00:17+00:00,2026-08-13T23:00:17+00:00
workday:salesforce:Signature-Success--Specialist-Solution-Engineer_JR353920,New,,,,,2026-08-13T19:20:43+00:00,2026-08-13T19:20:43+00:00
workday:salesforce:Lead-Software-Engineer---LMTS---Backend---Bangalore_JR282411,New,,,,,2026-08-13T19:20:43+00:00,2026-08-13T19:20:43+00:00
workday:salesforce:Customer-Success-Manager--Senior-Manager---Digital--Marketing---Commerce--Clouds_JR332575,New,,,,,2026-08-13T19:20:43+00:00,2026-08-13T19:20:43+00:00
workday:salesforce:Success-Architect-Commerce-Cloud--B2C-_JR356070,New,,,,,2026-08-13T19:20:43+00:00,2026-08-13T19:20:43+00:00
workday:salesforce:Product-Security---Vulnerability-Response-Engineer_JR341675,New,,,,,2026-08-13T19:20:43+00:00,2026-08-13T19:20:43+00:00
workday:salesforce:Success-Architect---B2B-Commerce_JR344228,New,,,,,2026-08-13T19:20:43+00:00,2026-08-13T19:20:43+00:00
workday:salesforce:Salesforce-Technical-Manager---Core-Data_JR352778,New,,,,,2026-08-13T19:20:43+00:00,2026-08-13T19:20:43+00:00
workday:salesforce:Salesforce-Technical-Manager---DevOps_JR352780,New,,,,,2026-08-13T19:20:43+00:00,2026-08-13T19:20:43+00:00
workday:nvidia:Senior-IP-Design-Verification-Engineer---XBAR-IP_JR2019350,New,,,,,2026-08-13T19:20:42+00:00,2026-08-13T19:20:42+00:00
workday:nvidia:Senior-Solutions-Architect--NVIDIA-Cloud-Partner-Operations_JR2022978,New,,,,,2026-08-13T19:20:42+00:00,2026-08-13T19:20:42+00:00
workday:nvidia:Office-Manager_JR2016455,New,,,,,2026-08-13T19:20:42+00:00,2026-08-13T19:20:42+00:00
workday:nvidia:Senior-Validation-and-Qualification-Engineer_JR2019709,New,,,,,2026-08-13T19:20:42+00:00,2026-08-13T19:20:42+00:00
workday:nvidia:System-Software-Architect_JR2023211,New,,,,,2026-08-13T19:20:42+00:00,2026-08-13T19:20:42+00:00
workday:nvidia:Senior-ASIC-Design-Verification-Infrastructure-and-Tools-Engineer---GPU_JR2022848,New,,,,,2026-08-13T19:20:42+00:00,2026-08-13T19:20:42+00:00
workday:nvidia:Senior-HPC-and-Quantum-Systems-Engineer_JR2015584,New,,,,,2026-08-13T19:20:42+00:00,2026-08-13T19:20:42+00:00
workday:nvidia:Senior-HPC-DevOps-Engineer--NCS_JR2022973,New,,,,,2026-08-13T19:20:42+00:00,2026-08-13T19:20:42+00:00
workday:nvidia:Senior-HPC-and-Quantum-Systems-Engineer_JR2010856,New,,,,,2026-08-13T19:20:42+00:00,2026-08-13T19:20:42+00:00
workday:nvidia:Contact-Center-Manager_JR2017193,New,,,,,2026-08-13T19:20:42+00:00,2026-08-13T19:20:42+00:00
workday:nvidia:Senior-IP-Verification-Engineer_JR2015186,New,,,,,2026-08-13T19:20:42+00:00,2026-08-13T19:20:42+00:00
workday:nvidia:Senior-Software-Engineer--SONiC---Networking_JR2022751,New,,,,,2026-08-13T19:20:42+00:00,2026-08-13T19:20:42+00:00
workday:nvidia:Senior-ASIC-Verification-Engineer---PMU_JR2022863,New,,,,,2026-08-13T19:20:42+00:00,2026-08-13T19:20:42+00:00
workday:nvidia:Performance-Engineer_JR2023110,New,,,,,2026-08-13T19:20:42+00:00,2026-08-13T19:20:42+00:00
workday:nvidia:Senior-Product-Manager---AI-Inference-Performance_JR2022876,New,,,,,2026-08-13T19:20:42+00:00,2026-08-13T19:20:42+00:00
workday:nvidia:Senior-Signal-and-Power-Integrity-Engineer_JR2023011,New,,,,,2026-08-13T19:20:42+00:00,2026-08-13T19:20:42+00:00
workday:nvidia:Circuit-Design-Engineer---Hardware_JR2023212-1,New,,,,,2026-08-13T19:20:42+00:00,2026-08-13T19:20:42+00:00
workday:nvidia:Senior-Packaging-Technical-Engineer---Hardware_JR2023111,New,,,,,2026-08-13T19:20:42+00:00,2026-08-13T19:20:42+00:00
workday:nvidia:Senior-Test-Design-Architect_JR1998049,New,,,,,2026-08-13T19:20:42+00:00,2026-08-13T19:20:42+00:00
workday:nvidia:Software-Engineer---SONiC-Verification_JR2022775,New,,,,,2026-08-13T19:20:42+00:00,2026-08-13T19:20:42+00:00
workday:nvidia:Software-Verification-Engineer--Networking_JR2022969-1,New,,,,,2026-08-13T19:20:42+00:00,2026-08-13T19:20:42+00:00
workday:nvidia:Solution-Architect--Public-Sector_JR2017881,New,,,,,2026-08-13T19:20:42+00:00,2026-08-13T19:20:42+00:00
workday:nvidia:Senior-Software-Engineer---Image-and-Data-Processing-Libraries_JR2022702,New,,,,,2026-08-13T19:20:42+00:00,2026-08-13T19:20:42+00:00
workday:nvidia:Senior-Applied-Research-Scientist---GPU-Native-Numerical-Algorithms_JR2023075,New,,,,,2026-08-13T19:20:42+00:00,2026-08-13T19:20:42+00:00
workday:nvidia:Senior-Performance-Engineer_JR2021541,New,,,,,2026-08-13T19:20:42+00:00,2026-08-13T19:20:42+00:00
workday:nvidia:Senior-HPC-Platform-Architect_JR2022882,New,,,,,2026-08-13T19:20:42+00:00,2026-08-13T19:20:42+00:00
workday:nvidia:Manager--Real-Estate-and-Site-Services_JR2022799,New,,,,,2026-08-13T19:20:42+00:00,2026-08-13T19:20:42+00:00
workday:nvidia:Senior-Verification-Engineer_JR2023223,New,,,,,2026-08-13T19:20:42+00:00,2026-08-13T19:20:42+00:00
workday:nvidia:Director--Real-Estate-and-Site-Services_JR2020785,New,,,,,2026-08-13T19:20:42+00:00,2026-08-13T19:20:42+00:00
workday:nvidia:Software-Engineering-Manager--Networking-Tools-Team_JR2022733,New,,,,,2026-08-13T19:20:42+00:00,2026-08-13T19:20:42+00:00
workday:nvidia:Senior-Software-Engineer--AIOps_JR2023309-1,New,,,,,2026-08-13T19:20:42+00:00,2026-08-13T19:20:42+00:00
internshala:data-science-internship:3239099,New,,,,,2026-08-13T19:18:27+00:00,2026-08-13T19:18:27+00:00
internshala:data-science-internship:3238834,New,,,,,2026-08-13T19:18:27+00:00,2026-08-13T19:18:27+00:00
internshala:data-science-internship:3239630,New,,,,,2026-08-13T19:18:27+00:00,2026-08-13T19:18:27+00:00
internshala:data-science-internship:3238828,New,,,,,2026-08-13T19:18:27+00:00,2026-08-13T19:18:27+00:00
internshala:data-science-internship:3239634,New,,,,,2026-08-13T19:18:27+00:00,2026-08-13T19:18:27+00:00
internshala:data-science-internship:3239629,New,,,,,2026-08-13T19:18:27+00:00,2026-08-13T19:18:27+00:00
internshala:data-science-internship:3239474,New,,,,,2026-08-13T19:18:27+00:00,2026-08-13T19:18:27+00:00
internshala:data-science-internship:3238502,New,,,,,2026-08-13T19:18:27+00:00,2026-08-13T19:18:27+00:00
internshala:data-science-internship:3238579,New,,,,,2026-08-13T19:18:27+00:00,2026-08-13T19:18:27+00:00
internshala:data-science-internship:3237808,New,,,,,2026-08-13T19:18:27+00:00,2026-08-13T19:18:27+00:00
internshala:data-science-internship:3239194,New,,,,,2026-08-13T19:18:27+00:00,2026-08-13T19:18:27+00:00
internshala:data-science-internship:3239842,New,,,,,2026-08-13T19:18:27+00:00,2026-08-13T19:18:27+00:00
internshala:data-science-internship:3239837,New,,,,,2026-08-13T19:18:27+00:00,2026-08-13T19:18:27+00:00
internshala:data-science-internship:3238146,New,,,,,2026-08-13T19:18:27+00:00,2026-08-13T19:18:27+00:00
internshala:data-science-internship:3239191,New,,,,,2026-08-13T19:18:27+00:00,2026-08-13T19:18:27+00:00
internshala:data-science-internship:3239791,New,,,,,2026-08-13T19:18:27+00:00,2026-08-13T19:18:27+00:00
internshala:data-science-internship:3239668,New,,,,,2026-08-13T19:18:27+00:00,2026-08-13T19:18:27+00:00
internshala:data-science-internship:3239710,New,,,,,2026-08-13T19:18:27+00:00,2026-08-13T19:18:27+00:00
internshala:data-science-internship:3238873,New,,,,,2026-08-13T19:18:27+00:00,2026-08-13T19:18:27+00:00
internshala:data-science-internship:3235964,New,,,,,2026-08-13T19:18:27+00:00,2026-08-13T19:18:27+00:00
internshala:data-science-internship:3239211,New,,,,,2026-08-13T19:18:27+00:00,2026-08-13T19:18:27+00:00
internshala:data-science-internship:3239485,New,,,,,2026-08-13T19:18:27+00:00,2026-08-13T19:18:27+00:00
internshala:data-science-internship:3239133,New,,,,,2026-08-13T19:18:27+00:00,2026-08-13T19:18:27+00:00
internshala:data-science-internship:3239145,New,,,,,2026-08-13T19:18:27+00:00,2026-08-13T19:18:27+00:00
internshala:data-science-internship:3238016,New,,,,,2026-08-13T19:18:27+00:00,2026-08-13T19:18:27+00:00
internshala:data-science-internship:3237696,New,,,,,2026-08-13T19:18:27+00:00,2026-08-13T19:18:27+00:00
internshala:data-science-internship:3237815,New,,,,,2026-08-13T19:18:27+00:00,2026-08-13T19:18:27+00:00
internshala:data-science-internship:3239155,New,,,,,2026-08-13T19:18:27+00:00,2026-08-13T19:18:27+00:00
internshala:data-science-internship:3239152,New,,,,,2026-08-13T19:18:27+00:00,2026-08-13T19:18:27+00:00
internshala:machine-learning-internship:3237696,New,,,,,2026-08-13T19:18:26+00:00,2026-08-13T19:18:26+00:00
internshala:machine-learning-internship:3239634,New,,,,,2026-08-13T19:18:26+00:00,2026-08-13T19:18:26+00:00
internshala:machine-learning-internship:3239194,New,,,,,2026-08-13T19:18:26+00:00,2026-08-13T19:18:26+00:00
internshala:machine-learning-internship:3238873,New,,,,,2026-08-13T19:18:26+00:00,2026-08-13T19:18:26+00:00
internshala:machine-learning-internship:3239842,New,,,,,2026-08-13T19:18:26+00:00,2026-08-13T19:18:26+00:00
internshala:machine-learning-internship:3239840,New,,,,,2026-08-13T19:18:26+00:00,2026-08-13T19:18:26+00:00
internshala:machine-learning-internship:3238146,New,,,,,2026-08-13T19:18:26+00:00,2026-08-13T19:18:26+00:00
internshala:machine-learning-internship:3239145,New,,,,,2026-08-13T19:18:26+00:00,2026-08-13T19:18:26+00:00
internshala:machine-learning-internship:3239155,New,,,,,2026-08-13T19:18:26+00:00,2026-08-13T19:18:26+00:00
internshala:machine-learning-internship:3239088,New,,,,,2026-08-13T19:18:26+00:00,2026-08-13T19:18:26+00:00
internshala:artificial-intelligence-ai-internship:3239474,New,,,,,2026-08-13T19:18:26+00:00,2026-08-13T19:18:26+00:00
internshala:artificial-intelligence-ai-internship:3238834,New,,,,,2026-08-13T19:18:26+00:00,2026-08-13T19:18:26+00:00
internshala:artificial-intelligence-ai-internship:3239099,New,,,,,2026-08-13T19:18:26+00:00,2026-08-13T19:18:26+00:00
internshala:artificial-intelligence-ai-internship:3238828,New,,,,,2026-08-13T19:18:26+00:00,2026-08-13T19:18:26+00:00
internshala:artificial-intelligence-ai-internship:3239630,New,,,,,2026-08-13T19:18:26+00:00,2026-08-13T19:18:26+00:00
internshala:artificial-intelligence-ai-internship:3239634,New,,,,,2026-08-13T19:18:26+00:00,2026-08-13T19:18:26+00:00
internshala:artificial-intelligence-ai-internship:3239629,New,,,,,2026-08-13T19:18:26+00:00,2026-08-13T19:18:26+00:00
internshala:artificial-intelligence-ai-internship:3239842,New,,,,,2026-08-13T19:18:26+00:00,2026-08-13T19:18:26+00:00
internshala:artificial-intelligence-ai-internship:3238146,New,,,,,2026-08-13T19:18:26+00:00,2026-08-13T19:18:26+00:00
internshala:artificial-intelligence-ai-internship:3239191,New,,,,,2026-08-13T19:18:26+00:00,2026-08-13T19:18:26+00:00
internshala:artificial-intelligence-ai-internship:3239668,New,,,,,2026-08-13T19:18:26+00:00,2026-08-13T19:18:26+00:00
internshala:artificial-intelligence-ai-internship:3238873,New,,,,,2026-08-13T19:18:26+00:00,2026-08-13T19:18:26+00:00
internshala:artificial-intelligence-ai-internship:3235964,New,,,,,2026-08-13T19:18:26+00:00,2026-08-13T19:18:26+00:00
internshala:artificial-intelligence-ai-internship:3237696,New,,,,,2026-08-13T19:18:26+00:00,2026-08-13T19:18:26+00:00
internshala:artificial-intelligence-ai-internship:3237815,New,,,,,2026-08-13T19:18:26+00:00,2026-08-13T19:18:26+00:00
internshala:artificial-intelligence-ai-internship:3239155,New,,,,,2026-08-13T19:18:26+00:00,2026-08-13T19:18:26+00:00
internshala:artificial-intelligence-ai-internship:3238819,New,,,,,2026-08-13T19:18:26+00:00,2026-08-13T19:18:26+00:00
internshala:artificial-intelligence-ai-internship:3238959,New,,,,,2026-08-13T19:18:26+00:00,2026-08-13T19:18:26+00:00
internshala:artificial-intelligence-ai-internship:3237941,New,,,,,2026-08-13T19:18:26+00:00,2026-08-13T19:18:26+00:00
greenhouse:razorpaysoftwareprivatelimited:4723737005,New,,,,,2026-08-13T07:50:49+00:00,2026-08-13T07:50:49+00:00
workday:nvidia:Supplier-Operations-Program-Manager_JR2014803,New,,,,,2026-08-13T05:49:53+00:00,2026-08-13T05:49:53+00:00
workday:nvidia:Senior-Software-Development-Tech-Lead---NVLink-FW-and-NVOS_JR2019101,New,,,,,2026-08-13T05:49:53+00:00,2026-08-13T05:49:53+00:00
workday:nvidia:Senior-Product-Manager---Enterprise-Networking-Services_JR2002865,New,,,,,2026-08-13T05:49:53+00:00,2026-08-13T05:49:53+00:00
workday:nvidia:Senior-Applied-Machine-Learning-Engineer---VLSI-Design_JR2014328,New,,,,,2026-08-13T05:49:53+00:00,2026-08-13T05:49:53+00:00
workday:nvidia:Senior-Applied-Research-Scientist---AI-Native-Numerical-Methods_JR2023073,New,,,,,2026-08-13T05:49:53+00:00,2026-08-13T05:49:53+00:00
workday:nvidia:Senior-Software-Engineer---Image-and-Data-Processing-Libraries_JR2022710,New,,,,,2026-08-13T05:49:53+00:00,2026-08-13T05:49:53+00:00
workday:nvidia:Business-Operations-Technical-Program-Manager---DGX-Cloud_JR2023286,New,,,,,2026-08-13T05:49:53+00:00,2026-08-13T05:49:53+00:00
workday:nvidia:Principal-Software-Engineer--GPU-Firmware-and-GPU-System-Software---CSP-Engagements_JR2020319,New,,,,,2026-08-13T05:49:53+00:00,2026-08-13T05:49:53+00:00
workday:nvidia:Senior-Developer-Relations-Manager--Data-Platforms_JR2009916,New,,,,,2026-08-13T05:49:53+00:00,2026-08-13T05:49:53+00:00
workday:nvidia:Senior-Agentic-AI-Engineer--Simulation-and-Evaluation_JR2023184,New,,,,,2026-08-13T05:49:53+00:00,2026-08-13T05:49:53+00:00
workday:nvidia:Senior-Technical-Program-Manager--NVIS-Agentic-AI_JR2022668,New,,,,,2026-08-13T05:49:53+00:00,2026-08-13T05:49:53+00:00
workday:nvidia:Principal-Photonics-IC-Design-Engineer_JR2023042,New,,,,,2026-08-13T05:49:53+00:00,2026-08-13T05:49:53+00:00
workday:nvidia:Senior-C---Software-Engineer_JR2022693,New,,,,,2026-08-13T05:49:53+00:00,2026-08-13T05:49:53+00:00
workday:nvidia:Senior-Chip-Design-Dynamic-Verification-Engineer_JR2023088,New,,,,,2026-08-13T05:49:53+00:00,2026-08-13T05:49:53+00:00
workday:nvidia:Manager--DFT---Post-Silicon_JR2023089-1,New,,,,,2026-08-13T05:49:53+00:00,2026-08-13T05:49:53+00:00
workday:nvidia:Senior-Cybersecurity-Engineer---Identity-Platform-and-Access-Management_JR2016493,New,,,,,2026-08-13T05:49:53+00:00,2026-08-13T05:49:53+00:00
workday:nvidia:Senior-Life-Cycle-Engineer--PyTorch---Deep-Learning_JR2016185,New,,,,,2026-08-13T05:49:53+00:00,2026-08-13T05:49:53+00:00
workday:nvidia:Senior-Manager--Software-Development---GPU-Accelerated-Storage_JR2017590,New,,,,,2026-08-13T05:49:53+00:00,2026-08-13T05:49:53+00:00
workday:nvidia:Enterprise-AV-Design-and-Collaboration-Engineer_JR2022903,New,,,,,2026-08-13T05:49:53+00:00,2026-08-13T05:49:53+00:00
workday:nvidia:Senior-Offensive-Security-Engineer--Automotive_JR2022838-1,New,,,,,2026-08-13T05:49:53+00:00,2026-08-13T05:49:53+00:00
workday:salesforce:Technical-Success-Architect---Slack_JR356029-3,New,,,,,2026-08-13T05:49:53+00:00,2026-08-13T05:49:53+00:00
workday:salesforce:MuleSoft-Success-Architect_JR329338,New,,,,,2026-08-13T05:49:53+00:00,2026-08-13T05:49:53+00:00
workday:salesforce:Senior-Writer---Editor--UXCD--Digital-Success-_JR354958-1,New,,,,,2026-08-13T05:49:53+00:00,2026-08-13T05:49:53+00:00
workday:salesforce:Business-Operations-Manager_JR354964,New,,,,,2026-08-13T05:49:53+00:00,2026-08-13T05:49:53+00:00
workday:salesforce:Lead-Researcher--Product-Research---Insights_JR340648,New,,,,,2026-08-13T05:49:53+00:00,2026-08-13T05:49:53+00:00
workday:salesforce:Director--Regional-Success-Architecture-Data-360_JR353655-1,New,,,,,2026-08-13T05:49:53+00:00,2026-08-13T05:49:53+00:00
workday:salesforce:Principal-Software-Engineer--Full-Stack--Event-Technology_JR345835,New,,,,,2026-08-13T05:49:53+00:00,2026-08-13T05:49:53+00:00
internshala:machine-learning-internship:3236705,New,,,,,2026-08-12T19:18:03+00:00,2026-08-12T19:18:03+00:00
internshala:machine-learning-internship:3238868,New,,,,,2026-08-12T19:18:03+00:00,2026-08-12T19:18:03+00:00
internshala:machine-learning-internship:3238937,New,,,,,2026-08-12T19:18:03+00:00,2026-08-12T19:18:03+00:00
internshala:machine-learning-internship:3238676,New,,,,,2026-08-12T19:18:03+00:00,2026-08-12T19:18:03+00:00
internshala:machine-learning-internship:3237423,New,,,,,2026-08-12T19:18:03+00:00,2026-08-12T19:18:03+00:00
internshala:machine-learning-internship:3238133,New,,,,,2026-08-12T19:18:03+00:00,2026-08-12T19:18:03+00:00
internshala:machine-learning-internship:3238101,New,,,,,2026-08-12T19:18:03+00:00,2026-08-12T19:18:03+00:00
internshala:artificial-intelligence-ai-internship:3237229,New,,,,,2026-08-12T19:18:03+00:00,2026-08-12T19:18:03+00:00
internshala:artificial-intelligence-ai-internship:3238583,New,,,,,2026-08-12T19:18:03+00:00,2026-08-12T19:18:03+00:00
internshala:artificial-intelligence-ai-internship:3237978,New,,,,,2026-08-12T19:18:03+00:00,2026-08-12T19:18:03+00:00
internshala:artificial-intelligence-ai-internship:3238827,New,,,,,2026-08-12T19:18:03+00:00,2026-08-12T19:18:03+00:00
internshala:artificial-intelligence-ai-internship:3238868,New,,,,,2026-08-12T19:18:03+00:00,2026-08-12T19:18:03+00:00
internshala:artificial-intelligence-ai-internship:3237221,New,,,,,2026-08-12T19:18:03+00:00,2026-08-12T19:18:03+00:00
internshala:artificial-intelligence-ai-internship:3238832,New,,,,,2026-08-12T19:18:03+00:00,2026-08-12T19:18:03+00:00
internshala:artificial-intelligence-ai-internship:3238937,New,,,,,2026-08-12T19:18:03+00:00,2026-08-12T19:18:03+00:00
internshala:artificial-intelligence-ai-internship:3238676,New,,,,,2026-08-12T19:18:03+00:00,2026-08-12T19:18:03+00:00
internshala:artificial-intelligence-ai-internship:3238530,New,,,,,2026-08-12T19:18:03+00:00,2026-08-12T19:18:03+00:00
internshala:artificial-intelligence-ai-internship:3237423,New,,,,,2026-08-12T19:18:03+00:00,2026-08-12T19:18:03+00:00
internshala:artificial-intelligence-ai-internship:3238101,New,,,,,2026-08-12T19:18:03+00:00,2026-08-12T19:18:03+00:00
internshala:artificial-intelligence-ai-internship:3236705,New,,,,,2026-08-12T19:18:03+00:00,2026-08-12T19:18:03+00:00
internshala:data-science-internship:3238499,New,,,,,2026-08-12T19:18:03+00:00,2026-08-12T19:18:03+00:00
internshala:data-science-internship:3237229,New,,,,,2026-08-12T19:18:03+00:00,2026-08-12T19:18:03+00:00
internshala:data-science-internship:3238583,New,,,,,2026-08-12T19:18:03+00:00,2026-08-12T19:18:03+00:00
internshala:data-science-internship:3238827,New,,,,,2026-08-12T19:18:03+00:00,2026-08-12T19:18:03+00:00
internshala:data-science-internship:3237221,New,,,,,2026-08-12T19:18:03+00:00,2026-08-12T19:18:03+00:00
internshala:data-science-internship:3238832,New,,,,,2026-08-12T19:18:03+00:00,2026-08-12T19:18:03+00:00
internshala:data-science-internship:3237089,New,,,,,2026-08-12T19:18:03+00:00,2026-08-12T19:18:03+00:00
internshala:data-science-internship:3237955,New,,,,,2026-08-12T19:18:03+00:00,2026-08-12T19:18:03+00:00
internshala:data-science-internship:3237978,New,,,,,2026-08-12T19:18:03+00:00,2026-08-12T19:18:03+00:00
internshala:data-science-internship:3238041,New,,,,,2026-08-12T19:18:03+00:00,2026-08-12T19:18:03+00:00
internshala:data-science-internship:3219020,New,,,,,2026-08-12T19:18:03+00:00,2026-08-12T19:18:03+00:00
internshala:data-science-internship:3237115,New,,,,,2026-08-12T19:18:03+00:00,2026-08-12T19:18:03+00:00
internshala:data-science-internship:3234423,New,,,,,2026-08-12T19:18:03+00:00,2026-08-12T19:18:03+00:00
internshala:data-science-internship:3237067,New,,,,,2026-08-12T19:18:03+00:00,2026-08-12T19:18:03+00:00
internshala:data-science-internship:3238937,New,,,,,2026-08-12T19:18:03+00:00,2026-08-12T19:18:03+00:00
internshala:data-science-internship:3237262,New,,,,,2026-08-12T19:18:03+00:00,2026-08-12T19:18:03+00:00
internshala:data-science-internship:3238843,New,,,,,2026-08-12T19:18:03+00:00,2026-08-12T19:18:03+00:00
internshala:data-science-internship:3238676,New,,,,,2026-08-12T19:18:03+00:00,2026-08-12T19:18:03+00:00
internshala:data-science-internship:3238593,New,,,,,2026-08-12T19:18:03+00:00,2026-08-12T19:18:03+00:00
internshala:data-science-internship:3236947,New,,,,,2026-08-12T19:18:03+00:00,2026-08-12T19:18:03+00:00
internshala:data-science-internship:3238530,New,,,,,2026-08-12T19:18:03+00:00,2026-08-12T19:18:03+00:00
internshala:data-science-internship:3238201,New,,,,,2026-08-12T19:18:03+00:00,2026-08-12T19:18:03+00:00
internshala:data-science-internship:3238164,New,,,,,2026-08-12T19:18:03+00:00,2026-08-12T19:18:03+00:00
internshala:data-science-internship:3237423,New,,,,,2026-08-12T19:18:03+00:00,2026-08-12T19:18:03+00:00
internshala:data-science-internship:3238101,New,,,,,2026-08-12T19:18:03+00:00,2026-08-12T19:18:03+00:00
internshala:data-science-internship:3238104,New,,,,,2026-08-12T19:18:03+00:00,2026-08-12T19:18:03+00:00
internshala:data-science-internship:3236705,New,,,,,2026-08-12T19:18:03+00:00,2026-08-12T19:18:03+00:00
internshala:data-science-internship:3237821,New,,,,,2026-08-12T19:18:03+00:00,2026-08-12T19:18:03+00:00
workday:nvidia:Chip-Design-Engineer_JR2020627,New,,,,,2026-08-12T15:15:36+00:00,2026-08-12T15:15:36+00:00
workday:nvidia:Senior-Account-Manager_JR2022227-1,New,,,,,2026-08-12T15:15:36+00:00,2026-08-12T15:15:36+00:00
workday:nvidia:Senior-Account-Manager_JR2022647,New,,,,,2026-08-12T15:15:36+00:00,2026-08-12T15:15:36+00:00
workday:nvidia:Senior-AI-Product-Engineer_JR2023102,New,,,,,2026-08-12T15:15:36+00:00,2026-08-12T15:15:36+00:00
workday:nvidia:Senior-AI-Researcher---BioNemo-and-TAO_JR2023022-1,New,,,,,2026-08-12T15:15:36+00:00,2026-08-12T15:15:36+00:00
workday:nvidia:Interposer-Design-Engineer_JR2022962,New,,,,,2026-08-12T15:15:36+00:00,2026-08-12T15:15:36+00:00
workday:nvidia:Senior-Software-Solutions-Engineer_JR2022960,New,,,,,2026-08-12T15:15:36+00:00,2026-08-12T15:15:36+00:00
workday:nvidia:Senior-HPC-Performance-Engineer_JR2001201,New,,,,,2026-08-12T15:15:36+00:00,2026-08-12T15:15:36+00:00
workday:nvidia:Systems-Operations-and-Administrator_JR2023045,New,,,,,2026-08-12T15:15:36+00:00,2026-08-12T15:15:36+00:00
workday:nvidia:Senior-Software-Developer_JR2022425,New,,,,,2026-08-12T15:15:36+00:00,2026-08-12T15:15:36+00:00
workday:nvidia:Senior-Developer-Relations-Manager---EMEA-AI-Natives_JR2022093,New,,,,,2026-08-12T15:15:36+00:00,2026-08-12T15:15:36+00:00
workday:nvidia:Manager--Software-Engineering---Networking-Management_JR2018427,New,,,,,2026-08-12T15:15:36+00:00,2026-08-12T15:15:36+00:00
workday:nvidia:Senior-Thermal-Solutions-Design-Engineer_JR2015588,New,,,,,2026-08-12T15:15:36+00:00,2026-08-12T15:15:36+00:00
workday:nvidia:Senior-Deep-Learning-Software-Engineer--Inference_JR2003655,New,,,,,2026-08-12T15:15:36+00:00,2026-08-12T15:15:36+00:00
workday:nvidia:Software-Engineer--CUDA-Deep-Learning-Systems_JR2022831,New,,,,,2026-08-12T15:15:36+00:00,2026-08-12T15:15:36+00:00
workday:nvidia:AI-Infrastructure-Software-Engineer---CosmosLab_JR2020792,New,,,,,2026-08-12T15:15:36+00:00,2026-08-12T15:15:36+00:00
workday:nvidia:Senior-Structural-Test-Engineer_JR2020330,New,,,,,2026-08-12T15:15:36+00:00,2026-08-12T15:15:36+00:00
workday:salesforce:Manager--Software-Engineering---Release-Engineering_JR355612,New,,,,,2026-08-12T15:15:36+00:00,2026-08-12T15:15:36+00:00
workday:salesforce:Named-Account-Executive---Automotive-Industry_JR355536,New,,,,,2026-08-12T15:15:36+00:00,2026-08-12T15:15:36+00:00
workday:salesforce:LMTS---AI-Automation-Engineer----Offensive-Security_JR332791,New,,,,,2026-08-12T15:15:36+00:00,2026-08-12T15:15:36+00:00
workday:salesforce:Software-Engineering-LMTS---Release-Engineering_JR354137-1,New,,,,,2026-08-12T15:15:36+00:00,2026-08-12T15:15:36+00:00
workday:salesforce:Senior-Salesforce-Project-Manager--Salesforce-Implementation-Experience-Mandatory-_JR355896,New,,,,,2026-08-12T15:15:36+00:00,2026-08-12T15:15:36+00:00
workday:salesforce:ECS-Account-Executive_JR355692,New,,,,,2026-08-12T15:15:36+00:00,2026-08-12T15:15:36+00:00
workday:nvidia:Machine-Learning-Systems-Engineer--Networking_JR2018261,New,,,,,2026-08-12T02:44:17+00:00,2026-08-12T02:44:17+00:00
workday:nvidia:Senior-Site-Reliability-Engineer--GeForce-NOW_JR2018411,New,,,,,2026-08-12T02:44:17+00:00,2026-08-12T02:44:17+00:00
workday:nvidia:Senior-DL-Compiler-Engineer--CUDA-Tile_JR2019999,New,,,,,2026-08-12T02:44:17+00:00,2026-08-12T02:44:17+00:00
workday:nvidia:Senior-Treasury-Analyst--Cash-Operations_JR2022567,New,,,,,2026-08-12T02:44:17+00:00,2026-08-12T02:44:17+00:00
workday:nvidia:Sales-Operations-Analyst_JR2023115-1,New,,,,,2026-08-12T02:44:17+00:00,2026-08-12T02:44:17+00:00
workday:nvidia:Account-Manager---AI-Natives_JR2023117,New,,,,,2026-08-12T02:44:17+00:00,2026-08-12T02:44:17+00:00
workday:nvidia:Manager--Fixed-Asset-Tracking-and-Recovery_JR2007596,New,,,,,2026-08-12T02:44:17+00:00,2026-08-12T02:44:17+00:00
workday:nvidia:Senior-Software-QA-Test-Development-Engineer---Diagnostics_JR2011123-1,New,,,,,2026-08-12T02:44:17+00:00,2026-08-12T02:44:17+00:00
workday:nvidia:Product-Program-Manager_JR2017192,New,,,,,2026-08-12T02:44:17+00:00,2026-08-12T02:44:17+00:00
workday:nvidia:Physical-Design-STA-Engineer_JR2023082,New,,,,,2026-08-12T02:44:17+00:00,2026-08-12T02:44:17+00:00
workday:nvidia:Senior-Post-Silicon-ATE-Test-Development-Engineer_JR2023084,New,,,,,2026-08-12T02:44:17+00:00,2026-08-12T02:44:17+00:00
workday:nvidia:Engineering-Manager--Kubernetes-Customer-Delivery-and-Self-Service_JR2023150,New,,,,,2026-08-12T02:44:17+00:00,2026-08-12T02:44:17+00:00
workday:nvidia:Senior-Director--NCP-and-ISV-Business-Development_JR2023008,New,,,,,2026-08-12T02:44:17+00:00,2026-08-12T02:44:17+00:00
workday:nvidia:SXM-Manufacturing-Test-Engineer_JR2017817,New,,,,,2026-08-12T02:44:17+00:00,2026-08-12T02:44:17+00:00
workday:nvidia:Applied-AI-Engineer_JR2018181-1,New,,,,,2026-08-12T02:44:17+00:00,2026-08-12T02:44:17+00:00
workday:nvidia:Senior-System-Software-Engineer--Enterprise-MODS_JR2004355,New,,,,,2026-08-12T02:44:17+00:00,2026-08-12T02:44:17+00:00
workday:nvidia:Senior-System-Software-Engineer-Platform---OpenBMC_JR2023254,New,,,,,2026-08-12T02:44:17+00:00,2026-08-12T02:44:17+00:00
workday:nvidia:Senior-Security-Engineer--RTOS-and-Virtualization_JR2023153,New,,,,,2026-08-12T02:44:17+00:00,2026-08-12T02:44:17+00:00
workday:nvidia:Senior-Deep-Learning-Architect--LLM-Inference_JR2013930,New,,,,,2026-08-12T02:44:17+00:00,2026-08-12T02:44:17+00:00
workday:nvidia:Distinguished-Engineer--Scaled-Out-Inferencing_JR2023118,New,,,,,2026-08-12T02:44:17+00:00,2026-08-12T02:44:17+00:00
workday:nvidia:Director--Product-Management--CPO-and-Silicon-Photonics_JR2022670,New,,,,,2026-08-12T02:44:17+00:00,2026-08-12T02:44:17+00:00
workday:nvidia:Senior-Software-Engineer--DPU---Networking_JR2017846,New,,,,,2026-08-12T02:44:17+00:00,2026-08-12T02:44:17+00:00
workday:nvidia:Principal-Software-Engineer--DGX-Cloud-Production-Engineering_JR2022554,New,,,,,2026-08-12T02:44:17+00:00,2026-08-12T02:44:17+00:00
workday:nvidia:Distinguished-Engineer--System-Software-Integration_JR2022999,New,,,,,2026-08-12T02:44:17+00:00,2026-08-12T02:44:17+00:00
workday:nvidia:Senior-System-Software-Engineer---Data-Platform-Observability_JR2012588,New,,,,,2026-08-12T02:44:17+00:00,2026-08-12T02:44:17+00:00
workday:nvidia:PCB-Design-Layout-Engineer_JR2011740,New,,,,,2026-08-12T02:44:17+00:00,2026-08-12T02:44:17+00:00
workday:nvidia:Senior-Chip-Architect_JR2023093,New,,,,,2026-08-12T02:44:17+00:00,2026-08-12T02:44:17+00:00
workday:nvidia:Software-and-System-Architect_JR2022505,New,,,,,2026-08-12T02:44:17+00:00,2026-08-12T02:44:17+00:00
workday:salesforce:Director--Deal-Strategy---Commercial-Operations_JR355465,New,,,,,2026-08-12T02:44:17+00:00,2026-08-12T02:44:17+00:00
workday:salesforce:Sr-DNS-Engineer_JR355119,New,,,,,2026-08-12T02:44:17+00:00,2026-08-12T02:44:17+00:00
workday:salesforce:Technical-Support-Engineer---Education-and-Non-Profit-Cloud_JR351388,New,,,,,2026-08-12T02:44:17+00:00,2026-08-12T02:44:17+00:00
workday:salesforce:Customer-Success-Manager--Informatica-_JR340890,New,,,,,2026-08-12T02:44:17+00:00,2026-08-12T02:44:17+00:00
workday:salesforce:Principal-Member-of-Technical-Staff--PMTS----Core-Metadata-Platform--Informatica-CDGC-_JR339999,New,,,,,2026-08-12T02:44:17+00:00,2026-08-12T02:44:17+00:00
workday:salesforce:Principal-Sales-Support-Engineer--ES-_JR354838,New,,,,,2026-08-12T02:44:17+00:00,2026-08-12T02:44:17+00:00
workday:salesforce:Agentforce---Sucess-Architect_JR355726-1,New,,,,,2026-08-12T02:44:17+00:00,2026-08-12T02:44:17+00:00
workday:salesforce:AI-ML-Software-Engineering-PMTS_JR313327,New,,,,,2026-08-12T02:44:17+00:00,2026-08-12T02:44:17+00:00
workday:salesforce:Account-Executive---Manufacturing-Industry_JR354799,New,,,,,2026-08-12T02:44:17+00:00,2026-08-12T02:44:17+00:00
greenhouse:postman:7491499003,New,,,,,2026-08-11T19:17:51+00:00,2026-08-11T19:17:51+00:00
internshala:data-science-internship:3237740,New,,,,,2026-08-11T17:11:06+00:00,2026-08-11T17:11:06+00:00
internshala:data-science-internship:3237730,New,,,,,2026-08-11T17:11:06+00:00,2026-08-11T17:11:06+00:00
internshala:data-science-internship:3237727,New,,,,,2026-08-11T17:11:06+00:00,2026-08-11T17:11:06+00:00
internshala:data-science-internship:3237094,New,,,,,2026-08-11T17:11:06+00:00,2026-08-11T17:11:06+00:00
internshala:data-science-internship:3237090,New,,,,,2026-08-11T17:11:06+00:00,2026-08-11T17:11:06+00:00
internshala:data-science-internship:3237054,New,,,,,2026-08-11T17:11:06+00:00,2026-08-11T17:11:06+00:00
internshala:data-science-internship:3237052,New,,,,,2026-08-11T17:11:06+00:00,2026-08-11T17:11:06+00:00
internshala:data-science-internship:3236989,New,,,,,2026-08-11T17:11:06+00:00,2026-08-11T17:11:06+00:00
internshala:data-science-internship:3237542,New,,,,,2026-08-11T17:11:05+00:00,2026-08-11T17:11:05+00:00
internshala:data-science-internship:3237592,New,,,,,2026-08-11T17:11:05+00:00,2026-08-11T17:11:05+00:00
internshala:data-science-internship:3237548,New,,,,,2026-08-11T17:11:05+00:00,2026-08-11T17:11:05+00:00
internshala:data-science-internship:3237544,New,,,,,2026-08-11T17:11:05+00:00,2026-08-11T17:11:05+00:00
internshala:data-science-internship:3236924,New,,,,,2026-08-11T17:11:05+00:00,2026-08-11T17:11:05+00:00
internshala:data-science-internship:3236505,New,,,,,2026-08-11T17:11:05+00:00,2026-08-11T17:11:05+00:00
internshala:data-science-internship:3237770,New,,,,,2026-08-11T17:11:05+00:00,2026-08-11T17:11:05+00:00
internshala:data-science-internship:3237656,New,,,,,2026-08-11T17:11:05+00:00,2026-08-11T17:11:05+00:00
internshala:data-science-internship:3237765,New,,,,,2026-08-11T17:11:05+00:00,2026-08-11T17:11:05+00:00
internshala:data-science-internship:3237675,New,,,,,2026-08-11T17:11:05+00:00,2026-08-11T17:11:05+00:00
internshala:data-science-internship:3237756,New,,,,,2026-08-11T17:11:05+00:00,2026-08-11T17:11:05+00:00
internshala:data-science-internship:3237684,New,,,,,2026-08-11T17:11:05+00:00,2026-08-11T17:11:05+00:00
internshala:data-science-internship:3237755,New,,,,,2026-08-11T17:11:05+00:00,2026-08-11T17:11:05+00:00
internshala:data-science-internship:3237726,New,,,,,2026-08-11T17:11:05+00:00,2026-08-11T17:11:05+00:00
internshala:artificial-intelligence-ai-internship:3237756,New,,,,,2026-08-11T17:11:03+00:00,2026-08-11T17:11:03+00:00
internshala:artificial-intelligence-ai-internship:3237684,New,,,,,2026-08-11T17:11:03+00:00,2026-08-11T17:11:03+00:00
internshala:artificial-intelligence-ai-internship:3237755,New,,,,,2026-08-11T17:11:03+00:00,2026-08-11T17:11:03+00:00
internshala:artificial-intelligence-ai-internship:3237726,New,,,,,2026-08-11T17:11:03+00:00,2026-08-11T17:11:03+00:00
internshala:artificial-intelligence-ai-internship:3237730,New,,,,,2026-08-11T17:11:03+00:00,2026-08-11T17:11:03+00:00
internshala:artificial-intelligence-ai-internship:3237094,New,,,,,2026-08-11T17:11:03+00:00,2026-08-11T17:11:03+00:00
internshala:artificial-intelligence-ai-internship:3237054,New,,,,,2026-08-11T17:11:03+00:00,2026-08-11T17:11:03+00:00
internshala:artificial-intelligence-ai-internship:3236620,New,,,,,2026-08-11T17:11:03+00:00,2026-08-11T17:11:03+00:00
internshala:machine-learning-internship:3237090,New,,,,,2026-08-11T17:11:02+00:00,2026-08-11T17:11:02+00:00
internshala:machine-learning-internship:3237070,New,,,,,2026-08-11T17:11:02+00:00,2026-08-11T17:11:02+00:00
internshala:machine-learning-internship:3237054,New,,,,,2026-08-11T17:11:02+00:00,2026-08-11T17:11:02+00:00
internshala:artificial-intelligence-ai-internship:3237542,New,,,,,2026-08-11T17:11:02+00:00,2026-08-11T17:11:02+00:00
internshala:artificial-intelligence-ai-internship:3236924,New,,,,,2026-08-11T17:11:02+00:00,2026-08-11T17:11:02+00:00
internshala:artificial-intelligence-ai-internship:3237544,New,,,,,2026-08-11T17:11:02+00:00,2026-08-11T17:11:02+00:00
internshala:artificial-intelligence-ai-internship:3237548,New,,,,,2026-08-11T17:11:02+00:00,2026-08-11T17:11:02+00:00
internshala:machine-learning-internship:3237730,New,,,,,2026-08-11T17:11:01+00:00,2026-08-11T17:11:01+00:00
internshala:machine-learning-internship:3237684,New,,,,,2026-08-11T17:11:01+00:00,2026-08-11T17:11:01+00:00
internshala:machine-learning-internship:3236924,New,,,,,2026-08-11T17:11:01+00:00,2026-08-11T17:11:01+00:00
internshala:machine-learning-internship:3237756,New,,,,,2026-08-11T17:11:01+00:00,2026-08-11T17:11:01+00:00
internshala:machine-learning-internship:3237726,New,,,,,2026-08-11T17:11:01+00:00,2026-08-11T17:11:01+00:00
internshala:machine-learning-internship:3237548,New,,,,,2026-08-11T17:11:01+00:00,2026-08-11T17:11:01+00:00
internshala:machine-learning-internship:3237725,New,,,,,2026-08-11T17:11:01+00:00,2026-08-11T17:11:01+00:00
internshala:machine-learning-internship:3237094,New,,,,,2026-08-11T17:11:01+00:00,2026-08-11T17:11:01+00:00
workday:nvidia:Senior-PCB-Layout-Engineer_JR2022809,New,,,,,2026-08-11T11:05:29+00:00,2026-08-11T11:05:29+00:00
workday:nvidia:Software-Security-Compiler-Engineer_JR2023101,New,,,,,2026-08-11T11:05:29+00:00,2026-08-11T11:05:29+00:00
workday:nvidia:Senior-Manager--NCP-and-ISV-Business-Development_JR2023009,New,,,,,2026-08-11T11:05:29+00:00,2026-08-11T11:05:29+00:00
workday:nvidia:Verification-Engineer--Memory-Subsystem_JR2023032,New,,,,,2026-08-11T11:05:29+00:00,2026-08-11T11:05:29+00:00
workday:nvidia:Senior-Mask-Design-Engineer---Hardware_JR2022881,New,,,,,2026-08-11T11:05:29+00:00,2026-08-11T11:05:29+00:00
workday:nvidia:Senior-Post-Silicon-HSIO-Bringup-Lead_JR2016435,New,,,,,2026-08-11T11:05:29+00:00,2026-08-11T11:05:29+00:00
workday:nvidia:Emulation-Front-End-Infrastructure-Engineer_JR2023066,New,,,,,2026-08-11T11:05:29+00:00,2026-08-11T11:05:29+00:00
workday:nvidia:Senior-ASIC-Physical-Design-Engineer--Cache-Coherent-Interconnects_JR2023121,New,,,,,2026-08-11T11:05:29+00:00,2026-08-11T11:05:29+00:00
workday:nvidia:Senior-Hardware-Security-Architect--GPU_JR2022806,New,,,,,2026-08-11T11:05:29+00:00,2026-08-11T11:05:29+00:00
workday:nvidia:IC-Practical-Engineer_JR2022657,New,,,,,2026-08-11T11:05:29+00:00,2026-08-11T11:05:29+00:00
workday:nvidia:Senior-Power-Architect--Power-and-Performance-Analysis-Tools_JR2023021,New,,,,,2026-08-11T11:05:29+00:00,2026-08-11T11:05:29+00:00
workday:nvidia:Technical-Program-Manager---Enterprise-Software_JR2018963,New,,,,,2026-08-11T11:05:29+00:00,2026-08-11T11:05:29+00:00
workday:nvidia:Senior-Compiler-Engineer-Infrastructure_JR2021595,New,,,,,2026-08-11T11:05:29+00:00,2026-08-11T11:05:29+00:00
workday:nvidia:Senior-Customer-Solution-Architect-and-Application-Engineering_JR2023096,New,,,,,2026-08-11T11:05:29+00:00,2026-08-11T11:05:29+00:00
workday:nvidia:Senior-Software-Engineer---NVIDIA-Warp_JR2022492,New,,,,,2026-08-11T11:05:29+00:00,2026-08-11T11:05:29+00:00
workday:nvidia:Senior-Software-Engineer--AI-Developer-Tools_JR2019463,New,,,,,2026-08-11T11:05:29+00:00,2026-08-11T11:05:29+00:00
workday:nvidia:EMC-Engineer_JR2022950,New,,,,,2026-08-11T11:05:29+00:00,2026-08-11T11:05:29+00:00
workday:nvidia:Mechanical-Engineer_JR2022386,New,,,,,2026-08-11T11:05:29+00:00,2026-08-11T11:05:29+00:00
workday:salesforce:Global-Support-Contract-Specialist--EMEA-Time-Zone-_JR355395,New,,,,,2026-08-11T11:05:29+00:00,2026-08-11T11:05:29+00:00
workday:salesforce:Global-Support-Contract-Specialist--PST-Time-Zone-_JR355394,New,,,,,2026-08-11T11:05:29+00:00,2026-08-11T11:05:29+00:00
workday:salesforce:Salesforce-Technical-Architect_JR355716,New,,,,,2026-08-11T11:05:29+00:00,2026-08-11T11:05:29+00:00
workday:salesforce:Account-Executive---Manufacturing-Industry_JR354800,New,,,,,2026-08-11T11:05:29+00:00,2026-08-11T11:05:29+00:00
workday:salesforce:Manager--Technical-Support-Engineering_JR339474,New,,,,,2026-08-11T11:05:29+00:00,2026-08-11T11:05:29+00:00
workday:salesforce:Order-Management-Specialist--PST-Shift-_JR355042,New,,,,,2026-08-11T11:05:29+00:00,2026-08-11T11:05:29+00:00
workday:salesforce:Named-Account-Executive_JR331445,New,,,,,2026-08-11T11:05:29+00:00,2026-08-11T11:05:29+00:00
workday:salesforce:Software-DevOps-Engineer_JR355184,New,,,,,2026-08-11T11:05:29+00:00,2026-08-11T11:05:29+00:00
workday:salesforce:Onboarding-Specialist--Spiff-_JR355681,New,,,,,2026-08-11T11:05:29+00:00,2026-08-11T11:05:29+00:00
greenhouse:postman:7829503003,New,,,,,2026-08-11T05:21:06+00:00,2026-08-11T05:21:06+00:00
workday:nvidia:Chip-Engineering-Operations-Program-Manager_JR2022766,New,,,,,2026-08-10T22:57:41+00:00,2026-08-10T22:57:41+00:00
workday:nvidia:Senior-Software-Engineer--Subnet-Manager_JR2007452,New,,,,,2026-08-10T22:57:41+00:00,2026-08-10T22:57:41+00:00
workday:nvidia:Senior-Firmware-Engineer---GPU_JR2018453,New,,,,,2026-08-10T22:57:41+00:00,2026-08-10T22:57:41+00:00
workday:nvidia:Senior-ASIC-Timing-Engineer_JR2017336,New,,,,,2026-08-10T22:57:41+00:00,2026-08-10T22:57:41+00:00
workday:nvidia:Senior-Power-and-Performance-Engineer_JR2019066,New,,,,,2026-08-10T22:57:41+00:00,2026-08-10T22:57:41+00:00
workday:nvidia:Senior-Architect--Simulation-Kernel-Modelling_JR2017737,New,,,,,2026-08-10T22:57:41+00:00,2026-08-10T22:57:41+00:00
workday:nvidia:Senior-GPU-Architect--Performance-and-Scalability_JR2016562,New,,,,,2026-08-10T22:57:41+00:00,2026-08-10T22:57:41+00:00
workday:nvidia:Senior-Director---GenAI-Data-Strategy_JR2015837,New,,,,,2026-08-10T22:57:41+00:00,2026-08-10T22:57:41+00:00
workday:nvidia:Senior-Software-Development-Engineer-in-Test---Datacenter-Server-OS_JR2011122,New,,,,,2026-08-10T22:57:41+00:00,2026-08-10T22:57:41+00:00
workday:nvidia:Senior-Software-QA-Test-Development-Engineer---Diagnostics_JR2011118,New,,,,,2026-08-10T22:57:41+00:00,2026-08-10T22:57:41+00:00
workday:nvidia:Senior-System-Software-Engineer---Simulation-Software_JR2022959,New,,,,,2026-08-10T22:57:41+00:00,2026-08-10T22:57:41+00:00
workday:nvidia:Senior-Security-Software-Engineer_JR2023052,New,,,,,2026-08-10T22:57:41+00:00,2026-08-10T22:57:41+00:00
workday:nvidia:Service-Reliability-Engineer_JR2021654-1,New,,,,,2026-08-10T22:57:41+00:00,2026-08-10T22:57:41+00:00
workday:nvidia:GPU-Verification-Engineer_JR2015943,New,,,,,2026-08-10T22:57:41+00:00,2026-08-10T22:57:41+00:00
workday:nvidia:Senior-Firmware-Engineer---GPU_JR2022834,New,,,,,2026-08-10T22:57:41+00:00,2026-08-10T22:57:41+00:00
workday:nvidia:Senior-System-Software-Engineer---CPU-SoC-Boot-Firmware_JR2023056,New,,,,,2026-08-10T22:57:41+00:00,2026-08-10T22:57:41+00:00
workday:nvidia:Senior-Solutions-Architect--Industrial-Robotics_JR2022378,New,,,,,2026-08-10T22:57:41+00:00,2026-08-10T22:57:41+00:00
workday:nvidia:Manager--Solutions-Architecture---AI-Labs_JR2022765,New,,,,,2026-08-10T22:57:41+00:00,2026-08-10T22:57:41+00:00
workday:nvidia:Developer-Relations-Manager---Data-Processing-and-Databases_JR2022868,New,,,,,2026-08-10T22:57:41+00:00,2026-08-10T22:57:41+00:00
workday:nvidia:Senior-Staff-Forward-Deployed-Engineer--Enterprise-AI-and-Automation_JR2022052,New,,,,,2026-08-10T22:57:41+00:00,2026-08-10T22:57:41+00:00
workday:nvidia:Solutions-Architect--Ethernet-Networking---NVIS_JR2022815,New,,,,,2026-08-10T22:57:41+00:00,2026-08-10T22:57:41+00:00
workday:nvidia:Manager--Solutions-Architecture---Emerging-AI-labs_JR2022750-1,New,,,,,2026-08-10T22:57:41+00:00,2026-08-10T22:57:41+00:00
workday:nvidia:Networking-Field-Applications-Engineer_JR2022945,New,,,,,2026-08-10T22:57:41+00:00,2026-08-10T22:57:41+00:00
workday:nvidia:Senior-Solutions-Architect--Physical-AI-Cloud_JR2022795,New,,,,,2026-08-10T22:57:41+00:00,2026-08-10T22:57:41+00:00
workday:nvidia:Senior-AI-Solutions-Architect---Industrial-Engineering_JR2022932-1,New,,,,,2026-08-10T22:57:41+00:00,2026-08-10T22:57:41+00:00
workday:nvidia:Senior-Developer-Relations-Manager---GR00T-End-to-End-Workflow_JR2022760,New,,,,,2026-08-10T22:57:41+00:00,2026-08-10T22:57:41+00:00
workday:nvidia:Senior-Developer-Relations-Manager---World-Models-Robotics_JR2022754,New,,,,,2026-08-10T22:57:41+00:00,2026-08-10T22:57:41+00:00
workday:nvidia:Senior-Deep-Learning-Software-Engineer--Inference_JR2023106-1,New,,,,,2026-08-10T22:57:41+00:00,2026-08-10T22:57:41+00:00
workday:nvidia:Process-Enablement-Lead_JR2023006,New,,,,,2026-08-10T22:57:41+00:00,2026-08-10T22:57:41+00:00
workday:nvidia:Senior-Solutions-Architect--Industrial-Robotics_JR2022375,New,,,,,2026-08-10T22:57:41+00:00,2026-08-10T22:57:41+00:00
workday:nvidia:Chip-Design-Verification-Engineer_JR2011728,New,,,,,2026-08-10T22:57:41+00:00,2026-08-10T22:57:41+00:00
workday:nvidia:Senior-Site-Reliability-Engineer---Storage_JR2022324,New,,,,,2026-08-10T22:57:41+00:00,2026-08-10T22:57:41+00:00
workday:nvidia:Manager--Chip-Software_JR2022613,New,,,,,2026-08-10T22:57:41+00:00,2026-08-10T22:57:41+00:00
workday:nvidia:Senior-Video-Producer_JR2021011,New,,,,,2026-08-10T22:57:41+00:00,2026-08-10T22:57:41+00:00
workday:nvidia:Solutions-Architect--AI-and-ML_JR2000691,New,,,,,2026-08-10T22:57:41+00:00,2026-08-10T22:57:41+00:00
workday:salesforce:Senior-Manager--Success-Architecture_JR355655,New,,,,,2026-08-10T22:57:41+00:00,2026-08-10T22:57:41+00:00
workday:salesforce:Job-Posting-Title-Proactive-Monitoring-Engineer---GovCloud--US-Citizen-Only-_JR350556,New,,,,,2026-08-10T22:57:41+00:00,2026-08-10T22:57:41+00:00
workday:salesforce:Product-Marketing-Sr-Lead--Content-Strategy_JR339258,New,,,,,2026-08-10T22:57:41+00:00,2026-08-10T22:57:41+00:00
workday:salesforce:Assessment---Insights-Operations-Director_JR345479,New,,,,,2026-08-10T22:57:41+00:00,2026-08-10T22:57:41+00:00
workday:salesforce:Services-Business-Strategy-Director_JR344557,New,,,,,2026-08-10T22:57:41+00:00,2026-08-10T22:57:41+00:00
greenhouse:postman:7491503003,New,,,,,2026-08-10T22:55:15+00:00,2026-08-10T22:55:15+00:00
greenhouse:postman:7833157003,New,,,,,2026-08-10T19:14:49+00:00,2026-08-10T19:14:49+00:00
greenhouse:postman:7828580003,New,,,,,2026-08-10T19:14:48+00:00,2026-08-10T19:14:48+00:00
internshala:data-science-internship:3234416,New,,,,,2026-08-10T17:07:07+00:00,2026-08-10T17:07:07+00:00
internshala:data-science-internship:3234248,New,,,,,2026-08-10T17:07:07+00:00,2026-08-10T17:07:07+00:00
internshala:data-science-internship:3235158,New,,,,,2026-08-10T17:07:07+00:00,2026-08-10T17:07:07+00:00
internshala:data-science-internship:3234533,New,,,,,2026-08-10T17:07:07+00:00,2026-08-10T17:07:07+00:00
internshala:data-science-internship:3236787,New,,,,,2026-08-10T17:07:07+00:00,2026-08-10T17:07:07+00:00
internshala:data-science-internship:3236777,New,,,,,2026-08-10T17:07:07+00:00,2026-08-10T17:07:07+00:00
internshala:data-science-internship:3236769,New,,,,,2026-08-10T17:07:07+00:00,2026-08-10T17:07:07+00:00
internshala:data-science-internship:3236770,New,,,,,2026-08-10T17:07:07+00:00,2026-08-10T17:07:07+00:00
internshala:data-science-internship:3236760,New,,,,,2026-08-10T17:07:07+00:00,2026-08-10T17:07:07+00:00
internshala:data-science-internship:3236656,New,,,,,2026-08-10T17:07:07+00:00,2026-08-10T17:07:07+00:00
internshala:data-science-internship:3236553,New,,,,,2026-08-10T17:07:07+00:00,2026-08-10T17:07:07+00:00
internshala:data-science-internship:3236642,New,,,,,2026-08-10T17:07:07+00:00,2026-08-10T17:07:07+00:00
internshala:data-science-internship:3235255,New,,,,,2026-08-10T17:07:07+00:00,2026-08-10T17:07:07+00:00
internshala:data-science-internship:3236638,New,,,,,2026-08-10T17:07:07+00:00,2026-08-10T17:07:07+00:00
internshala:data-science-internship:3236636,New,,,,,2026-08-10T17:07:07+00:00,2026-08-10T17:07:07+00:00
internshala:data-science-internship:3234600,New,,,,,2026-08-10T17:07:07+00:00,2026-08-10T17:07:07+00:00
internshala:data-science-internship:3236150,New,,,,,2026-08-10T17:07:07+00:00,2026-08-10T17:07:07+00:00
internshala:data-science-internship:3236147,New,,,,,2026-08-10T17:07:07+00:00,2026-08-10T17:07:07+00:00
internshala:data-science-internship:3235951,New,,,,,2026-08-10T17:07:07+00:00,2026-08-10T17:07:07+00:00
internshala:data-science-internship:3236137,New,,,,,2026-08-10T17:07:07+00:00,2026-08-10T17:07:07+00:00
internshala:data-science-internship:3236109,New,,,,,2026-08-10T17:07:07+00:00,2026-08-10T17:07:07+00:00
internshala:data-science-internship:3236041,New,,,,,2026-08-10T17:07:07+00:00,2026-08-10T17:07:07+00:00
internshala:data-science-internship:3236032,New,,,,,2026-08-10T17:07:07+00:00,2026-08-10T17:07:07+00:00
internshala:data-science-internship:3235251,New,,,,,2026-08-10T17:07:07+00:00,2026-08-10T17:07:07+00:00
internshala:machine-learning-internship:3236636,New,,,,,2026-08-10T17:07:06+00:00,2026-08-10T17:07:06+00:00
internshala:machine-learning-internship:3236652,New,,,,,2026-08-10T17:07:06+00:00,2026-08-10T17:07:06+00:00
internshala:machine-learning-internship:3234248,New,,,,,2026-08-10T17:07:06+00:00,2026-08-10T17:07:06+00:00
internshala:machine-learning-internship:3236777,New,,,,,2026-08-10T17:07:06+00:00,2026-08-10T17:07:06+00:00
internshala:machine-learning-internship:3235158,New,,,,,2026-08-10T17:07:06+00:00,2026-08-10T17:07:06+00:00
internshala:machine-learning-internship:3235332,New,,,,,2026-08-10T17:07:06+00:00,2026-08-10T17:07:06+00:00
internshala:machine-learning-internship:3236759,New,,,,,2026-08-10T17:07:06+00:00,2026-08-10T17:07:06+00:00
internshala:machine-learning-internship:3236781,New,,,,,2026-08-10T17:07:06+00:00,2026-08-10T17:07:06+00:00
internshala:machine-learning-internship:3232940,New,,,,,2026-08-10T17:07:06+00:00,2026-08-10T17:07:06+00:00
internshala:machine-learning-internship:3236553,New,,,,,2026-08-10T17:07:06+00:00,2026-08-10T17:07:06+00:00
internshala:machine-learning-internship:3236137,New,,,,,2026-08-10T17:07:06+00:00,2026-08-10T17:07:06+00:00
internshala:machine-learning-internship:3236041,New,,,,,2026-08-10T17:07:06+00:00,2026-08-10T17:07:06+00:00
internshala:machine-learning-internship:3236035,New,,,,,2026-08-10T17:07:06+00:00,2026-08-10T17:07:06+00:00
internshala:machine-learning-internship:3236032,New,,,,,2026-08-10T17:07:06+00:00,2026-08-10T17:07:06+00:00
internshala:machine-learning-internship:3233644,New,,,,,2026-08-10T17:07:06+00:00,2026-08-10T17:07:06+00:00
internshala:artificial-intelligence-ai-internship:3236647,New,,,,,2026-08-10T17:07:06+00:00,2026-08-10T17:07:06+00:00
internshala:artificial-intelligence-ai-internship:3236649,New,,,,,2026-08-10T17:07:06+00:00,2026-08-10T17:07:06+00:00
internshala:artificial-intelligence-ai-internship:3236759,New,,,,,2026-08-10T17:07:06+00:00,2026-08-10T17:07:06+00:00
internshala:artificial-intelligence-ai-internship:3236015,New,,,,,2026-08-10T17:07:06+00:00,2026-08-10T17:07:06+00:00
internshala:artificial-intelligence-ai-internship:3236652,New,,,,,2026-08-10T17:07:06+00:00,2026-08-10T17:07:06+00:00
internshala:artificial-intelligence-ai-internship:3236781,New,,,,,2026-08-10T17:07:06+00:00,2026-08-10T17:07:06+00:00
internshala:artificial-intelligence-ai-internship:3236550,New,,,,,2026-08-10T17:07:06+00:00,2026-08-10T17:07:06+00:00
internshala:artificial-intelligence-ai-internship:3232940,New,,,,,2026-08-10T17:07:06+00:00,2026-08-10T17:07:06+00:00
internshala:artificial-intelligence-ai-internship:3234635,New,,,,,2026-08-10T17:07:06+00:00,2026-08-10T17:07:06+00:00
internshala:artificial-intelligence-ai-internship:3234416,New,,,,,2026-08-10T17:07:06+00:00,2026-08-10T17:07:06+00:00
internshala:artificial-intelligence-ai-internship:3234248,New,,,,,2026-08-10T17:07:06+00:00,2026-08-10T17:07:06+00:00
internshala:artificial-intelligence-ai-internship:3235158,New,,,,,2026-08-10T17:07:06+00:00,2026-08-10T17:07:06+00:00
internshala:artificial-intelligence-ai-internship:3236777,New,,,,,2026-08-10T17:07:06+00:00,2026-08-10T17:07:06+00:00
internshala:artificial-intelligence-ai-internship:3236769,New,,,,,2026-08-10T17:07:06+00:00,2026-08-10T17:07:06+00:00
internshala:artificial-intelligence-ai-internship:3236770,New,,,,,2026-08-10T17:07:06+00:00,2026-08-10T17:07:06+00:00
internshala:artificial-intelligence-ai-internship:3236553,New,,,,,2026-08-10T17:07:06+00:00,2026-08-10T17:07:06+00:00
internshala:artificial-intelligence-ai-internship:3235255,New,,,,,2026-08-10T17:07:06+00:00,2026-08-10T17:07:06+00:00
internshala:artificial-intelligence-ai-internship:3236636,New,,,,,2026-08-10T17:07:06+00:00,2026-08-10T17:07:06+00:00
internshala:artificial-intelligence-ai-internship:3236150,New,,,,,2026-08-10T17:07:06+00:00,2026-08-10T17:07:06+00:00
internshala:artificial-intelligence-ai-internship:3236137,New,,,,,2026-08-10T17:07:06+00:00,2026-08-10T17:07:06+00:00
internshala:artificial-intelligence-ai-internship:3236032,New,,,,,2026-08-10T17:07:06+00:00,2026-08-10T17:07:06+00:00
internshala:artificial-intelligence-ai-internship:3233644,New,,,,,2026-08-10T17:07:06+00:00,2026-08-10T17:07:06+00:00
internshala:artificial-intelligence-ai-internship:3233418,New,,,,,2026-08-10T17:07:06+00:00,2026-08-10T17:07:06+00:00
internshala:data-science-internship:3236652,New,,,,,2026-08-10T17:07:06+00:00,2026-08-10T17:07:06+00:00
internshala:data-science-internship:3236647,New,,,,,2026-08-10T17:07:06+00:00,2026-08-10T17:07:06+00:00
internshala:data-science-internship:3236759,New,,,,,2026-08-10T17:07:06+00:00,2026-08-10T17:07:06+00:00
internshala:data-science-internship:3236781,New,,,,,2026-08-10T17:07:06+00:00,2026-08-10T17:07:06+00:00
internshala:data-science-internship:3236649,New,,,,,2026-08-10T17:07:06+00:00,2026-08-10T17:07:06+00:00
internshala:data-science-internship:3236015,New,,,,,2026-08-10T17:07:06+00:00,2026-08-10T17:07:06+00:00
internshala:data-science-internship:3236814,New,,,,,2026-08-10T17:07:06+00:00,2026-08-10T17:07:06+00:00
internshala:data-science-internship:3236533,New,,,,,2026-08-10T17:07:06+00:00,2026-08-10T17:07:06+00:00
internshala:data-science-internship:3232940,New,,,,,2026-08-10T17:07:06+00:00,2026-08-10T17:07:06+00:00
internshala:data-science-internship:3235332,New,,,,,2026-08-10T17:07:06+00:00,2026-08-10T17:07:06+00:00
internshala:data-science-internship:3236550,New,,,,,2026-08-10T17:07:06+00:00,2026-08-10T17:07:06+00:00
internshala:data-science-internship:3234635,New,,,,,2026-08-10T17:07:06+00:00,2026-08-10T17:07:06+00:00
greenhouse:razorpaysoftwareprivatelimited:4722162005,New,,,,,2026-08-10T11:20:25+00:00,2026-08-10T11:20:25+00:00
greenhouse:razorpaysoftwareprivatelimited:4721874005,New,,,,,2026-08-10T11:20:25+00:00,2026-08-10T11:20:25+00:00
workday:nvidia:Factory-Planner_JR2021699,New,,,,,2026-08-10T09:48:45+00:00,2026-08-10T09:48:45+00:00
workday:nvidia:Senior-Developer-Advocate-Engineer---Generative-AI_JR2021205,New,,,,,2026-08-10T09:48:45+00:00,2026-08-10T09:48:45+00:00
workday:nvidia:Senior-Network-Deployment-Engineer--PoP-Management---DGX-Cloud_JR2022835,New,,,,,2026-08-10T09:48:45+00:00,2026-08-10T09:48:45+00:00
workday:nvidia:Senior-Board-Design-Engineer_JR2014247,New,,,,,2026-08-10T09:48:45+00:00,2026-08-10T09:48:45+00:00
workday:nvidia:AI-Computing-Software-Development-Engineer--TensorRT-LLM_JR2022327,New,,,,,2026-08-10T09:48:45+00:00,2026-08-10T09:48:45+00:00
workday:nvidia:Firmware-Engineer_JR2022705,New,,,,,2026-08-10T09:48:45+00:00,2026-08-10T09:48:45+00:00
workday:nvidia:Data-Systems-Analyst_JR2020799,New,,,,,2026-08-10T09:48:45+00:00,2026-08-10T09:48:45+00:00
workday:nvidia:Senior-Mechanical-Engineer--Manufacturing-Development_JR2022695,New,,,,,2026-08-10T09:48:45+00:00,2026-08-10T09:48:45+00:00
workday:nvidia:Senior-Software-Engineer--DGX-Cloud-Orchestration_JR2022827,New,,,,,2026-08-10T09:48:45+00:00,2026-08-10T09:48:45+00:00
workday:nvidia:Senior-Director--Global-Risk-and-Compliance_JR2022628,New,,,,,2026-08-10T09:48:45+00:00,2026-08-10T09:48:45+00:00
workday:nvidia:Senior-Software-Engineer---Scientific-Evaluation_JR2022919-1,New,,,,,2026-08-10T09:48:45+00:00,2026-08-10T09:48:45+00:00
workday:nvidia:DGX-Cloud-Automation-Engineer_JR2022786,New,,,,,2026-08-10T09:48:45+00:00,2026-08-10T09:48:45+00:00
workday:nvidia:Senior-Product-Manager--NVCF---Platform-and-Developer-Experience_JR2018175,New,,,,,2026-08-10T09:48:45+00:00,2026-08-10T09:48:45+00:00
workday:nvidia:Infiniband-Network-Software-Engineer_JR2007263,New,,,,,2026-08-09T20:52:36+00:00,2026-08-09T20:52:36+00:00
workday:nvidia:Senior-Technical-Marketing-Engineer---Content-Specialist_JR2020163,New,,,,,2026-08-09T20:52:36+00:00,2026-08-09T20:52:36+00:00
workday:nvidia:Senior-System-Software-Engineer--Modeling-and-Validation_JR2022344,New,,,,,2026-08-09T20:52:36+00:00,2026-08-09T20:52:36+00:00
workday:nvidia:Manager--Networking-Firmware-Engineering_JR2021488,New,,,,,2026-08-09T20:52:36+00:00,2026-08-09T20:52:36+00:00
workday:nvidia:Firmware-Core-Engineer_JR1999896,New,,,,,2026-08-09T20:52:36+00:00,2026-08-09T20:52:36+00:00
workday:nvidia:Senior-QA-Software-Engineer--Networking_JR2016610,New,,,,,2026-08-09T20:52:36+00:00,2026-08-09T20:52:36+00:00
workday:nvidia:Senior-Manager--Software-Advanced-Development_JR2006647,New,,,,,2026-08-09T20:52:36+00:00,2026-08-09T20:52:36+00:00
internshala:artificial-intelligence-ai-internship:3235420,New,,,,,2026-08-09T16:52:43+00:00,2026-08-09T16:52:43+00:00
internshala:data-science-internship:3235804,New,,,,,2026-08-09T16:52:43+00:00,2026-08-09T16:52:43+00:00
internshala:data-science-internship:3235423,New,,,,,2026-08-09T16:52:43+00:00,2026-08-09T16:52:43+00:00
internshala:data-science-internship:3235420,New,,,,,2026-08-09T16:52:43+00:00,2026-08-09T16:52:43+00:00
internshala:data-science-internship:3234156,New,,,,,2026-08-09T16:52:43+00:00,2026-08-09T16:52:43+00:00
internshala:data-science-internship:3230337,New,,,,,2026-08-09T16:52:43+00:00,2026-08-09T16:52:43+00:00
internshala:machine-learning-internship:3235420,New,,,,,2026-08-09T16:52:42+00:00,2026-08-09T16:52:42+00:00
internshala:machine-learning-internship:3235398,New,,,,,2026-08-09T16:52:42+00:00,2026-08-09T16:52:42+00:00
workday:nvidia:Firmware-Student_JR2019538,New,,,,,2026-08-09T07:16:40+00:00,2026-08-09T07:16:40+00:00
workday:nvidia:Senior-Global-Procurement-Manager_JR2019507,New,,,,,2026-08-09T07:16:40+00:00,2026-08-09T07:16:40+00:00
workday:nvidia:Senior-SOC-Design-Engineer---Networking-Group_JR2019778,New,,,,,2026-08-09T07:16:40+00:00,2026-08-09T07:16:40+00:00
workday:nvidia:Senior-SOC-Design-Engineer---Networking-Group_JR2019824-1,New,,,,,2026-08-09T07:16:40+00:00,2026-08-09T07:16:40+00:00
workday:nvidia:Senior-ASIC-Design-Engineer---XBAR-IP_JR2020168,New,,,,,2026-08-09T07:16:40+00:00,2026-08-09T07:16:40+00:00
workday:nvidia:Senior-Design-Engineer---Memory-Subsystem_JR2020816,New,,,,,2026-08-09T07:16:40+00:00,2026-08-09T07:16:40+00:00
workday:nvidia:ASIC-Design-Engineer_JR2019598,New,,,,,2026-08-09T07:16:40+00:00,2026-08-09T07:16:40+00:00
workday:salesforce:Customer-Facing-Spiff-Onboarding-Specialist_JR355457,New,,,,,2026-08-09T07:16:40+00:00,2026-08-09T07:16:40+00:00
workday:nvidia:Senior-Technical-Program-Manager--Deep-Learning-Software_JR2016653,New,,,,,2026-08-08T18:59:04+00:00,2026-08-08T18:59:04+00:00
internshala:data-science-internship:3235287,New,,,,,2026-08-08T16:50:19+00:00,2026-08-08T16:50:19+00:00
internshala:data-science-internship:3235165,New,,,,,2026-08-08T16:50:19+00:00,2026-08-08T16:50:19+00:00
internshala:data-science-internship:3235091,New,,,,,2026-08-08T16:50:19+00:00,2026-08-08T16:50:19+00:00
internshala:data-science-internship:3235160,New,,,,,2026-08-08T16:50:19+00:00,2026-08-08T16:50:19+00:00
internshala:data-science-internship:3235161,New,,,,,2026-08-08T16:50:19+00:00,2026-08-08T16:50:19+00:00
internshala:data-science-internship:3235167,New,,,,,2026-08-08T16:50:19+00:00,2026-08-08T16:50:19+00:00
internshala:data-science-internship:3235188,New,,,,,2026-08-08T16:50:19+00:00,2026-08-08T16:50:19+00:00
internshala:data-science-internship:3234694,New,,,,,2026-08-08T16:50:19+00:00,2026-08-08T16:50:19+00:00
internshala:data-science-internship:3235108,New,,,,,2026-08-08T16:50:19+00:00,2026-08-08T16:50:19+00:00
internshala:data-science-internship:3234623,New,,,,,2026-08-08T16:50:19+00:00,2026-08-08T16:50:19+00:00
internshala:data-science-internship:3234619,New,,,,,2026-08-08T16:50:19+00:00,2026-08-08T16:50:19+00:00
internshala:data-science-internship:3234473,New,,,,,2026-08-08T16:50:19+00:00,2026-08-08T16:50:19+00:00
internshala:machine-learning-internship:3235188,New,,,,,2026-08-08T16:50:18+00:00,2026-08-08T16:50:18+00:00
internshala:machine-learning-internship:3235108,New,,,,,2026-08-08T16:50:18+00:00,2026-08-08T16:50:18+00:00
internshala:machine-learning-internship:3235160,New,,,,,2026-08-08T16:50:18+00:00,2026-08-08T16:50:18+00:00
internshala:machine-learning-internship:3235161,New,,,,,2026-08-08T16:50:18+00:00,2026-08-08T16:50:18+00:00
internshala:machine-learning-internship:3235287,New,,,,,2026-08-08T16:50:18+00:00,2026-08-08T16:50:18+00:00
internshala:machine-learning-internship:3234694,New,,,,,2026-08-08T16:50:18+00:00,2026-08-08T16:50:18+00:00
internshala:machine-learning-internship:3234623,New,,,,,2026-08-08T16:50:18+00:00,2026-08-08T16:50:18+00:00
internshala:machine-learning-internship:3234621,New,,,,,2026-08-08T16:50:18+00:00,2026-08-08T16:50:18+00:00
internshala:machine-learning-internship:3234619,New,,,,,2026-08-08T16:50:18+00:00,2026-08-08T16:50:18+00:00
internshala:artificial-intelligence-ai-internship:3235287,New,,,,,2026-08-08T16:50:18+00:00,2026-08-08T16:50:18+00:00
internshala:artificial-intelligence-ai-internship:3235165,New,,,,,2026-08-08T16:50:18+00:00,2026-08-08T16:50:18+00:00
internshala:artificial-intelligence-ai-internship:3235161,New,,,,,2026-08-08T16:50:18+00:00,2026-08-08T16:50:18+00:00
internshala:artificial-intelligence-ai-internship:3235160,New,,,,,2026-08-08T16:50:18+00:00,2026-08-08T16:50:18+00:00
internshala:artificial-intelligence-ai-internship:3235167,New,,,,,2026-08-08T16:50:18+00:00,2026-08-08T16:50:18+00:00
internshala:artificial-intelligence-ai-internship:3235188,New,,,,,2026-08-08T16:50:18+00:00,2026-08-08T16:50:18+00:00
internshala:artificial-intelligence-ai-internship:3234694,New,,,,,2026-08-08T16:50:18+00:00,2026-08-08T16:50:18+00:00
internshala:artificial-intelligence-ai-internship:3235108,New,,,,,2026-08-08T16:50:18+00:00,2026-08-08T16:50:18+00:00
internshala:artificial-intelligence-ai-internship:3234623,New,,,,,2026-08-08T16:50:18+00:00,2026-08-08T16:50:18+00:00
internshala:artificial-intelligence-ai-internship:3234473,New,,,,,2026-08-08T16:50:18+00:00,2026-08-08T16:50:18+00:00
workday:nvidia:HPC-Middleware-Developer_JR2020918,New,,,,,2026-08-08T05:11:06+00:00,2026-08-08T05:11:06+00:00
workday:nvidia:Principal-Software-Engineer---DGX-Cloud_JR2023059,New,,,,,2026-08-08T05:11:06+00:00,2026-08-08T05:11:06+00:00
workday:nvidia:Senior-Software-Engineer---DGX-Cloud_JR2023057,New,,,,,2026-08-08T05:11:06+00:00,2026-08-08T05:11:06+00:00
workday:nvidia:Senior-Mixed-Signal-Design-Engineer_JR2022992-1,New,,,,,2026-08-08T05:11:06+00:00,2026-08-08T05:11:06+00:00
workday:nvidia:Senior-Manager--Performance-Engineering---Kernel-and-Software-Platforms_JR2022757,New,,,,,2026-08-08T05:11:06+00:00,2026-08-08T05:11:06+00:00
workday:nvidia:Senior-Embedded-System-Software-Engineer---Platform-Execution-Lead_JR2022948-1,New,,,,,2026-08-08T05:11:06+00:00,2026-08-08T05:11:06+00:00
workday:nvidia:Senior-Solution-Engineer--Networking_JR2022908,New,,,,,2026-08-08T05:11:06+00:00,2026-08-08T05:11:06+00:00
workday:nvidia:Product-Marketing-Manager---Enterprise-AI_JR2021961,New,,,,,2026-08-08T05:11:06+00:00,2026-08-08T05:11:06+00:00
workday:nvidia:Senior-GPU-System-Software-Engineer_JR2022837,New,,,,,2026-08-08T05:11:06+00:00,2026-08-08T05:11:06+00:00
workday:nvidia:Senior-Software-Engineer--Unified-Access-Management-Platform_JR2022966,New,,,,,2026-08-08T05:11:06+00:00,2026-08-08T05:11:06+00:00
workday:nvidia:Senior-Account-Manager-Lead--Walmart_JR2022720,New,,,,,2026-08-08T05:11:06+00:00,2026-08-08T05:11:06+00:00
workday:nvidia:Senior-ATE-Hardware-Engineer_JR2021885,New,,,,,2026-08-08T05:11:06+00:00,2026-08-08T05:11:06+00:00
workday:nvidia:Senior-System-Software-Engineer--Automotive-Performance_JR2023036,New,,,,,2026-08-08T05:11:06+00:00,2026-08-08T05:11:06+00:00
workday:nvidia:Inference-Performance-Engineer--AI-Inference-Configuration-Optimization_JR2021689,New,,,,,2026-08-08T05:11:06+00:00,2026-08-08T05:11:06+00:00
workday:nvidia:Verification-Engineer---HWPM_JR2000528,New,,,,,2026-08-08T05:11:06+00:00,2026-08-08T05:11:06+00:00
workday:nvidia:PCIe-IP-Verification-Engineer_JR2019919-1,New,,,,,2026-08-08T05:11:06+00:00,2026-08-08T05:11:06+00:00
workday:nvidia:IP-Verification-Engineer---GPU-Core-Pipeline_JR2019962,New,,,,,2026-08-08T05:11:06+00:00,2026-08-08T05:11:06+00:00
workday:nvidia:Verification-Engineer---PCIE_JR2019560,New,,,,,2026-08-08T05:11:06+00:00,2026-08-08T05:11:06+00:00
workday:nvidia:Verification-Engineer---GPU-Fullchip_JR2019166,New,,,,,2026-08-08T05:11:06+00:00,2026-08-08T05:11:06+00:00
workday:nvidia:Verification-Engineer---GPU-Fullchip_JR2019165,New,,,,,2026-08-08T05:11:06+00:00,2026-08-08T05:11:06+00:00
workday:nvidia:GPU-Core-Pipeline-IP-Verification-Engineer_JR2020914,New,,,,,2026-08-08T05:11:06+00:00,2026-08-08T05:11:06+00:00
workday:nvidia:Senior-Financial-Analyst---Sales-Finance_JR2018414,New,,,,,2026-08-08T05:11:06+00:00,2026-08-08T05:11:06+00:00
workday:salesforce:Cloud-Success-Content-Development-Manager_JR353160,New,,,,,2026-08-08T05:11:06+00:00,2026-08-08T05:11:06+00:00
workday:salesforce:Technical-Support-Engineer_JR350735,New,,,,,2026-08-07T17:07:52+00:00,2026-08-07T17:07:52+00:00
workday:salesforce:Success-Architect-Tableau_JR322298,New,,,,,2026-08-07T17:07:52+00:00,2026-08-07T17:07:52+00:00
workday:salesforce:Senior-Project-Manager_JR343757,New,,,,,2026-08-07T17:07:52+00:00,2026-08-07T17:07:52+00:00
workday:nvidia:Senior-Memory-Subsystem-Architect_JR2022648,New,,,,,2026-08-07T17:07:51+00:00,2026-08-07T17:07:51+00:00
workday:nvidia:System-Software-Engineer--GPU-Development-Tools_JR2022682,New,,,,,2026-08-07T17:07:51+00:00,2026-08-07T17:07:51+00:00
workday:nvidia:GPU-Performance-Profiling-Engineer_JR2001798-1,New,,,,,2026-08-07T17:07:51+00:00,2026-08-07T17:07:51+00:00
workday:nvidia:Risk-Manager_JR2022850,New,,,,,2026-08-07T17:07:51+00:00,2026-08-07T17:07:51+00:00
workday:nvidia:Senior-Account-Manager--Global-AI-Factory-Technical-Sales-and-Strategy_JR2021997,New,,,,,2026-08-07T17:07:51+00:00,2026-08-07T17:07:51+00:00
workday:nvidia:ASIC-Design-Engineer--High-Speed-IO_JR2022729,New,,,,,2026-08-07T17:07:51+00:00,2026-08-07T17:07:51+00:00
workday:nvidia:Senior-ASIC-Methodology--Flow-and-Integration-Engineer_JR2022828,New,,,,,2026-08-07T17:07:51+00:00,2026-08-07T17:07:51+00:00
workday:nvidia:Senior-IP-Design-Verification-Engineer---XBAR-IP_JR2022804,New,,,,,2026-08-07T17:07:51+00:00,2026-08-07T17:07:51+00:00
workday:nvidia:AI-Developer---Interconnect-Hardware-Frontend_JR2022861-1,New,,,,,2026-08-07T17:07:51+00:00,2026-08-07T17:07:51+00:00
workday:nvidia:Vehicle-Integration-Engineer--Autonomous-Vehicle-Test-Fleet_JR2020318,New,,,,,2026-08-07T17:07:51+00:00,2026-08-07T17:07:51+00:00
workday:nvidia:Senior-Design-Verification-Engineer---Interconnect-IP_JR2022679,New,,,,,2026-08-07T17:07:51+00:00,2026-08-07T17:07:51+00:00
workday:nvidia:Senior-Switch-Software-Architect_JR2022202,New,,,,,2026-08-07T17:07:51+00:00,2026-08-07T17:07:51+00:00
workday:nvidia:Senior-Software-Engineer--Automation-Infrastructure_JR2022807,New,,,,,2026-08-07T17:07:51+00:00,2026-08-07T17:07:51+00:00
workday:nvidia:Senior-Technical-Program-Manager--AV-System-Integration_JR2022392,New,,,,,2026-08-07T17:07:51+00:00,2026-08-07T17:07:51+00:00
workday:nvidia:Senior-Software-Engineer--L4---Autonomous-Vehicles_JR2022208,New,,,,,2026-08-07T17:07:51+00:00,2026-08-07T17:07:51+00:00
workday:nvidia:Senior-Infrastructure-Automation-Engineer---Silicon-Co-Design-Group_JR2020805,New,,,,,2026-08-07T17:07:51+00:00,2026-08-07T17:07:51+00:00
workday:nvidia:Senior-Signal-Integrity-and-PCB-Quality-Engineer_JR2022495,New,,,,,2026-08-07T17:07:51+00:00,2026-08-07T17:07:51+00:00
workday:nvidia:Developer-Relations-Manager--Quantum-Computing---National-Labs-and-Federal_JR2022852,New,,,,,2026-08-07T17:07:51+00:00,2026-08-07T17:07:51+00:00
workday:nvidia:Principal-Product-Manager---DSX-OS_JR2022934,New,,,,,2026-08-07T17:07:51+00:00,2026-08-07T17:07:51+00:00
workday:nvidia:Senior-Software-Engineer---Kubernetes-AI-Foundations--Open-Source_JR2022743,New,,,,,2026-08-07T17:07:51+00:00,2026-08-07T17:07:51+00:00
workday:nvidia:System-Software-Architecture-Researcher---PhD-Program_JR2022429,New,,,,,2026-08-07T17:07:51+00:00,2026-08-07T17:07:51+00:00
workday:salesforce:Director--AI---Tooling_JR353524,New,,,,,2026-08-07T17:07:51+00:00,2026-08-07T17:07:51+00:00
internshala:artificial-intelligence-ai-internship:3234169,New,,,,,2026-08-07T15:07:42+00:00,2026-08-07T15:07:42+00:00
internshala:artificial-intelligence-ai-internship:3234137,New,,,,,2026-08-07T15:07:42+00:00,2026-08-07T15:07:42+00:00
internshala:artificial-intelligence-ai-internship:3234278,New,,,,,2026-08-07T15:07:42+00:00,2026-08-07T15:07:42+00:00
internshala:artificial-intelligence-ai-internship:3234435,New,,,,,2026-08-07T15:07:42+00:00,2026-08-07T15:07:42+00:00
internshala:artificial-intelligence-ai-internship:3230337,New,,,,,2026-08-07T15:07:42+00:00,2026-08-07T15:07:42+00:00
internshala:artificial-intelligence-ai-internship:3233606,New,,,,,2026-08-07T15:07:42+00:00,2026-08-07T15:07:42+00:00
internshala:artificial-intelligence-ai-internship:3233069,New,,,,,2026-08-07T15:07:42+00:00,2026-08-07T15:07:42+00:00
internshala:artificial-intelligence-ai-internship:3234333,New,,,,,2026-08-07T15:07:42+00:00,2026-08-07T15:07:42+00:00
internshala:artificial-intelligence-ai-internship:3234315,New,,,,,2026-08-07T15:07:42+00:00,2026-08-07T15:07:42+00:00
internshala:artificial-intelligence-ai-internship:3233623,New,,,,,2026-08-07T15:07:42+00:00,2026-08-07T15:07:42+00:00
internshala:artificial-intelligence-ai-internship:3234279,New,,,,,2026-08-07T15:07:42+00:00,2026-08-07T15:07:42+00:00
internshala:artificial-intelligence-ai-internship:3234269,New,,,,,2026-08-07T15:07:42+00:00,2026-08-07T15:07:42+00:00
internshala:artificial-intelligence-ai-internship:3232921,New,,,,,2026-08-07T15:07:42+00:00,2026-08-07T15:07:42+00:00
internshala:artificial-intelligence-ai-internship:3233574,New,,,,,2026-08-07T15:07:42+00:00,2026-08-07T15:07:42+00:00
internshala:artificial-intelligence-ai-internship:3233565,New,,,,,2026-08-07T15:07:42+00:00,2026-08-07T15:07:42+00:00
internshala:artificial-intelligence-ai-internship:3233500,New,,,,,2026-08-07T15:07:42+00:00,2026-08-07T15:07:42+00:00
internshala:artificial-intelligence-ai-internship:3233539,New,,,,,2026-08-07T15:07:42+00:00,2026-08-07T15:07:42+00:00
internshala:artificial-intelligence-ai-internship:3233375,New,,,,,2026-08-07T15:07:42+00:00,2026-08-07T15:07:42+00:00
internshala:data-science-internship:3234364,New,,,,,2026-08-07T15:07:42+00:00,2026-08-07T15:07:42+00:00
internshala:data-science-internship:3234327,New,,,,,2026-08-07T15:07:42+00:00,2026-08-07T15:07:42+00:00
internshala:data-science-internship:3234278,New,,,,,2026-08-07T15:07:42+00:00,2026-08-07T15:07:42+00:00
internshala:data-science-internship:3234065,New,,,,,2026-08-07T15:07:42+00:00,2026-08-07T15:07:42+00:00
internshala:data-science-internship:3232983,New,,,,,2026-08-07T15:07:42+00:00,2026-08-07T15:07:42+00:00
internshala:data-science-internship:3234435,New,,,,,2026-08-07T15:07:42+00:00,2026-08-07T15:07:42+00:00
internshala:data-science-internship:3234169,New,,,,,2026-08-07T15:07:42+00:00,2026-08-07T15:07:42+00:00
internshala:data-science-internship:3234113,New,,,,,2026-08-07T15:07:42+00:00,2026-08-07T15:07:42+00:00
internshala:data-science-internship:3234142,New,,,,,2026-08-07T15:07:42+00:00,2026-08-07T15:07:42+00:00
internshala:data-science-internship:3234137,New,,,,,2026-08-07T15:07:42+00:00,2026-08-07T15:07:42+00:00
internshala:data-science-internship:3234146,New,,,,,2026-08-07T15:07:42+00:00,2026-08-07T15:07:42+00:00
internshala:data-science-internship:3233671,New,,,,,2026-08-07T15:07:42+00:00,2026-08-07T15:07:42+00:00
internshala:data-science-internship:3234293,New,,,,,2026-08-07T15:07:42+00:00,2026-08-07T15:07:42+00:00
internshala:data-science-internship:3233443,New,,,,,2026-08-07T15:07:42+00:00,2026-08-07T15:07:42+00:00
internshala:data-science-internship:3232798,New,,,,,2026-08-07T15:07:42+00:00,2026-08-07T15:07:42+00:00
internshala:data-science-internship:3233632,New,,,,,2026-08-07T15:07:42+00:00,2026-08-07T15:07:42+00:00
internshala:data-science-internship:3233606,New,,,,,2026-08-07T15:07:42+00:00,2026-08-07T15:07:42+00:00
internshala:data-science-internship:3233981,New,,,,,2026-08-07T15:07:42+00:00,2026-08-07T15:07:42+00:00
internshala:data-science-internship:3233069,New,,,,,2026-08-07T15:07:42+00:00,2026-08-07T15:07:42+00:00
internshala:data-science-internship:3234289,New,,,,,2026-08-07T15:07:42+00:00,2026-08-07T15:07:42+00:00
internshala:data-science-internship:3234339,New,,,,,2026-08-07T15:07:42+00:00,2026-08-07T15:07:42+00:00
internshala:data-science-internship:3234333,New,,,,,2026-08-07T15:07:42+00:00,2026-08-07T15:07:42+00:00
internshala:data-science-internship:3234319,New,,,,,2026-08-07T15:07:42+00:00,2026-08-07T15:07:42+00:00
internshala:data-science-internship:3234315,New,,,,,2026-08-07T15:07:42+00:00,2026-08-07T15:07:42+00:00
internshala:data-science-internship:3234314,New,,,,,2026-08-07T15:07:42+00:00,2026-08-07T15:07:42+00:00
internshala:data-science-internship:3233623,New,,,,,2026-08-07T15:07:42+00:00,2026-08-07T15:07:42+00:00
internshala:data-science-internship:3234279,New,,,,,2026-08-07T15:07:42+00:00,2026-08-07T15:07:42+00:00
internshala:data-science-internship:3234269,New,,,,,2026-08-07T15:07:42+00:00,2026-08-07T15:07:42+00:00
internshala:data-science-internship:3234262,New,,,,,2026-08-07T15:07:42+00:00,2026-08-07T15:07:42+00:00
internshala:machine-learning-internship:3234279,New,,,,,2026-08-07T15:07:41+00:00,2026-08-07T15:07:41+00:00
internshala:machine-learning-internship:3234289,New,,,,,2026-08-07T15:07:41+00:00,2026-08-07T15:07:41+00:00
internshala:machine-learning-internship:3234333,New,,,,,2026-08-07T15:07:41+00:00,2026-08-07T15:07:41+00:00
internshala:machine-learning-internship:3234314,New,,,,,2026-08-07T15:07:41+00:00,2026-08-07T15:07:41+00:00
internshala:machine-learning-internship:3234315,New,,,,,2026-08-07T15:07:41+00:00,2026-08-07T15:07:41+00:00
internshala:machine-learning-internship:3234278,New,,,,,2026-08-07T15:07:41+00:00,2026-08-07T15:07:41+00:00
internshala:machine-learning-internship:3233623,New,,,,,2026-08-07T15:07:41+00:00,2026-08-07T15:07:41+00:00
internshala:machine-learning-internship:3234269,New,,,,,2026-08-07T15:07:41+00:00,2026-08-07T15:07:41+00:00
internshala:machine-learning-internship:3232921,New,,,,,2026-08-07T15:07:41+00:00,2026-08-07T15:07:41+00:00
internshala:machine-learning-internship:3233574,New,,,,,2026-08-07T15:07:41+00:00,2026-08-07T15:07:41+00:00
internshala:machine-learning-internship:3233565,New,,,,,2026-08-07T15:07:41+00:00,2026-08-07T15:07:41+00:00
internshala:machine-learning-internship:3233557,New,,,,,2026-08-07T15:07:41+00:00,2026-08-07T15:07:41+00:00
internshala:machine-learning-internship:3233539,New,,,,,2026-08-07T15:07:41+00:00,2026-08-07T15:07:41+00:00
internshala:machine-learning-internship:3233375,New,,,,,2026-08-07T15:07:41+00:00,2026-08-07T15:07:41+00:00
greenhouse:postman:7806500003,New,,,,,2026-08-07T13:36:41+00:00,2026-08-07T13:36:41+00:00
greenhouse:razorpaysoftwareprivatelimited:4722154005,New,,,,,2026-08-07T13:36:41+00:00,2026-08-07T13:36:41+00:00
workday:nvidia:Senior-Security-Architect_JR2018245,New,,,,,2026-08-07T03:17:09+00:00,2026-08-07T03:17:09+00:00
workday:nvidia:AI-Native-Technical-Program-Manager_JR2020773,New,,,,,2026-08-07T03:17:09+00:00,2026-08-07T03:17:09+00:00
workday:nvidia:Padring-Verification-Engineer_JR2022688-1,New,,,,,2026-08-07T03:17:09+00:00,2026-08-07T03:17:09+00:00
workday:nvidia:CUDA-Libraries-and-Frameworks-Product-Marketing-Manager_JR2019940,New,,,,,2026-08-07T03:17:09+00:00,2026-08-07T03:17:09+00:00
workday:nvidia:Senior-Financial-Analyst---Graphics-Finance_JR2021000,New,,,,,2026-08-07T03:17:09+00:00,2026-08-07T03:17:09+00:00
workday:nvidia:Software-Product-Manager--Local-AI_JR2022709,New,,,,,2026-08-07T03:17:09+00:00,2026-08-07T03:17:09+00:00
workday:nvidia:Senior-Global-Account-Manager--Game-Developers_JR2022528,New,,,,,2026-08-07T03:17:09+00:00,2026-08-07T03:17:09+00:00
workday:nvidia:Virtual-Supply-Chain-Specialist_JR2021315,New,,,,,2026-08-07T03:17:09+00:00,2026-08-07T03:17:09+00:00
workday:nvidia:Silicon-Performance--Power-and-Binning-Tools-Engineer_JR2022703,New,,,,,2026-08-07T03:17:09+00:00,2026-08-07T03:17:09+00:00
workday:nvidia:Senior-AI-Infrastructure-Software-Engineer---DGX-Cloud_JR2018042,New,,,,,2026-08-07T03:17:09+00:00,2026-08-07T03:17:09+00:00
workday:nvidia:Senior-Software-Engineer--Quantum-Applied-Research_JR2020378-1,New,,,,,2026-08-07T03:17:09+00:00,2026-08-07T03:17:09+00:00
workday:nvidia:Senior-Technical-Product-Manager--Rules-of-Road-Perception---Autonomous-Vehicles_JR2022718,New,,,,,2026-08-07T03:17:09+00:00,2026-08-07T03:17:09+00:00
workday:nvidia:Senior-Technical-Program-Manager---Autonomous-Vehicles_JR2021782,New,,,,,2026-08-07T03:17:09+00:00,2026-08-07T03:17:09+00:00
workday:nvidia:Senior-MLOps-Engineer_JR2022618-1,New,,,,,2026-08-07T03:17:09+00:00,2026-08-07T03:17:09+00:00
workday:nvidia:Manager--Software-Verification---SONiC-NOS_JR2022660,New,,,,,2026-08-07T03:17:09+00:00,2026-08-07T03:17:09+00:00
workday:nvidia:Senior-Data-Analyst---Automotive_JR2022638,New,,,,,2026-08-07T03:17:09+00:00,2026-08-07T03:17:09+00:00
workday:nvidia:Networking-Verification-Engineer_JR2022759,New,,,,,2026-08-07T03:17:09+00:00,2026-08-07T03:17:09+00:00
workday:nvidia:Senior-Scientist--Synthetic-Data-Generation_JR2019460,New,,,,,2026-08-07T03:17:09+00:00,2026-08-07T03:17:09+00:00
workday:nvidia:Senior-Deep-Learning-Sofware-Infrastructure-Engineer_JR2022034,New,,,,,2026-08-07T03:17:09+00:00,2026-08-07T03:17:09+00:00
workday:nvidia:Senior-Manufacturing-and-System-Co-Design-Workflow-Engineer_JR2021337,New,,,,,2026-08-07T03:17:09+00:00,2026-08-07T03:17:09+00:00
workday:nvidia:Technical-Product-Marketing-Engineer--Metropolis---New-College-Grad-2026_JR2022906-1,New,,,,,2026-08-07T03:17:09+00:00,2026-08-07T03:17:09+00:00
workday:nvidia:Senior-Manager--ASIC-Chip-Engineering_JR2022282,New,,,,,2026-08-07T03:17:09+00:00,2026-08-07T03:17:09+00:00
workday:nvidia:Senior-Infrastructure-Software-Engineer--TensorRT-Edge-LLM_JR2022855,New,,,,,2026-08-07T03:17:09+00:00,2026-08-07T03:17:09+00:00
workday:nvidia:Senior-Packaging-Technical-Engineer---Hardware_JR2022839,New,,,,,2026-08-07T03:17:09+00:00,2026-08-07T03:17:09+00:00
workday:nvidia:Senior-Package-Layout-Engineer---Hardware_JR2022910-1,New,,,,,2026-08-07T03:17:09+00:00,2026-08-07T03:17:09+00:00
workday:nvidia:Senior-SoC-Design-Engineer_JR2022790,New,,,,,2026-08-07T03:17:09+00:00,2026-08-07T03:17:09+00:00
workday:nvidia:Hardware-Program-Manager---HW-Fulfillment-and-R-D-Procurement_JR2022884-1,New,,,,,2026-08-07T03:17:09+00:00,2026-08-07T03:17:09+00:00
workday:salesforce:Commerce-Cloud--POS--Success-Architect_JR355351,New,,,,,2026-08-07T03:17:09+00:00,2026-08-07T03:17:09+00:00
workday:salesforce:Success-Architect---Commerce-Cloud_JR355331,New,,,,,2026-08-07T03:17:09+00:00,2026-08-07T03:17:09+00:00
workday:salesforce:Tableau-Account-Director--Local-Government_JR354979,New,,,,,2026-08-07T03:17:09+00:00,2026-08-07T03:17:09+00:00
workday:salesforce:Manager--Compliance---Public-Sector-Contracts_JR355122,New,,,,,2026-08-07T03:17:09+00:00,2026-08-07T03:17:09+00:00
workday:salesforce:Technical-Support-Engineer_JR350557,New,,,,,2026-08-07T03:17:09+00:00,2026-08-07T03:17:09+00:00
workday:salesforce:Brand-Strategy-Manager--Brand-Strategy---Management_JR354988,New,,,,,2026-08-07T03:17:09+00:00,2026-08-07T03:17:09+00:00
workday:salesforce:Data-Analytics-Analyst-Manager_JR330837,New,,,,,2026-08-07T03:17:09+00:00,2026-08-07T03:17:09+00:00
workday:nvidia:Senior-Staff-Network-Automation-Engineer_JR2022928,New,,,,,2026-08-06T14:35:21+00:00,2026-08-06T14:35:21+00:00
workday:nvidia:Solutions-Architect--Financial-Services-Banking_JR2022845,New,,,,,2026-08-06T14:35:21+00:00,2026-08-06T14:35:21+00:00
workday:nvidia:Senior-QA-Engineer--Test-Frameworks---Tools_JR2022662,New,,,,,2026-08-06T14:35:21+00:00,2026-08-06T14:35:21+00:00
workday:nvidia:System-Software-Engineer---Local-AI_JR2022875,New,,,,,2026-08-06T14:35:21+00:00,2026-08-06T14:35:21+00:00
workday:nvidia:Senior-HPC-Cluster-Engineer---AI--ML_JR2021817-1,New,,,,,2026-08-06T14:35:21+00:00,2026-08-06T14:35:21+00:00
workday:nvidia:Senior-Technical-Program-Manager---Deep-Learning-Enterprise-Server-Software_JR2021280,New,,,,,2026-08-06T14:35:21+00:00,2026-08-06T14:35:21+00:00
workday:nvidia:Senior-Software-Developer--AI-Networking_JR2016186,New,,,,,2026-08-06T14:35:21+00:00,2026-08-06T14:35:21+00:00
workday:nvidia:Senior-Network-Engineer--DGX-Cloud---Backbone_JR2022040-1,New,,,,,2026-08-06T14:35:21+00:00,2026-08-06T14:35:21+00:00
workday:nvidia:Advanced-Development-Engineer--AI-Networking_JR2022673,New,,,,,2026-08-06T14:35:21+00:00,2026-08-06T14:35:21+00:00
workday:nvidia:Hardware-Test-Engineer---Silicon-Validation_JR2021022,New,,,,,2026-08-06T14:35:21+00:00,2026-08-06T14:35:21+00:00
workday:nvidia:ASIC-Verification-Engineer_JR2018695,New,,,,,2026-08-06T14:35:21+00:00,2026-08-06T14:35:21+00:00
workday:nvidia:Software-Engineer--Storage_JR2005235,New,,,,,2026-08-06T14:35:21+00:00,2026-08-06T14:35:21+00:00
workday:nvidia:Release-Manager_JR2018931,New,,,,,2026-08-06T14:35:21+00:00,2026-08-06T14:35:21+00:00
workday:nvidia:System-Software-Engineer--UEFI-Firmware_JR2022276,New,,,,,2026-08-06T14:35:21+00:00,2026-08-06T14:35:21+00:00
workday:nvidia:Senior-Machine-Learning-Engineer_JR2020765,New,,,,,2026-08-06T14:35:21+00:00,2026-08-06T14:35:21+00:00
workday:salesforce:Software-Engineering-AMTS--College-Grad-_JR355250-1,New,,,,,2026-08-06T14:35:21+00:00,2026-08-06T14:35:21+00:00
workday:salesforce:Senior-Data-Engineer_JR353458,New,,,,,2026-08-06T14:35:21+00:00,2026-08-06T14:35:21+00:00
workday:salesforce:Territory-Account-Executive---SMB_JR354798,New,,,,,2026-08-06T14:35:21+00:00,2026-08-06T14:35:21+00:00
workday:salesforce:Technical-Architect_JR346625,New,,,,,2026-08-06T14:35:21+00:00,2026-08-06T14:35:21+00:00
workday:salesforce:Senior-Product-Manager---Platform-Identity-Service_JR352771-1,New,,,,,2026-08-06T14:35:21+00:00,2026-08-06T14:35:21+00:00
workday:salesforce:Technical-Support-Engineer_JR334050,New,,,,,2026-08-06T14:35:21+00:00,2026-08-06T14:35:21+00:00
workday:salesforce:Director--Software-Engineering---Security-Asset-Platform_JR353584,New,,,,,2026-08-06T14:35:21+00:00,2026-08-06T14:35:21+00:00
internshala:data-science-internship:3233148,New,,,,,2026-08-06T14:33:02+00:00,2026-08-06T14:33:02+00:00
internshala:data-science-internship:3232279,New,,,,,2026-08-06T14:33:02+00:00,2026-08-06T14:33:02+00:00
internshala:data-science-internship:3233093,New,,,,,2026-08-06T14:33:02+00:00,2026-08-06T14:33:02+00:00
internshala:data-science-internship:3233088,New,,,,,2026-08-06T14:33:02+00:00,2026-08-06T14:33:02+00:00
internshala:data-science-internship:3233081,New,,,,,2026-08-06T14:33:02+00:00,2026-08-06T14:33:02+00:00
internshala:data-science-internship:3233064,New,,,,,2026-08-06T14:33:02+00:00,2026-08-06T14:33:02+00:00
internshala:data-science-internship:3232443,New,,,,,2026-08-06T14:33:02+00:00,2026-08-06T14:33:02+00:00
internshala:data-science-internship:3232392,New,,,,,2026-08-06T14:33:02+00:00,2026-08-06T14:33:02+00:00
internshala:data-science-internship:3232391,New,,,,,2026-08-06T14:33:02+00:00,2026-08-06T14:33:02+00:00
internshala:data-science-internship:3232380,New,,,,,2026-08-06T14:33:02+00:00,2026-08-06T14:33:02+00:00
internshala:machine-learning-internship:3233224,New,,,,,2026-08-06T14:33:01+00:00,2026-08-06T14:33:01+00:00
internshala:machine-learning-internship:3230293,New,,,,,2026-08-06T14:33:01+00:00,2026-08-06T14:33:01+00:00
internshala:machine-learning-internship:3233121,New,,,,,2026-08-06T14:33:01+00:00,2026-08-06T14:33:01+00:00
internshala:machine-learning-internship:3233080,New,,,,,2026-08-06T14:33:01+00:00,2026-08-06T14:33:01+00:00
internshala:machine-learning-internship:3229171,New,,,,,2026-08-06T14:33:01+00:00,2026-08-06T14:33:01+00:00
internshala:machine-learning-internship:3233322,New,,,,,2026-08-06T14:33:01+00:00,2026-08-06T14:33:01+00:00
internshala:machine-learning-internship:3233079,New,,,,,2026-08-06T14:33:01+00:00,2026-08-06T14:33:01+00:00
internshala:machine-learning-internship:3233088,New,,,,,2026-08-06T14:33:01+00:00,2026-08-06T14:33:01+00:00
internshala:machine-learning-internship:3232397,New,,,,,2026-08-06T14:33:01+00:00,2026-08-06T14:33:01+00:00
internshala:machine-learning-internship:3232392,New,,,,,2026-08-06T14:33:01+00:00,2026-08-06T14:33:01+00:00
internshala:machine-learning-internship:3232147,New,,,,,2026-08-06T14:33:01+00:00,2026-08-06T14:33:01+00:00
internshala:artificial-intelligence-ai-internship:3233224,New,,,,,2026-08-06T14:33:01+00:00,2026-08-06T14:33:01+00:00
internshala:artificial-intelligence-ai-internship:3233035,New,,,,,2026-08-06T14:33:01+00:00,2026-08-06T14:33:01+00:00
internshala:artificial-intelligence-ai-internship:3233322,New,,,,,2026-08-06T14:33:01+00:00,2026-08-06T14:33:01+00:00
internshala:artificial-intelligence-ai-internship:3233121,New,,,,,2026-08-06T14:33:01+00:00,2026-08-06T14:33:01+00:00
internshala:artificial-intelligence-ai-internship:3233036,New,,,,,2026-08-06T14:33:01+00:00,2026-08-06T14:33:01+00:00
internshala:artificial-intelligence-ai-internship:3232400,New,,,,,2026-08-06T14:33:01+00:00,2026-08-06T14:33:01+00:00
internshala:artificial-intelligence-ai-internship:3232100,New,,,,,2026-08-06T14:33:01+00:00,2026-08-06T14:33:01+00:00
internshala:artificial-intelligence-ai-internship:3232471,New,,,,,2026-08-06T14:33:01+00:00,2026-08-06T14:33:01+00:00
internshala:artificial-intelligence-ai-internship:3230293,New,,,,,2026-08-06T14:33:01+00:00,2026-08-06T14:33:01+00:00
internshala:artificial-intelligence-ai-internship:3230846,New,,,,,2026-08-06T14:33:01+00:00,2026-08-06T14:33:01+00:00
internshala:artificial-intelligence-ai-internship:3233197,New,,,,,2026-08-06T14:33:01+00:00,2026-08-06T14:33:01+00:00
internshala:artificial-intelligence-ai-internship:3233080,New,,,,,2026-08-06T14:33:01+00:00,2026-08-06T14:33:01+00:00
internshala:artificial-intelligence-ai-internship:3232255,New,,,,,2026-08-06T14:33:01+00:00,2026-08-06T14:33:01+00:00
internshala:artificial-intelligence-ai-internship:3233145,New,,,,,2026-08-06T14:33:01+00:00,2026-08-06T14:33:01+00:00
internshala:artificial-intelligence-ai-internship:3233148,New,,,,,2026-08-06T14:33:01+00:00,2026-08-06T14:33:01+00:00
internshala:artificial-intelligence-ai-internship:3232279,New,,,,,2026-08-06T14:33:01+00:00,2026-08-06T14:33:01+00:00
internshala:artificial-intelligence-ai-internship:3233088,New,,,,,2026-08-06T14:33:01+00:00,2026-08-06T14:33:01+00:00
internshala:artificial-intelligence-ai-internship:3232392,New,,,,,2026-08-06T14:33:01+00:00,2026-08-06T14:33:01+00:00
internshala:artificial-intelligence-ai-internship:3232168,New,,,,,2026-08-06T14:33:01+00:00,2026-08-06T14:33:01+00:00
internshala:artificial-intelligence-ai-internship:3232147,New,,,,,2026-08-06T14:33:01+00:00,2026-08-06T14:33:01+00:00
internshala:data-science-internship:3233224,New,,,,,2026-08-06T14:33:01+00:00,2026-08-06T14:33:01+00:00
internshala:data-science-internship:3233322,New,,,,,2026-08-06T14:33:01+00:00,2026-08-06T14:33:01+00:00
internshala:data-science-internship:3233035,New,,,,,2026-08-06T14:33:01+00:00,2026-08-06T14:33:01+00:00
internshala:data-science-internship:3232292,New,,,,,2026-08-06T14:33:01+00:00,2026-08-06T14:33:01+00:00
internshala:data-science-internship:3233189,New,,,,,2026-08-06T14:33:01+00:00,2026-08-06T14:33:01+00:00
internshala:data-science-internship:3233202,New,,,,,2026-08-06T14:33:01+00:00,2026-08-06T14:33:01+00:00
internshala:data-science-internship:3233021,New,,,,,2026-08-06T14:33:01+00:00,2026-08-06T14:33:01+00:00
internshala:data-science-internship:3233121,New,,,,,2026-08-06T14:33:01+00:00,2026-08-06T14:33:01+00:00
internshala:data-science-internship:3233036,New,,,,,2026-08-06T14:33:01+00:00,2026-08-06T14:33:01+00:00
internshala:data-science-internship:3232400,New,,,,,2026-08-06T14:33:01+00:00,2026-08-06T14:33:01+00:00
internshala:data-science-internship:3232100,New,,,,,2026-08-06T14:33:01+00:00,2026-08-06T14:33:01+00:00
internshala:data-science-internship:3233195,New,,,,,2026-08-06T14:33:01+00:00,2026-08-06T14:33:01+00:00
internshala:data-science-internship:3229171,New,,,,,2026-08-06T14:33:01+00:00,2026-08-06T14:33:01+00:00
internshala:data-science-internship:3232477,New,,,,,2026-08-06T14:33:01+00:00,2026-08-06T14:33:01+00:00
internshala:data-science-internship:3232471,New,,,,,2026-08-06T14:33:01+00:00,2026-08-06T14:33:01+00:00
internshala:data-science-internship:3230293,New,,,,,2026-08-06T14:33:01+00:00,2026-08-06T14:33:01+00:00
internshala:data-science-internship:3230846,New,,,,,2026-08-06T14:33:01+00:00,2026-08-06T14:33:01+00:00
internshala:data-science-internship:3232248,New,,,,,2026-08-06T14:33:01+00:00,2026-08-06T14:33:01+00:00
internshala:data-science-internship:3233197,New,,,,,2026-08-06T14:33:01+00:00,2026-08-06T14:33:01+00:00
internshala:data-science-internship:3233080,New,,,,,2026-08-06T14:33:01+00:00,2026-08-06T14:33:01+00:00
internshala:data-science-internship:3232255,New,,,,,2026-08-06T14:33:01+00:00,2026-08-06T14:33:01+00:00
internshala:data-science-internship:3233145,New,,,,,2026-08-06T14:33:01+00:00,2026-08-06T14:33:01+00:00
greenhouse:razorpaysoftwareprivatelimited:4721391005,New,,,,,2026-08-06T06:43:23+00:00,2026-08-06T06:43:23+00:00
lever:zeta:b099e4fe-87cf-44ad-89b6-21edfe60958b,New,,,,,2026-08-06T06:43:22+00:00,2026-08-06T06:43:22+00:00
greenhouse:postman:7830052003,New,,,,,2026-08-06T03:33:28+00:00,2026-08-06T03:33:28+00:00
workday:nvidia:Principal-Engineer--Cloud-Site-Reliability-Engineering_JR2022907-1,New,,,,,2026-08-05T23:19:54+00:00,2026-08-05T23:19:54+00:00
workday:nvidia:Dell-Technologies-Global-Account-Manager_JR2021412-1,New,,,,,2026-08-05T23:19:54+00:00,2026-08-05T23:19:54+00:00
workday:nvidia:Senior-Datacenter-GPU-Power-Architect_JR2022846,New,,,,,2026-08-05T23:19:54+00:00,2026-08-05T23:19:54+00:00
workday:nvidia:Senior-HPC-Support-Engineer--InfiniBand---NVLink_JR2022632,New,,,,,2026-08-05T23:19:54+00:00,2026-08-05T23:19:54+00:00
workday:nvidia:Principal-Linux-Kernel-Engineer---NVIDIA-CPU-Server-Platforms_JR2022535,New,,,,,2026-08-05T23:19:54+00:00,2026-08-05T23:19:54+00:00
workday:nvidia:Senior-Factory-Planner_JR2013750,New,,,,,2026-08-05T23:19:54+00:00,2026-08-05T23:19:54+00:00
workday:nvidia:Senior-Applied-AI-and-AI-Infrastructure-Engineer---Chip-Design-and-DFX_JR2018256,New,,,,,2026-08-05T23:19:54+00:00,2026-08-05T23:19:54+00:00
workday:nvidia:Senior-DFX-Power-Methodology-Engineer_JR2018255,New,,,,,2026-08-05T23:19:54+00:00,2026-08-05T23:19:54+00:00
workday:nvidia:Senior-DFT-Engineer_JR2020790,New,,,,,2026-08-05T23:19:54+00:00,2026-08-05T23:19:54+00:00
workday:nvidia:Senior-DFT-Engineer_JR2006356,New,,,,,2026-08-05T23:19:54+00:00,2026-08-05T23:19:54+00:00
workday:nvidia:Senior-Infrastructure-Software-Engineer--Deep-Learning-Libraries_JR2020105,New,,,,,2026-08-05T23:19:54+00:00,2026-08-05T23:19:54+00:00
workday:nvidia:Engineering-Manager--LLM-Performance_JR2019950,New,,,,,2026-08-05T23:19:54+00:00,2026-08-05T23:19:54+00:00
workday:nvidia:Senior-AI-Native-Systems-Software-Engineer--TensorRT_JR2016396,New,,,,,2026-08-05T23:19:54+00:00,2026-08-05T23:19:54+00:00
workday:nvidia:Senior-Formal-Verification-Engineer--GPU-Kernels_JR2016917,New,,,,,2026-08-05T23:19:54+00:00,2026-08-05T23:19:54+00:00
workday:nvidia:Senior-AI-and-FSI-Developer-Technology-Engineer_JR2016002,New,,,,,2026-08-05T23:19:54+00:00,2026-08-05T23:19:54+00:00
workday:nvidia:Senior-Developer-Technology-Engineer--Public-Sector_JR2016115,New,,,,,2026-08-05T23:19:54+00:00,2026-08-05T23:19:54+00:00
workday:nvidia:Senior-Software-Engineer--Machine-Learning-Inference_JR2016047,New,,,,,2026-08-05T23:19:54+00:00,2026-08-05T23:19:54+00:00
workday:nvidia:Senior-Developer-Technology-Engineer--CPU-Performance_JR2013483,New,,,,,2026-08-05T23:19:54+00:00,2026-08-05T23:19:54+00:00
workday:nvidia:Senior-Software-Engineer--Deep-Learning-Inference---Automotive-Safety_JR2014814,New,,,,,2026-08-05T23:19:54+00:00,2026-08-05T23:19:54+00:00
workday:nvidia:Senior-AI-Developer-Technology-Engineer--Financial-Sector_JR2013482,New,,,,,2026-08-05T23:19:54+00:00,2026-08-05T23:19:54+00:00
workday:nvidia:Senior-Software-Engineer--Deep-Learning-Inference---TensorRT_JR2013020,New,,,,,2026-08-05T23:19:54+00:00,2026-08-05T23:19:54+00:00
workday:nvidia:Manager--Developer-Technology_JR2011456-1,New,,,,,2026-08-05T23:19:54+00:00,2026-08-05T23:19:54+00:00
workday:nvidia:Manager--Large-Language-Model-Inference_JR2006769,New,,,,,2026-08-05T23:19:54+00:00,2026-08-05T23:19:54+00:00
workday:nvidia:Senior-Research-Engineer---Autonomous-Vehicles_JR2005597,New,,,,,2026-08-05T23:19:54+00:00,2026-08-05T23:19:54+00:00
workday:nvidia:Senior-Research-Scientist---Autonomous-Vehicles_JR2005596,New,,,,,2026-08-05T23:19:54+00:00,2026-08-05T23:19:54+00:00
workday:nvidia:Product-Development-Engineer_JR2016819,New,,,,,2026-08-05T23:19:54+00:00,2026-08-05T23:19:54+00:00
workday:nvidia:Senior-Developer-Technology-Engineer_JR2014768,New,,,,,2026-08-05T23:19:54+00:00,2026-08-05T23:19:54+00:00
workday:nvidia:Compensation-Business-Partner_JR2016220,New,,,,,2026-08-05T23:19:54+00:00,2026-08-05T23:19:54+00:00
workday:nvidia:Raytracing-Compiler-Engineer---Developer-and-Performance-Technology_JR2012859,New,,,,,2026-08-05T23:19:54+00:00,2026-08-05T23:19:54+00:00
workday:nvidia:Senior-Product-Manager---AI-Platform-Inference_JR2022724,New,,,,,2026-08-05T23:19:54+00:00,2026-08-05T23:19:54+00:00
workday:salesforce:Product-Manager--Customer-Success_JR353507,New,,,,,2026-08-05T23:19:54+00:00,2026-08-05T23:19:54+00:00
workday:salesforce:Customer-Succes-Manager--Senior-Manager-Mulesoft_JR332588-1,New,,,,,2026-08-05T23:19:54+00:00,2026-08-05T23:19:54+00:00
workday:salesforce:Product-Marketing-Manager--Partner-Marketing_JR355134,New,,,,,2026-08-05T23:19:54+00:00,2026-08-05T23:19:54+00:00
workday:salesforce:Software-Engineering-LMTS---Tableau_JR327543,New,,,,,2026-08-05T23:19:54+00:00,2026-08-05T23:19:54+00:00
workday:salesforce:Manager--Financial-Planning---Analysis---Revenue_JR350895,New,,,,,2026-08-05T23:19:54+00:00,2026-08-05T23:19:54+00:00
workday:salesforce:Senior-Manager--Customer-Success-Manager--CSM---NGO_JR355113,New,,,,,2026-08-05T23:19:54+00:00,2026-08-05T23:19:54+00:00
workday:salesforce:Services-Practices-Senior-Manager--Security-_JR351112,New,,,,,2026-08-05T23:19:54+00:00,2026-08-05T23:19:54+00:00
workday:salesforce:Customer-Success-Manager---Digital--Marketing---Commerce--Clouds_JR332573,New,,,,,2026-08-05T23:19:54+00:00,2026-08-05T23:19:54+00:00
workday:salesforce:Customer-Success-Manager--Salesforce-technical-exp-mandatory-AMER-timezone-_JR331097-1,New,,,,,2026-08-05T23:19:54+00:00,2026-08-05T23:19:54+00:00
greenhouse:postman:7824502003,New,,,,,2026-08-05T21:31:04+00:00,2026-08-05T21:31:04+00:00
internshala:artificial-intelligence-ai-internship:3230793,New,,,,,2026-08-05T14:30:51+00:00,2026-08-05T14:30:51+00:00
internshala:artificial-intelligence-ai-internship:3230790,New,,,,,2026-08-05T14:30:51+00:00,2026-08-05T14:30:51+00:00
internshala:artificial-intelligence-ai-internship:3231923,New,,,,,2026-08-05T14:30:51+00:00,2026-08-05T14:30:51+00:00
internshala:artificial-intelligence-ai-internship:3230797,New,,,,,2026-08-05T14:30:51+00:00,2026-08-05T14:30:51+00:00
internshala:artificial-intelligence-ai-internship:3231796,New,,,,,2026-08-05T14:30:51+00:00,2026-08-05T14:30:51+00:00
internshala:artificial-intelligence-ai-internship:3231510,New,,,,,2026-08-05T14:30:51+00:00,2026-08-05T14:30:51+00:00
internshala:artificial-intelligence-ai-internship:3230945,New,,,,,2026-08-05T14:30:51+00:00,2026-08-05T14:30:51+00:00
internshala:artificial-intelligence-ai-internship:3223879,New,,,,,2026-08-05T14:30:51+00:00,2026-08-05T14:30:51+00:00
internshala:artificial-intelligence-ai-internship:3229675,New,,,,,2026-08-05T14:30:51+00:00,2026-08-05T14:30:51+00:00
internshala:artificial-intelligence-ai-internship:3232104,New,,,,,2026-08-05T14:30:51+00:00,2026-08-05T14:30:51+00:00
internshala:artificial-intelligence-ai-internship:3231977,New,,,,,2026-08-05T14:30:51+00:00,2026-08-05T14:30:51+00:00
internshala:artificial-intelligence-ai-internship:3231966,New,,,,,2026-08-05T14:30:51+00:00,2026-08-05T14:30:51+00:00
internshala:artificial-intelligence-ai-internship:3231964,New,,,,,2026-08-05T14:30:51+00:00,2026-08-05T14:30:51+00:00
internshala:artificial-intelligence-ai-internship:3231956,New,,,,,2026-08-05T14:30:51+00:00,2026-08-05T14:30:51+00:00
internshala:artificial-intelligence-ai-internship:3231954,New,,,,,2026-08-05T14:30:51+00:00,2026-08-05T14:30:51+00:00
internshala:artificial-intelligence-ai-internship:3231823,New,,,,,2026-08-05T14:30:51+00:00,2026-08-05T14:30:51+00:00
internshala:artificial-intelligence-ai-internship:3231811,New,,,,,2026-08-05T14:30:51+00:00,2026-08-05T14:30:51+00:00
internshala:artificial-intelligence-ai-internship:3231406,New,,,,,2026-08-05T14:30:51+00:00,2026-08-05T14:30:51+00:00
internshala:artificial-intelligence-ai-internship:3231331,New,,,,,2026-08-05T14:30:51+00:00,2026-08-05T14:30:51+00:00
internshala:artificial-intelligence-ai-internship:3231104,New,,,,,2026-08-05T14:30:51+00:00,2026-08-05T14:30:51+00:00
internshala:artificial-intelligence-ai-internship:3231099,New,,,,,2026-08-05T14:30:51+00:00,2026-08-05T14:30:51+00:00
internshala:artificial-intelligence-ai-internship:3230884,New,,,,,2026-08-05T14:30:51+00:00,2026-08-05T14:30:51+00:00
internshala:artificial-intelligence-ai-internship:3230883,New,,,,,2026-08-05T14:30:51+00:00,2026-08-05T14:30:51+00:00
internshala:artificial-intelligence-ai-internship:3230874,New,,,,,2026-08-05T14:30:51+00:00,2026-08-05T14:30:51+00:00
internshala:artificial-intelligence-ai-internship:3230866,New,,,,,2026-08-05T14:30:51+00:00,2026-08-05T14:30:51+00:00
internshala:artificial-intelligence-ai-internship:3230865,New,,,,,2026-08-05T14:30:51+00:00,2026-08-05T14:30:51+00:00
internshala:artificial-intelligence-ai-internship:3230852,New,,,,,2026-08-05T14:30:51+00:00,2026-08-05T14:30:51+00:00
internshala:artificial-intelligence-ai-internship:3230844,New,,,,,2026-08-05T14:30:51+00:00,2026-08-05T14:30:51+00:00
internshala:artificial-intelligence-ai-internship:3230256,New,,,,,2026-08-05T14:30:51+00:00,2026-08-05T14:30:51+00:00
internshala:data-science-internship:3230793,New,,,,,2026-08-05T14:30:51+00:00,2026-08-05T14:30:51+00:00
internshala:data-science-internship:3230797,New,,,,,2026-08-05T14:30:51+00:00,2026-08-05T14:30:51+00:00
internshala:data-science-internship:3231958,New,,,,,2026-08-05T14:30:51+00:00,2026-08-05T14:30:51+00:00
internshala:data-science-internship:3230790,New,,,,,2026-08-05T14:30:51+00:00,2026-08-05T14:30:51+00:00
internshala:data-science-internship:3231383,New,,,,,2026-08-05T14:30:51+00:00,2026-08-05T14:30:51+00:00
internshala:data-science-internship:3231796,New,,,,,2026-08-05T14:30:51+00:00,2026-08-05T14:30:51+00:00
internshala:data-science-internship:3231995,New,,,,,2026-08-05T14:30:51+00:00,2026-08-05T14:30:51+00:00
internshala:data-science-internship:3231510,New,,,,,2026-08-05T14:30:51+00:00,2026-08-05T14:30:51+00:00
internshala:data-science-internship:3230945,New,,,,,2026-08-05T14:30:51+00:00,2026-08-05T14:30:51+00:00
internshala:data-science-internship:3231534,New,,,,,2026-08-05T14:30:51+00:00,2026-08-05T14:30:51+00:00
internshala:data-science-internship:3230682,New,,,,,2026-08-05T14:30:51+00:00,2026-08-05T14:30:51+00:00
internshala:data-science-internship:3231477,New,,,,,2026-08-05T14:30:51+00:00,2026-08-05T14:30:51+00:00
internshala:data-science-internship:3227394,New,,,,,2026-08-05T14:30:51+00:00,2026-08-05T14:30:51+00:00
internshala:data-science-internship:3229675,New,,,,,2026-08-05T14:30:51+00:00,2026-08-05T14:30:51+00:00
internshala:data-science-internship:3232104,New,,,,,2026-08-05T14:30:51+00:00,2026-08-05T14:30:51+00:00
internshala:data-science-internship:3231814,New,,,,,2026-08-05T14:30:51+00:00,2026-08-05T14:30:51+00:00
internshala:data-science-internship:3231977,New,,,,,2026-08-05T14:30:51+00:00,2026-08-05T14:30:51+00:00
internshala:data-science-internship:3231966,New,,,,,2026-08-05T14:30:51+00:00,2026-08-05T14:30:51+00:00
internshala:data-science-internship:3231964,New,,,,,2026-08-05T14:30:51+00:00,2026-08-05T14:30:51+00:00
internshala:data-science-internship:3231954,New,,,,,2026-08-05T14:30:51+00:00,2026-08-05T14:30:51+00:00
internshala:data-science-internship:3231844,New,,,,,2026-08-05T14:30:51+00:00,2026-08-05T14:30:51+00:00
internshala:data-science-internship:3231823,New,,,,,2026-08-05T14:30:51+00:00,2026-08-05T14:30:51+00:00
internshala:data-science-internship:3231811,New,,,,,2026-08-05T14:30:51+00:00,2026-08-05T14:30:51+00:00
internshala:data-science-internship:3231345,New,,,,,2026-08-05T14:30:51+00:00,2026-08-05T14:30:51+00:00
internshala:data-science-internship:3231331,New,,,,,2026-08-05T14:30:51+00:00,2026-08-05T14:30:51+00:00
internshala:data-science-internship:3231175,New,,,,,2026-08-05T14:30:51+00:00,2026-08-05T14:30:51+00:00
internshala:data-science-internship:3231104,New,,,,,2026-08-05T14:30:51+00:00,2026-08-05T14:30:51+00:00
internshala:data-science-internship:3231102,New,,,,,2026-08-05T14:30:51+00:00,2026-08-05T14:30:51+00:00
internshala:data-science-internship:3231099,New,,,,,2026-08-05T14:30:51+00:00,2026-08-05T14:30:51+00:00
internshala:data-science-internship:3230892,New,,,,,2026-08-05T14:30:51+00:00,2026-08-05T14:30:51+00:00
internshala:data-science-internship:3230884,New,,,,,2026-08-05T14:30:51+00:00,2026-08-05T14:30:51+00:00
internshala:data-science-internship:3230883,New,,,,,2026-08-05T14:30:51+00:00,2026-08-05T14:30:51+00:00
internshala:data-science-internship:3230874,New,,,,,2026-08-05T14:30:51+00:00,2026-08-05T14:30:51+00:00
internshala:machine-learning-internship:3230797,New,,,,,2026-08-05T14:30:50+00:00,2026-08-05T14:30:50+00:00
internshala:machine-learning-internship:3231977,New,,,,,2026-08-05T14:30:50+00:00,2026-08-05T14:30:50+00:00
internshala:machine-learning-internship:3231510,New,,,,,2026-08-05T14:30:50+00:00,2026-08-05T14:30:50+00:00
internshala:machine-learning-internship:3232104,New,,,,,2026-08-05T14:30:50+00:00,2026-08-05T14:30:50+00:00
internshala:machine-learning-internship:3230793,New,,,,,2026-08-05T14:30:50+00:00,2026-08-05T14:30:50+00:00
internshala:machine-learning-internship:3231966,New,,,,,2026-08-05T14:30:50+00:00,2026-08-05T14:30:50+00:00
internshala:machine-learning-internship:3231796,New,,,,,2026-08-05T14:30:50+00:00,2026-08-05T14:30:50+00:00
internshala:machine-learning-internship:3231756,New,,,,,2026-08-05T14:30:50+00:00,2026-08-05T14:30:50+00:00
internshala:machine-learning-internship:3231964,New,,,,,2026-08-05T14:30:50+00:00,2026-08-05T14:30:50+00:00
internshala:machine-learning-internship:3231823,New,,,,,2026-08-05T14:30:50+00:00,2026-08-05T14:30:50+00:00
internshala:machine-learning-internship:3231811,New,,,,,2026-08-05T14:30:50+00:00,2026-08-05T14:30:50+00:00
internshala:machine-learning-internship:3231345,New,,,,,2026-08-05T14:30:50+00:00,2026-08-05T14:30:50+00:00
internshala:machine-learning-internship:3231333,New,,,,,2026-08-05T14:30:50+00:00,2026-08-05T14:30:50+00:00
internshala:machine-learning-internship:3231331,New,,,,,2026-08-05T14:30:50+00:00,2026-08-05T14:30:50+00:00
internshala:machine-learning-internship:3231099,New,,,,,2026-08-05T14:30:50+00:00,2026-08-05T14:30:50+00:00
internshala:machine-learning-internship:3230883,New,,,,,2026-08-05T14:30:50+00:00,2026-08-05T14:30:50+00:00
internshala:machine-learning-internship:3230874,New,,,,,2026-08-05T14:30:50+00:00,2026-08-05T14:30:50+00:00
internshala:machine-learning-internship:3230866,New,,,,,2026-08-05T14:30:50+00:00,2026-08-05T14:30:50+00:00
internshala:machine-learning-internship:3230865,New,,,,,2026-08-05T14:30:50+00:00,2026-08-05T14:30:50+00:00
internshala:machine-learning-internship:3230852,New,,,,,2026-08-05T14:30:50+00:00,2026-08-05T14:30:50+00:00
internshala:machine-learning-internship:3230844,New,,,,,2026-08-05T14:30:50+00:00,2026-08-05T14:30:50+00:00
internshala:machine-learning-internship:3230318,New,,,,,2026-08-05T14:30:50+00:00,2026-08-05T14:30:50+00:00
lever:zeta:ecd7a54f-218c-47a0-8379-aeb272c35bcb,New,,,,,2026-08-05T14:30:45+00:00,2026-08-05T14:30:45+00:00
workday:nvidia:Power-U-Architect_JR1998014,New,,,,,2026-08-05T10:48:06+00:00,2026-08-05T10:48:06+00:00
workday:nvidia:Chip-Design-Engineer_JR2016289,New,,,,,2026-08-05T10:48:06+00:00,2026-08-05T10:48:06+00:00
workday:nvidia:System-Software-Engineer_JR2016510,New,,,,,2026-08-05T10:48:06+00:00,2026-08-05T10:48:06+00:00
workday:nvidia:Senior-Product-Manager---Enterprise-Reference-Architecture_JR2022708,New,,,,,2026-08-05T10:48:06+00:00,2026-08-05T10:48:06+00:00
workday:nvidia:Principal-Product-Manager--NVIDIA-Trust-Services---DGX-Cloud_JR2021455,New,,,,,2026-08-05T10:48:06+00:00,2026-08-05T10:48:06+00:00
workday:nvidia:Firmware-Engineer_JR2022198,New,,,,,2026-08-05T10:48:06+00:00,2026-08-05T10:48:06+00:00
workday:nvidia:Systems-Software-Engineer---Infrastructure_JR2022783,New,,,,,2026-08-05T10:48:06+00:00,2026-08-05T10:48:06+00:00
workday:nvidia:Software-Engineer---Chip-Simulation_JR2022737,New,,,,,2026-08-05T10:48:06+00:00,2026-08-05T10:48:06+00:00
workday:nvidia:Design-Automation-Engineer_JR2021967,New,,,,,2026-08-05T10:48:06+00:00,2026-08-05T10:48:06+00:00
workday:nvidia:Senior-Firmware-Core-Engineer_JR2022515-1,New,,,,,2026-08-05T10:48:06+00:00,2026-08-05T10:48:06+00:00
workday:nvidia:Senior-Firmware-Engineer_JR2022200,New,,,,,2026-08-05T10:48:06+00:00,2026-08-05T10:48:06+00:00
workday:nvidia:Senior-Physical-Design-Engineer_JR2017826,New,,,,,2026-08-05T10:48:06+00:00,2026-08-05T10:48:06+00:00
workday:nvidia:Senior-AI-Tools-Engineer--SRE-Operations---GeForce-NOW_JR2018080,New,,,,,2026-08-05T10:48:06+00:00,2026-08-05T10:48:06+00:00
workday:nvidia:Field-Application-Engineer--AI-Factory_JR2020114,New,,,,,2026-08-05T10:48:06+00:00,2026-08-05T10:48:06+00:00
workday:nvidia:Senior-Systems-Software-Engineer---Infrastructure_JR2022763,New,,,,,2026-08-05T10:48:06+00:00,2026-08-05T10:48:06+00:00
workday:nvidia:Senior-System-Software-Engineer--SoC-Power-and-Performance---O-RAN-Infrastructure_JR2022490,New,,,,,2026-08-05T10:48:06+00:00,2026-08-05T10:48:06+00:00
workday:nvidia:Developer-Technology-Engineer--Public-Sector---New-College-Grad-2026_JR2008990,New,,,,,2026-08-05T10:48:06+00:00,2026-08-05T10:48:06+00:00
workday:nvidia:Custom-SOC-IP-Verification-Engineer_JR2022813,New,,,,,2026-08-05T10:48:06+00:00,2026-08-05T10:48:06+00:00
workday:nvidia:Social-Media-Specialist_JR2022545,New,,,,,2026-08-05T10:48:06+00:00,2026-08-05T10:48:06+00:00
workday:nvidia:Senior-Software-Engineer--Core-Infrastructure-Services---DGX-Cloud_JR2022552,New,,,,,2026-08-05T10:48:06+00:00,2026-08-05T10:48:06+00:00
workday:salesforce:Salesforce-Success-Architect---AMER-Shifts--Salesforce-Exp-is-mandatory-_JR355094,New,,,,,2026-08-05T10:48:06+00:00,2026-08-05T10:48:06+00:00
workday:salesforce:Customer-Success-Manager--Salesforce-Commerce-Cloud---Demandware-exp-mandatory-_JR331777,New,,,,,2026-08-05T10:48:06+00:00,2026-08-05T10:48:06+00:00
workday:salesforce:Software-Engineering-MTS_JR351468,New,,,,,2026-08-05T10:48:06+00:00,2026-08-05T10:48:06+00:00
workday:salesforce:Success-Architect---Sales-Cloud_JR355045,New,,,,,2026-08-05T10:48:06+00:00,2026-08-05T10:48:06+00:00
workday:salesforce:Senior-Technical-Consultant---Japanese-Fluency--Mandatory-_JR355036,New,,,,,2026-08-05T10:48:06+00:00,2026-08-05T10:48:06+00:00
workday:salesforce:User-Experience-Designer_JR321310,New,,,,,2026-08-05T10:48:06+00:00,2026-08-05T10:48:06+00:00
workday:salesforce:Success-Architect---Marketing-Cloud_JR354795,New,,,,,2026-08-05T10:48:06+00:00,2026-08-05T10:48:06+00:00
workday:salesforce:Director--AI-and-Innovation_JR355026-1,New,,,,,2026-08-05T10:48:06+00:00,2026-08-05T10:48:06+00:00
workday:salesforce:Senior-Salesforce-Technical-Architect---Life-Sciences_JR355019,New,,,,,2026-08-05T10:48:06+00:00,2026-08-05T10:48:06+00:00
workday:salesforce:Senior-Tax-Systems-Engineer--Vertex-_JR339073,New,,,,,2026-08-05T10:48:06+00:00,2026-08-05T10:48:06+00:00
workday:salesforce:Accountant---Fixed-Assets_JR354057,New,,,,,2026-08-05T10:48:06+00:00,2026-08-05T10:48:06+00:00
greenhouse:postman:7825511003,New,,,,,2026-08-05T06:40:12+00:00,2026-08-05T06:40:12+00:00
workday:nvidia:Senior-Technical-Program-Manager--DGX-Cloud---Trust-Services_JR2017458,New,,,,,2026-08-04T19:57:25+00:00,2026-08-04T19:57:25+00:00
workday:nvidia:Senior-Packaging-Technical-Engineer---Hardware_JR2014629,New,,,,,2026-08-04T19:57:25+00:00,2026-08-04T19:57:25+00:00
workday:nvidia:Senior-Performance-Engineer_JR2022529,New,,,,,2026-08-04T19:57:25+00:00,2026-08-04T19:57:25+00:00
workday:nvidia:Senior-Software-Engineer--NIC-Firmware_JR2022513,New,,,,,2026-08-04T19:57:25+00:00,2026-08-04T19:57:25+00:00
workday:nvidia:Senior-Site-Reliability-Engineering---Storage_JR2022689,New,,,,,2026-08-04T19:57:25+00:00,2026-08-04T19:57:25+00:00
workday:nvidia:Senior-AI-Storage-Software-Architect_JR1997866,New,,,,,2026-08-04T19:57:25+00:00,2026-08-04T19:57:25+00:00
workday:nvidia:Channel-Development-Manager_JR2022564,New,,,,,2026-08-04T19:57:25+00:00,2026-08-04T19:57:25+00:00
workday:nvidia:Tech-Lead-Ethernet-Networking-Verification-Engineer_JR2022745,New,,,,,2026-08-04T19:57:25+00:00,2026-08-04T19:57:25+00:00
workday:nvidia:Senior-Physical-Design-Methodology-Engineer--Innovus-Flows_JR2011617-1,New,,,,,2026-08-04T19:57:25+00:00,2026-08-04T19:57:25+00:00
workday:nvidia:Senior-Technical-Program-Manager--DGX-Cloud-Software---Product-and-Services_JR2017908,New,,,,,2026-08-04T19:57:25+00:00,2026-08-04T19:57:25+00:00
workday:nvidia:Senior-Systems-Software-Engineer--Windows-and-Linux-Enablement----DGX-Station_JR2019007,New,,,,,2026-08-04T19:57:25+00:00,2026-08-04T19:57:25+00:00
workday:nvidia:Senior-Developer-Relations-Manager--Physical-AI-Metropolis_JR2017823,New,,,,,2026-08-04T19:57:25+00:00,2026-08-04T19:57:25+00:00
workday:nvidia:Senior-Data-Platform-Software-Engineer_JR2022428,New,,,,,2026-08-04T19:57:25+00:00,2026-08-04T19:57:25+00:00
workday:nvidia:Senior-AI-Agent-Development-Engineer_JR2022300,New,,,,,2026-08-04T19:57:25+00:00,2026-08-04T19:57:25+00:00
workday:nvidia:ASIC-TOP-Floorplan-Design-Engineer_JR2022676,New,,,,,2026-08-04T19:57:25+00:00,2026-08-04T19:57:25+00:00
workday:nvidia:Senior-Software-Engineer--Automation-Infrastructure_JR2022054-1,New,,,,,2026-08-04T19:57:25+00:00,2026-08-04T19:57:25+00:00
workday:nvidia:AI-and-ML-Power-Methodology-Engineer_JR2022456,New,,,,,2026-08-04T19:57:25+00:00,2026-08-04T19:57:25+00:00
workday:nvidia:GeForce-Marketing-Manager---Esports-and-Competitive-Gaming_JR2022575,New,,,,,2026-08-04T19:57:25+00:00,2026-08-04T19:57:25+00:00
workday:nvidia:Research-Scientist--AI-for-Clinical-Translatability_JR2022399,New,,,,,2026-08-04T19:57:25+00:00,2026-08-04T19:57:25+00:00
workday:nvidia:Senior-Manager--Channel-Marketing---APAC_JR2022332,New,,,,,2026-08-04T19:57:25+00:00,2026-08-04T19:57:25+00:00
workday:nvidia:System-Software-Engineer--Distributed-Systems_JR2013472,New,,,,,2026-08-04T19:57:25+00:00,2026-08-04T19:57:25+00:00
workday:nvidia:System-Software-Engineer--Engineering-Workflow-Platform_JR2018371,New,,,,,2026-08-04T19:57:25+00:00,2026-08-04T19:57:25+00:00
workday:nvidia:Chip-Architect_JR2003882-1,New,,,,,2026-08-04T19:57:25+00:00,2026-08-04T19:57:25+00:00
workday:salesforce:Senior-Analyst--Content-Marketing_JR353384-1,New,,,,,2026-08-04T19:57:25+00:00,2026-08-04T19:57:25+00:00
workday:salesforce:Software-Engineer--Machine-Learning--Senior--SWE-II---SWE-I-_JR328085-1,New,,,,,2026-08-04T19:57:25+00:00,2026-08-04T19:57:25+00:00
workday:salesforce:Senior-Analyst--Strategic-Finance-Analytics_JR354974,New,,,,,2026-08-04T19:57:25+00:00,2026-08-04T19:57:25+00:00
workday:salesforce:Lead--Workforce-Intelligence_JR350186,New,,,,,2026-08-04T19:57:25+00:00,2026-08-04T19:57:25+00:00
workday:salesforce:Customer-Success-Manager---Tableau_JR347795,New,,,,,2026-08-04T19:57:25+00:00,2026-08-04T19:57:25+00:00
workday:salesforce:Financial-Planning---Analysis-Analyst_JR354308,New,,,,,2026-08-04T19:57:25+00:00,2026-08-04T19:57:25+00:00
workday:salesforce:Salesforce-Architect-Manager_JR354806,New,,,,,2026-08-04T19:57:25+00:00,2026-08-04T19:57:25+00:00
workday:salesforce:Sales-Development-Representative_JR288319,New,,,,,2026-08-04T19:57:25+00:00,2026-08-04T19:57:25+00:00
workday:salesforce:Data-Integration-Product-Manager---Informatica_JR353953,New,,,,,2026-08-04T19:57:25+00:00,2026-08-04T19:57:25+00:00
greenhouse:razorpaysoftwareprivatelimited:4721044005,New,,,,,2026-08-04T14:37:58+00:00,2026-08-04T14:37:58+00:00
greenhouse:razorpaysoftwareprivatelimited:4718620005,New,,,,,2026-08-04T14:37:58+00:00,2026-08-04T14:37:58+00:00
lever:zeta:9a8fb0fb-72dc-4fb6-984d-fe686dd7b2c1,New,,,,,2026-08-04T14:37:56+00:00,2026-08-04T14:37:56+00:00
lever:zeta:7c0e0301-f6e0-4092-980d-7e7ec3b566f1,New,,,,,2026-08-04T14:37:56+00:00,2026-08-04T14:37:56+00:00
internshala:data-science-internship:3230318,New,,,,,2026-08-04T10:49:16+00:00,2026-08-04T10:49:16+00:00
internshala:data-science-internship:3227864,New,,,,,2026-08-04T10:49:16+00:00,2026-08-04T10:49:16+00:00
internshala:data-science-internship:3228399,New,,,,,2026-08-04T10:49:16+00:00,2026-08-04T10:49:16+00:00
internshala:data-science-internship:3229479,New,,,,,2026-08-04T10:49:16+00:00,2026-08-04T10:49:16+00:00
internshala:data-science-internship:3230784,New,,,,,2026-08-04T10:49:16+00:00,2026-08-04T10:49:16+00:00
internshala:data-science-internship:3230619,New,,,,,2026-08-04T10:49:16+00:00,2026-08-04T10:49:16+00:00
internshala:data-science-internship:3229708,New,,,,,2026-08-04T10:49:16+00:00,2026-08-04T10:49:16+00:00
internshala:data-science-internship:3230253,New,,,,,2026-08-04T10:49:16+00:00,2026-08-04T10:49:16+00:00
internshala:data-science-internship:3230297,New,,,,,2026-08-04T10:49:16+00:00,2026-08-04T10:49:16+00:00
internshala:data-science-internship:3230268,New,,,,,2026-08-04T10:49:16+00:00,2026-08-04T10:49:16+00:00
internshala:data-science-internship:3127750,New,,,,,2026-08-04T10:49:16+00:00,2026-08-04T10:49:16+00:00
internshala:data-science-internship:3229539,New,,,,,2026-08-04T10:49:16+00:00,2026-08-04T10:49:16+00:00
internshala:data-science-internship:3229220,New,,,,,2026-08-04T10:49:16+00:00,2026-08-04T10:49:16+00:00
internshala:data-science-internship:3229752,New,,,,,2026-08-04T10:49:16+00:00,2026-08-04T10:49:16+00:00
internshala:data-science-internship:3229841,New,,,,,2026-08-04T10:49:16+00:00,2026-08-04T10:49:16+00:00
internshala:data-science-internship:3228327,New,,,,,2026-08-04T10:49:16+00:00,2026-08-04T10:49:16+00:00
internshala:data-science-internship:3227744,New,,,,,2026-08-04T10:49:16+00:00,2026-08-04T10:49:16+00:00
internshala:data-science-internship:3229828,New,,,,,2026-08-04T10:49:16+00:00,2026-08-04T10:49:16+00:00
internshala:data-science-internship:3229825,New,,,,,2026-08-04T10:49:16+00:00,2026-08-04T10:49:16+00:00
internshala:data-science-internship:3229787,New,,,,,2026-08-04T10:49:16+00:00,2026-08-04T10:49:16+00:00
internshala:data-science-internship:3229773,New,,,,,2026-08-04T10:49:16+00:00,2026-08-04T10:49:16+00:00
internshala:data-science-internship:3229751,New,,,,,2026-08-04T10:49:16+00:00,2026-08-04T10:49:16+00:00
internshala:data-science-internship:3227740,New,,,,,2026-08-04T10:49:16+00:00,2026-08-04T10:49:16+00:00
internshala:data-science-internship:3229339,New,,,,,2026-08-04T10:49:16+00:00,2026-08-04T10:49:16+00:00
internshala:machine-learning-internship:3229773,New,,,,,2026-08-04T10:49:15+00:00,2026-08-04T10:49:15+00:00
internshala:machine-learning-internship:3229807,New,,,,,2026-08-04T10:49:15+00:00,2026-08-04T10:49:15+00:00
internshala:machine-learning-internship:3229751,New,,,,,2026-08-04T10:49:15+00:00,2026-08-04T10:49:15+00:00
internshala:machine-learning-internship:3229811,New,,,,,2026-08-04T10:49:15+00:00,2026-08-04T10:49:15+00:00
internshala:machine-learning-internship:3230362,New,,,,,2026-08-04T10:49:15+00:00,2026-08-04T10:49:15+00:00
internshala:machine-learning-internship:3216916,New,,,,,2026-08-04T10:49:15+00:00,2026-08-04T10:49:15+00:00
internshala:machine-learning-internship:3229633,New,,,,,2026-08-04T10:49:15+00:00,2026-08-04T10:49:15+00:00
internshala:machine-learning-internship:3229787,New,,,,,2026-08-04T10:49:15+00:00,2026-08-04T10:49:15+00:00
internshala:machine-learning-internship:3230619,New,,,,,2026-08-04T10:49:15+00:00,2026-08-04T10:49:15+00:00
internshala:machine-learning-internship:3229708,New,,,,,2026-08-04T10:49:15+00:00,2026-08-04T10:49:15+00:00
internshala:machine-learning-internship:3230295,New,,,,,2026-08-04T10:49:15+00:00,2026-08-04T10:49:15+00:00
internshala:machine-learning-internship:3230268,New,,,,,2026-08-04T10:49:15+00:00,2026-08-04T10:49:15+00:00
internshala:machine-learning-internship:3227744,New,,,,,2026-08-04T10:49:15+00:00,2026-08-04T10:49:15+00:00
internshala:machine-learning-internship:3229828,New,,,,,2026-08-04T10:49:15+00:00,2026-08-04T10:49:15+00:00
internshala:machine-learning-internship:3229770,New,,,,,2026-08-04T10:49:15+00:00,2026-08-04T10:49:15+00:00
internshala:machine-learning-internship:3229339,New,,,,,2026-08-04T10:49:15+00:00,2026-08-04T10:49:15+00:00
internshala:artificial-intelligence-ai-internship:3229720,New,,,,,2026-08-04T10:49:15+00:00,2026-08-04T10:49:15+00:00
internshala:artificial-intelligence-ai-internship:3229807,New,,,,,2026-08-04T10:49:15+00:00,2026-08-04T10:49:15+00:00
internshala:artificial-intelligence-ai-internship:3229719,New,,,,,2026-08-04T10:49:15+00:00,2026-08-04T10:49:15+00:00
internshala:artificial-intelligence-ai-internship:3229633,New,,,,,2026-08-04T10:49:15+00:00,2026-08-04T10:49:15+00:00
internshala:artificial-intelligence-ai-internship:3216916,New,,,,,2026-08-04T10:49:15+00:00,2026-08-04T10:49:15+00:00
internshala:artificial-intelligence-ai-internship:3230362,New,,,,,2026-08-04T10:49:15+00:00,2026-08-04T10:49:15+00:00
internshala:artificial-intelligence-ai-internship:3230318,New,,,,,2026-08-04T10:49:15+00:00,2026-08-04T10:49:15+00:00
internshala:artificial-intelligence-ai-internship:3230784,New,,,,,2026-08-04T10:49:15+00:00,2026-08-04T10:49:15+00:00
internshala:artificial-intelligence-ai-internship:3230619,New,,,,,2026-08-04T10:49:15+00:00,2026-08-04T10:49:15+00:00
internshala:artificial-intelligence-ai-internship:3229708,New,,,,,2026-08-04T10:49:15+00:00,2026-08-04T10:49:15+00:00
internshala:artificial-intelligence-ai-internship:3230268,New,,,,,2026-08-04T10:49:15+00:00,2026-08-04T10:49:15+00:00
internshala:artificial-intelligence-ai-internship:3229752,New,,,,,2026-08-04T10:49:15+00:00,2026-08-04T10:49:15+00:00
internshala:artificial-intelligence-ai-internship:3229841,New,,,,,2026-08-04T10:49:15+00:00,2026-08-04T10:49:15+00:00
internshala:artificial-intelligence-ai-internship:3227744,New,,,,,2026-08-04T10:49:15+00:00,2026-08-04T10:49:15+00:00
internshala:artificial-intelligence-ai-internship:3229787,New,,,,,2026-08-04T10:49:15+00:00,2026-08-04T10:49:15+00:00
internshala:artificial-intelligence-ai-internship:3229773,New,,,,,2026-08-04T10:49:15+00:00,2026-08-04T10:49:15+00:00
internshala:data-science-internship:3229807,New,,,,,2026-08-04T10:49:15+00:00,2026-08-04T10:49:15+00:00
internshala:data-science-internship:3229720,New,,,,,2026-08-04T10:49:15+00:00,2026-08-04T10:49:15+00:00
internshala:data-science-internship:3230362,New,,,,,2026-08-04T10:49:15+00:00,2026-08-04T10:49:15+00:00
internshala:data-science-internship:3229633,New,,,,,2026-08-04T10:49:15+00:00,2026-08-04T10:49:15+00:00
internshala:data-science-internship:3216916,New,,,,,2026-08-04T10:49:15+00:00,2026-08-04T10:49:15+00:00
internshala:data-science-internship:3230469,New,,,,,2026-08-04T10:49:15+00:00,2026-08-04T10:49:15+00:00
internshala:data-science-internship:3229719,New,,,,,2026-08-04T10:49:15+00:00,2026-08-04T10:49:15+00:00
internshala:data-science-internship:3229949,New,,,,,2026-08-04T10:49:15+00:00,2026-08-04T10:49:15+00:00
workday:nvidia:Local-Product-Engineer_JR2021110,New,,,,,2026-08-04T06:41:40+00:00,2026-08-04T06:41:40+00:00
workday:nvidia:Data-Center-Power-Test-Architect_JR2019987,New,,,,,2026-08-04T06:41:40+00:00,2026-08-04T06:41:40+00:00
workday:nvidia:Senior-Manager--Robotics-Quality-Assurance_JR2003248,New,,,,,2026-08-04T06:41:40+00:00,2026-08-04T06:41:40+00:00
workday:nvidia:Senior-Software-Development-Engineer-in-Test_JR2018424,New,,,,,2026-08-04T06:41:40+00:00,2026-08-04T06:41:40+00:00
workday:nvidia:Senior-Software-Development-Engineer-in-Test---SDET_JR2013758,New,,,,,2026-08-04T06:41:40+00:00,2026-08-04T06:41:40+00:00
workday:nvidia:Senior-Software-Engineer---CUDA-and-Unified-Memory_JR2014177,New,,,,,2026-08-04T06:41:40+00:00,2026-08-04T06:41:40+00:00
workday:nvidia:Senior-AI-Developer-Technology-Engineer_JR2013673,New,,,,,2026-08-04T06:41:40+00:00,2026-08-04T06:41:40+00:00
workday:nvidia:APAC-IT-Director_JR2022672,New,,,,,2026-08-04T06:41:40+00:00,2026-08-04T06:41:40+00:00
workday:nvidia:Global-Account-Manager--Developer-Relations---Google_JR2022589,New,,,,,2026-08-04T06:41:40+00:00,2026-08-04T06:41:40+00:00
workday:nvidia:Global-Account-Manager--Developer-Relations---Meta_JR2022590,New,,,,,2026-08-04T06:41:40+00:00,2026-08-04T06:41:40+00:00
workday:nvidia:Developer-Relations-Manager--Higher-Education-and-Research---AI-for-Science_JR2022782,New,,,,,2026-08-04T06:41:40+00:00,2026-08-04T06:41:40+00:00
workday:nvidia:Global-Account-Manager--Developer-Relations---Amazon_JR2022585,New,,,,,2026-08-04T06:41:40+00:00,2026-08-04T06:41:40+00:00
workday:nvidia:Senior-Account-Manager--CSP---Networking-Business_JR2021682,New,,,,,2026-08-04T06:41:40+00:00,2026-08-04T06:41:40+00:00
workday:nvidia:Senior-Account-Manager---CSP_JR2021680,New,,,,,2026-08-04T06:41:40+00:00,2026-08-04T06:41:40+00:00
workday:nvidia:Automotive-Business-Development-Manager---Sales_JR2021029-1,New,,,,,2026-08-04T06:41:40+00:00,2026-08-04T06:41:40+00:00
workday:nvidia:Senior-Solutions-Architect--Media-and-Broadcasting_JR2022644,New,,,,,2026-08-04T06:41:40+00:00,2026-08-04T06:41:40+00:00
workday:nvidia:Senior-CPU-Tooling-and-Design-Automation-Engineer_JR2022619,New,,,,,2026-08-04T06:41:40+00:00,2026-08-04T06:41:40+00:00
workday:nvidia:Quality-Assurance-Software-Developer-in-Test-Engineer_JR2011328,New,,,,,2026-08-04T06:41:40+00:00,2026-08-04T06:41:40+00:00
workday:nvidia:Systems-Software-Engineer---New-College-Grad-2026_JR2017083,New,,,,,2026-08-04T06:41:40+00:00,2026-08-04T06:41:40+00:00
workday:nvidia:Go-to-Market-Product-Manager_JR2022366,New,,,,,2026-08-04T06:41:40+00:00,2026-08-04T06:41:40+00:00
workday:nvidia:Director--Technical-Program-Management_JR2021255,New,,,,,2026-08-04T06:41:40+00:00,2026-08-04T06:41:40+00:00
workday:nvidia:Engagement-Tech-Lead--Agentic-AI_JR2021353,New,,,,,2026-08-04T06:41:40+00:00,2026-08-04T06:41:40+00:00
workday:nvidia:Senior-Physical-Design-Methodology-Engineer--PPA-Fusion-Compiler_JR2011273,New,,,,,2026-08-04T06:41:40+00:00,2026-08-04T06:41:40+00:00
workday:nvidia:Product-Evaluations-Lead---Gen-AI-Software_JR2021025,New,,,,,2026-08-04T06:41:40+00:00,2026-08-04T06:41:40+00:00
workday:nvidia:Manager--Silicon-Operations-Production-Planning_JR2014505,New,,,,,2026-08-04T06:41:40+00:00,2026-08-04T06:41:40+00:00
workday:salesforce:ES-Workday-Ops-Specialist_JR337210,New,,,,,2026-08-04T06:41:40+00:00,2026-08-04T06:41:40+00:00
workday:salesforce:Named-Account-Executive---Commerce-Cloud_JR353624,New,,,,,2026-08-04T06:41:40+00:00,2026-08-04T06:41:40+00:00
workday:salesforce:Employee-Success-People-Consultant-Manager_JR347079,New,,,,,2026-08-04T06:41:40+00:00,2026-08-04T06:41:40+00:00
workday:salesforce:Manager--Software-Asset-Management_JR343501,New,,,,,2026-08-04T06:41:40+00:00,2026-08-04T06:41:40+00:00
workday:nvidia:Senior-Software-SDET-Test-Development-Engineer_JR2013796,New,,,,,2026-08-03T18:05:56+00:00,2026-08-03T18:05:56+00:00
workday:nvidia:Senior-System-Software-Engineer_JR2022553-1,New,,,,,2026-08-03T18:05:56+00:00,2026-08-03T18:05:56+00:00
workday:nvidia:Senior-Developer-Relations-Manager_JR2021991,New,,,,,2026-08-03T18:05:56+00:00,2026-08-03T18:05:56+00:00
workday:nvidia:Senior-Site-Reliability-Engineer---Cloud_JR2022489,New,,,,,2026-08-03T18:05:56+00:00,2026-08-03T18:05:56+00:00
workday:nvidia:Senior-System-Test-Engineer--Networking_JR2022625,New,,,,,2026-08-03T18:05:56+00:00,2026-08-03T18:05:56+00:00
workday:nvidia:Marketing-Campaign-Manager---Open-Models_JR2022507,New,,,,,2026-08-03T18:05:56+00:00,2026-08-03T18:05:56+00:00
workday:nvidia:Senior-PR-Manager--AI-Software_JR2021294,New,,,,,2026-08-03T18:05:56+00:00,2026-08-03T18:05:56+00:00
workday:nvidia:PR-Specialist--AI-Optimism-and-Industries_JR2022339,New,,,,,2026-08-03T18:05:56+00:00,2026-08-03T18:05:56+00:00
workday:nvidia:Senior-Math-Libraries-Engineer---Dense-Linear-Algebra_JR1993990,New,,,,,2026-08-03T18:05:56+00:00,2026-08-03T18:05:56+00:00
workday:nvidia:Senior-Deep-Learning-Frameworks-CUDA-Software-Engineer_JR2017369,New,,,,,2026-08-03T18:05:56+00:00,2026-08-03T18:05:56+00:00
workday:nvidia:Senior-Software-Engineer--CUDA-Deep-Learning-Systems_JR2017368,New,,,,,2026-08-03T18:05:56+00:00,2026-08-03T18:05:56+00:00
workday:nvidia:Senior-Machine-Learning-Engineer_JR2022719,New,,,,,2026-08-03T18:05:56+00:00,2026-08-03T18:05:56+00:00
workday:nvidia:Firmware-Engineer_JR2022059,New,,,,,2026-08-03T18:05:56+00:00,2026-08-03T18:05:56+00:00
workday:nvidia:Senior-RMA-Customer-Experience-Manager_JR2019970-1,New,,,,,2026-08-03T18:05:56+00:00,2026-08-03T18:05:56+00:00
workday:nvidia:Senior-Manager--Software-Engineering---JAX_JR2015536,New,,,,,2026-08-03T18:05:56+00:00,2026-08-03T18:05:56+00:00
workday:nvidia:Senior-Software-Engineer--JAX_JR2004629,New,,,,,2026-08-03T18:05:56+00:00,2026-08-03T18:05:56+00:00
workday:nvidia:Developer-Relations-Manager--AI-Natives_JR2021213,New,,,,,2026-08-03T18:05:56+00:00,2026-08-03T18:05:56+00:00
workday:nvidia:Software-Architect--AI-Networking_JR2022557,New,,,,,2026-08-03T18:05:56+00:00,2026-08-03T18:05:56+00:00
workday:nvidia:Senior-Manager--Developer-Relations_JR2019681,New,,,,,2026-08-03T18:05:56+00:00,2026-08-03T18:05:56+00:00
workday:nvidia:Senior-HR-Business-Partner_JR2021056,New,,,,,2026-08-03T18:05:56+00:00,2026-08-03T18:05:56+00:00
workday:nvidia:CAD-Developer--IR--Timing-and-Physical-Design-Optimization_JR2022316,New,,,,,2026-08-03T18:05:56+00:00,2026-08-03T18:05:56+00:00
workday:nvidia:Software-QA-Manager_JR1999276,New,,,,,2026-08-03T18:05:56+00:00,2026-08-03T18:05:56+00:00
workday:nvidia:Performance-Modeling-Architect_JR2018613,New,,,,,2026-08-03T18:05:56+00:00,2026-08-03T18:05:56+00:00
workday:nvidia:Physical-AI-and-Simulation-Solution-Architect_JR2022223,New,,,,,2026-08-03T18:05:56+00:00,2026-08-03T18:05:56+00:00
workday:nvidia:Liquid-Cooling-Specialist---Datacenter_JR2021987,New,,,,,2026-08-03T18:05:56+00:00,2026-08-03T18:05:56+00:00
workday:nvidia:Manager--Financial-Systems_JR2021762,New,,,,,2026-08-03T18:05:56+00:00,2026-08-03T18:05:56+00:00
workday:nvidia:Senior-DFT-Methodology---Data-Analytics-and-Applied-AI-Engineer_JR2020850,New,,,,,2026-08-03T18:05:56+00:00,2026-08-03T18:05:56+00:00
workday:nvidia:Senior-State-and-Local-Government-Business-Development-Manager_JR2022357,New,,,,,2026-08-03T18:05:56+00:00,2026-08-03T18:05:56+00:00
workday:nvidia:Principal-Software-Architect--Networking-AI_JR2022411,New,,,,,2026-08-03T18:05:56+00:00,2026-08-03T18:05:56+00:00
workday:nvidia:Senior-ASIC-Verification-Engineer_JR2022623-1,New,,,,,2026-08-03T18:05:56+00:00,2026-08-03T18:05:56+00:00
workday:nvidia:Senior-Memory-System-Architect_JR2022582,New,,,,,2026-08-03T18:05:56+00:00,2026-08-03T18:05:56+00:00
workday:nvidia:Principal-Software-Architect--Networking-AI_JR2017640,New,,,,,2026-08-03T18:05:56+00:00,2026-08-03T18:05:56+00:00
workday:nvidia:DFT-Verification-Engineer_JR2022621,New,,,,,2026-08-03T18:05:56+00:00,2026-08-03T18:05:56+00:00
workday:nvidia:Senior-System-Software-Engineer--AI-Data-Platform_JR2021105,New,,,,,2026-08-03T18:05:56+00:00,2026-08-03T18:05:56+00:00
workday:nvidia:Senior-Chip-Design-Engineer_JR2022408-1,New,,,,,2026-08-03T18:05:56+00:00,2026-08-03T18:05:56+00:00
workday:nvidia:Senior-Software-Engineer--Agentic-Robotics-Infrastructure_JR2022617,New,,,,,2026-08-03T18:05:56+00:00,2026-08-03T18:05:56+00:00
workday:nvidia:Senior-Software-Engineer--Embedded-Platform-Middleware---Automotive-and-Robotics_JR2022103,New,,,,,2026-08-03T18:05:56+00:00,2026-08-03T18:05:56+00:00
workday:nvidia:Senior-System-Management-Architect_JR2022518,New,,,,,2026-08-03T18:05:56+00:00,2026-08-03T18:05:56+00:00
workday:salesforce:Senior-Accountant--Accountant_JR347333,New,,,,,2026-08-03T18:05:56+00:00,2026-08-03T18:05:56+00:00
workday:salesforce:Territory-Account-Executive--Non-Profit--Growth-Business_JR341033,New,,,,,2026-08-03T18:05:56+00:00,2026-08-03T18:05:56+00:00
workday:salesforce:Success-Guide---Informatica_JR353167,New,,,,,2026-08-03T18:05:56+00:00,2026-08-03T18:05:56+00:00
workday:salesforce:Software-Engineering--MTS-SMTS--Salesforce-Developer-_JR318187-1,New,,,,,2026-08-03T18:05:56+00:00,2026-08-03T18:05:56+00:00
workday:salesforce:Cloud-Account-Executive---Marketing-Cloud--SMB_JR353759,New,,,,,2026-08-03T18:05:56+00:00,2026-08-03T18:05:56+00:00
workday:salesforce:Cloud-Account-Executive---Marketing-Cloud--SMB_JR353762-1,New,,,,,2026-08-03T18:05:56+00:00,2026-08-03T18:05:56+00:00
workday:salesforce:Senior-Technical-Consultant_JR346560,New,,,,,2026-08-03T18:05:56+00:00,2026-08-03T18:05:56+00:00
workday:salesforce:Senior-Software-Engineering-Manager---CI-Build-Systems---Developer-Productivity-Platform_JR347014,New,,,,,2026-08-03T18:05:56+00:00,2026-08-03T18:05:56+00:00
workday:salesforce:Software-Engineering-LMTS---Cloud-Infrastructure---Security_JR354619,New,,,,,2026-08-03T18:05:56+00:00,2026-08-03T18:05:56+00:00
workday:salesforce:Senior-Benefits---Leave-Specialist_JR347407,New,,,,,2026-08-03T18:05:56+00:00,2026-08-03T18:05:56+00:00
greenhouse:razorpaysoftwareprivatelimited:4720228005,New,,,,,2026-08-03T11:41:46+00:00,2026-08-03T11:41:46+00:00
internshala:data-science-internship:3228375,New,,,,,2026-08-03T07:44:43+00:00,2026-08-03T07:44:43+00:00
internshala:data-science-internship:3201366,New,,,,,2026-08-03T07:44:43+00:00,2026-08-03T07:44:43+00:00
internshala:data-science-internship:3227944,New,,,,,2026-08-03T07:44:43+00:00,2026-08-03T07:44:43+00:00
internshala:data-science-internship:3229053,New,,,,,2026-08-03T07:44:43+00:00,2026-08-03T07:44:43+00:00
internshala:data-science-internship:3228306,New,,,,,2026-08-03T07:44:43+00:00,2026-08-03T07:44:43+00:00
internshala:data-science-internship:3229110,New,,,,,2026-08-03T07:44:43+00:00,2026-08-03T07:44:43+00:00
internshala:data-science-internship:3227320,New,,,,,2026-08-03T07:44:43+00:00,2026-08-03T07:44:43+00:00
internshala:data-science-internship:3227083,New,,,,,2026-08-03T07:44:43+00:00,2026-08-03T07:44:43+00:00
internshala:data-science-internship:3226447,New,,,,,2026-08-03T07:44:43+00:00,2026-08-03T07:44:43+00:00
internshala:data-science-internship:3229066,New,,,,,2026-08-03T07:44:43+00:00,2026-08-03T07:44:43+00:00
internshala:data-science-internship:3228941,New,,,,,2026-08-03T07:44:43+00:00,2026-08-03T07:44:43+00:00
internshala:data-science-internship:3228867,New,,,,,2026-08-03T07:44:43+00:00,2026-08-03T07:44:43+00:00
internshala:data-science-internship:3228371,New,,,,,2026-08-03T07:44:43+00:00,2026-08-03T07:44:43+00:00
internshala:data-science-internship:3228315,New,,,,,2026-08-03T07:44:43+00:00,2026-08-03T07:44:43+00:00
internshala:data-science-internship:3228159,New,,,,,2026-08-03T07:44:43+00:00,2026-08-03T07:44:43+00:00
internshala:data-science-internship:3228092,New,,,,,2026-08-03T07:44:43+00:00,2026-08-03T07:44:43+00:00
internshala:data-science-internship:3228067,New,,,,,2026-08-03T07:44:43+00:00,2026-08-03T07:44:43+00:00
internshala:data-science-internship:3228056,New,,,,,2026-08-03T07:44:43+00:00,2026-08-03T07:44:43+00:00
internshala:machine-learning-internship:3227320,New,,,,,2026-08-03T07:44:42+00:00,2026-08-03T07:44:42+00:00
internshala:machine-learning-internship:3228159,New,,,,,2026-08-03T07:44:42+00:00,2026-08-03T07:44:42+00:00
internshala:machine-learning-internship:3229053,New,,,,,2026-08-03T07:44:42+00:00,2026-08-03T07:44:42+00:00
internshala:machine-learning-internship:3229110,New,,,,,2026-08-03T07:44:42+00:00,2026-08-03T07:44:42+00:00
internshala:machine-learning-internship:3227083,New,,,,,2026-08-03T07:44:42+00:00,2026-08-03T07:44:42+00:00
internshala:machine-learning-internship:3228867,New,,,,,2026-08-03T07:44:42+00:00,2026-08-03T07:44:42+00:00
internshala:machine-learning-internship:3228396,New,,,,,2026-08-03T07:44:42+00:00,2026-08-03T07:44:42+00:00
internshala:machine-learning-internship:3228315,New,,,,,2026-08-03T07:44:42+00:00,2026-08-03T07:44:42+00:00
internshala:machine-learning-internship:3228092,New,,,,,2026-08-03T07:44:42+00:00,2026-08-03T07:44:42+00:00
internshala:machine-learning-internship:3228067,New,,,,,2026-08-03T07:44:42+00:00,2026-08-03T07:44:42+00:00
internshala:artificial-intelligence-ai-internship:3228375,New,,,,,2026-08-03T07:44:42+00:00,2026-08-03T07:44:42+00:00
internshala:artificial-intelligence-ai-internship:3201366,New,,,,,2026-08-03T07:44:42+00:00,2026-08-03T07:44:42+00:00
internshala:artificial-intelligence-ai-internship:3227320,New,,,,,2026-08-03T07:44:42+00:00,2026-08-03T07:44:42+00:00
internshala:artificial-intelligence-ai-internship:3229053,New,,,,,2026-08-03T07:44:42+00:00,2026-08-03T07:44:42+00:00
internshala:artificial-intelligence-ai-internship:3229110,New,,,,,2026-08-03T07:44:42+00:00,2026-08-03T07:44:42+00:00
internshala:artificial-intelligence-ai-internship:3227944,New,,,,,2026-08-03T07:44:42+00:00,2026-08-03T07:44:42+00:00
internshala:artificial-intelligence-ai-internship:3227083,New,,,,,2026-08-03T07:44:42+00:00,2026-08-03T07:44:42+00:00
internshala:artificial-intelligence-ai-internship:3226447,New,,,,,2026-08-03T07:44:42+00:00,2026-08-03T07:44:42+00:00
internshala:artificial-intelligence-ai-internship:3228867,New,,,,,2026-08-03T07:44:42+00:00,2026-08-03T07:44:42+00:00
internshala:artificial-intelligence-ai-internship:3228371,New,,,,,2026-08-03T07:44:42+00:00,2026-08-03T07:44:42+00:00
internshala:artificial-intelligence-ai-internship:3228315,New,,,,,2026-08-03T07:44:42+00:00,2026-08-03T07:44:42+00:00
internshala:artificial-intelligence-ai-internship:3228240,New,,,,,2026-08-03T07:44:42+00:00,2026-08-03T07:44:42+00:00
internshala:artificial-intelligence-ai-internship:3228159,New,,,,,2026-08-03T07:44:42+00:00,2026-08-03T07:44:42+00:00
internshala:artificial-intelligence-ai-internship:3228092,New,,,,,2026-08-03T07:44:42+00:00,2026-08-03T07:44:42+00:00
internshala:artificial-intelligence-ai-internship:3228067,New,,,,,2026-08-03T07:44:42+00:00,2026-08-03T07:44:42+00:00
greenhouse:razorpaysoftwareprivatelimited:4719810005,New,,,,,2026-08-03T07:44:39+00:00,2026-08-03T07:44:39+00:00
workday:nvidia:Senior-Software-Architect---Deep-Learning-and-HPC-Communications_JR2016116,New,,,,,2026-08-03T03:54:29+00:00,2026-08-03T03:54:29+00:00
workday:nvidia:Senior-Systems-Software-Engineer--Data-Center-Infrastructure-Management---EngOps_JR2015514,New,,,,,2026-08-03T03:54:29+00:00,2026-08-03T03:54:29+00:00
workday:nvidia:Systems-Data-Engineer_JR1999730,New,,,,,2026-08-03T03:54:29+00:00,2026-08-03T03:54:29+00:00
workday:nvidia:Solutions-Architect--Graduate-Program_JR2022440,New,,,,,2026-08-03T03:54:29+00:00,2026-08-03T03:54:29+00:00
workday:nvidia:Solutions-Architect--Graduate-Program_JR2022441,New,,,,,2026-08-03T03:54:29+00:00,2026-08-03T03:54:29+00:00
workday:nvidia:Solutions-Architect--Graduate-Program_JR2022442-1,New,,,,,2026-08-03T03:54:29+00:00,2026-08-03T03:54:29+00:00
workday:nvidia:Solutions-Architect--Graduate-Program_JR2022444,New,,,,,2026-08-03T03:54:29+00:00,2026-08-03T03:54:29+00:00
workday:nvidia:Software-Engineer--SPE_JR2015623,New,,,,,2026-08-03T03:54:29+00:00,2026-08-03T03:54:29+00:00
workday:nvidia:Finance-Manager---Cost-Accounting_JR2009122,New,,,,,2026-08-03T03:54:29+00:00,2026-08-03T03:54:29+00:00
workday:nvidia:Mechanical-Hardware-Design-Engineer--IC-Product_JR2020215,New,,,,,2026-08-03T03:54:29+00:00,2026-08-03T03:54:29+00:00
workday:nvidia:Senior-High-Performance-System-Architect_JR2000465,New,,,,,2026-08-02T11:35:52+00:00,2026-08-02T11:35:52+00:00
workday:nvidia:Senior-Post-Silicon-Characterization-Engineer_JR2018531,New,,,,,2026-08-02T11:35:52+00:00,2026-08-02T11:35:52+00:00
workday:nvidia:Senior-Performance-Modeling-Engineer_JR2021706,New,,,,,2026-08-02T11:35:52+00:00,2026-08-02T11:35:52+00:00
internshala:data-science-internship:3228003,New,,,,,2026-08-02T06:44:02+00:00,2026-08-02T06:44:02+00:00
internshala:data-science-internship:3227995,New,,,,,2026-08-02T06:44:02+00:00,2026-08-02T06:44:02+00:00
internshala:data-science-internship:3228045,New,,,,,2026-08-02T06:44:02+00:00,2026-08-02T06:44:02+00:00
internshala:data-science-internship:3227753,New,,,,,2026-08-02T06:44:02+00:00,2026-08-02T06:44:02+00:00
internshala:data-science-internship:3227940,New,,,,,2026-08-02T06:44:02+00:00,2026-08-02T06:44:02+00:00
internshala:data-science-internship:3227362,New,,,,,2026-08-02T06:44:02+00:00,2026-08-02T06:44:02+00:00
internshala:data-science-internship:3227962,New,,,,,2026-08-02T06:44:02+00:00,2026-08-02T06:44:02+00:00
internshala:data-science-internship:3227905,New,,,,,2026-08-02T06:44:02+00:00,2026-08-02T06:44:02+00:00
internshala:data-science-internship:3227874,New,,,,,2026-08-02T06:44:02+00:00,2026-08-02T06:44:02+00:00
internshala:data-science-internship:3227246,New,,,,,2026-08-02T06:44:02+00:00,2026-08-02T06:44:02+00:00
internshala:machine-learning-internship:3227995,New,,,,,2026-08-02T06:44:01+00:00,2026-08-02T06:44:01+00:00
internshala:machine-learning-internship:3227874,New,,,,,2026-08-02T06:44:01+00:00,2026-08-02T06:44:01+00:00
internshala:machine-learning-internship:3227962,New,,,,,2026-08-02T06:44:01+00:00,2026-08-02T06:44:01+00:00
internshala:machine-learning-internship:3228060,New,,,,,2026-08-02T06:44:01+00:00,2026-08-02T06:44:01+00:00
internshala:machine-learning-internship:3227362,New,,,,,2026-08-02T06:44:01+00:00,2026-08-02T06:44:01+00:00
internshala:artificial-intelligence-ai-internship:3227753,New,,,,,2026-08-02T06:44:01+00:00,2026-08-02T06:44:01+00:00
internshala:artificial-intelligence-ai-internship:3228003,New,,,,,2026-08-02T06:44:01+00:00,2026-08-02T06:44:01+00:00
internshala:artificial-intelligence-ai-internship:3227995,New,,,,,2026-08-02T06:44:01+00:00,2026-08-02T06:44:01+00:00
internshala:artificial-intelligence-ai-internship:3227362,New,,,,,2026-08-02T06:44:01+00:00,2026-08-02T06:44:01+00:00
internshala:artificial-intelligence-ai-internship:3227962,New,,,,,2026-08-02T06:44:01+00:00,2026-08-02T06:44:01+00:00
internshala:artificial-intelligence-ai-internship:3227874,New,,,,,2026-08-02T06:44:01+00:00,2026-08-02T06:44:01+00:00
greenhouse:postman:7724253003,New,,,,,2026-08-01T23:09:26+00:00,2026-08-01T23:09:26+00:00
greenhouse:postman:7701509003,New,,,,,2026-08-01T23:09:26+00:00,2026-08-01T23:09:26+00:00
greenhouse:postman:7823417003,New,,,,,2026-08-01T17:12:50+00:00,2026-08-01T17:12:50+00:00
workday:nvidia:Senior-Solutions-Architect--AI-Factory-Deployment---NVIS_JR2022471,New,,,,,2026-08-01T10:11:13+00:00,2026-08-01T10:11:13+00:00
workday:nvidia:Senior-Software-Engineer--AIOps-and-Observability_JR2022104,New,,,,,2026-08-01T10:11:13+00:00,2026-08-01T10:11:13+00:00
workday:nvidia:Senior-ASIC-Verification-Engineer---GPU_JR2022633,New,,,,,2026-08-01T10:11:13+00:00,2026-08-01T10:11:13+00:00
workday:nvidia:Senior-Research-Engineer--Robotics-Systems_JR2017450,New,,,,,2026-08-01T10:11:13+00:00,2026-08-01T10:11:13+00:00
workday:nvidia:Distinguished-GPU-Memory-Simulation-Architect_JR2022265-1,New,,,,,2026-08-01T10:11:13+00:00,2026-08-01T10:11:13+00:00
workday:nvidia:Principal-Site-Reliability-Engineer---Observability-and-Telemetry-Platform_JR2018098,New,,,,,2026-08-01T10:11:13+00:00,2026-08-01T10:11:13+00:00
workday:nvidia:Senior-Accelerated-Computing-GPU-Product-Manager_JR1996264,New,,,,,2026-08-01T10:11:13+00:00,2026-08-01T10:11:13+00:00
workday:nvidia:Senior-Circuit-Design-Engineer---Power-Modeling-and-Simulation_JR2019679,New,,,,,2026-08-01T10:11:13+00:00,2026-08-01T10:11:13+00:00
workday:nvidia:SOC-Clocks-RTL-Design-Engineer_JR2022321,New,,,,,2026-08-01T10:11:13+00:00,2026-08-01T10:11:13+00:00
workday:nvidia:Senior-SOC-Clocks-RTL-Design-Engineer_JR2022323,New,,,,,2026-08-01T10:11:13+00:00,2026-08-01T10:11:13+00:00
workday:nvidia:Switch-System-Validation-Engineer_JR2022319,New,,,,,2026-08-01T10:11:13+00:00,2026-08-01T10:11:13+00:00
workday:nvidia:Senior-Chip-Design-and-Verification-Engineer_JR2022222,New,,,,,2026-08-01T10:11:13+00:00,2026-08-01T10:11:13+00:00
workday:nvidia:Full-Chip-Integration-Engineer_JR2022195,New,,,,,2026-08-01T10:11:13+00:00,2026-08-01T10:11:13+00:00
workday:nvidia:Senior-Account-Manager_JR2022472,New,,,,,2026-08-01T10:11:13+00:00,2026-08-01T10:11:13+00:00
workday:nvidia:Senior-Supply-Chain-Business-Transformation-Manager_JR2022577-1,New,,,,,2026-08-01T10:11:13+00:00,2026-08-01T10:11:13+00:00
workday:nvidia:Senior-ASIC-Design-Efficiency-Engineer_JR2022622,New,,,,,2026-08-01T10:11:13+00:00,2026-08-01T10:11:13+00:00
workday:nvidia:Global-Channel-Manager--Robotics-and-Edge-AI_JR2021836,New,,,,,2026-08-01T10:11:13+00:00,2026-08-01T10:11:13+00:00
workday:nvidia:Strategic-Account-Manager--CSP---Networking_JR2020916,New,,,,,2026-08-01T10:11:13+00:00,2026-08-01T10:11:13+00:00
workday:nvidia:Global-Account-Manager--Developer-Relations---Microsoft_JR2022583,New,,,,,2026-08-01T10:11:13+00:00,2026-08-01T10:11:13+00:00
workday:nvidia:Senior-Customer-Success-Operations-Manager---Technology_JR2022403,New,,,,,2026-08-01T10:11:13+00:00,2026-08-01T10:11:13+00:00
workday:nvidia:Senior-Software-Engineer--VLSI-AI-Agent_JR2012538,New,,,,,2026-08-01T10:11:13+00:00,2026-08-01T10:11:13+00:00
workday:nvidia:Senior-Deep-Learning-Infrastructure-Engineer_JR2011068,New,,,,,2026-08-01T10:11:13+00:00,2026-08-01T10:11:13+00:00
workday:nvidia:Senior-Systems-Software-Engineer--Cloud-Infrastructure-and-Development_JR2013426,New,,,,,2026-08-01T10:11:13+00:00,2026-08-01T10:11:13+00:00
workday:nvidia:System-Software-Engineer---GPU-and-SOC_JR2015886,New,,,,,2026-08-01T10:11:13+00:00,2026-08-01T10:11:13+00:00
workday:nvidia:Senior-Solutions-Architect---Enterprise-AI_JR2003866,New,,,,,2026-08-01T10:11:13+00:00,2026-08-01T10:11:13+00:00
workday:nvidia:Senior-Solutions-Architect--Ethernet-Networking_JR2000027,New,,,,,2026-08-01T10:11:13+00:00,2026-08-01T10:11:13+00:00
workday:salesforce:Senior-Manager-Product--IT-Finance_JR351635,New,,,,,2026-08-01T10:11:13+00:00,2026-08-01T10:11:13+00:00
internshala:data-science-internship:3226344,New,,,,,2026-08-01T06:39:49+00:00,2026-08-01T06:39:49+00:00
internshala:data-science-internship:3227329,New,,,,,2026-08-01T06:39:49+00:00,2026-08-01T06:39:49+00:00
internshala:data-science-internship:3227322,New,,,,,2026-08-01T06:39:49+00:00,2026-08-01T06:39:49+00:00
internshala:data-science-internship:3227314,New,,,,,2026-08-01T06:39:49+00:00,2026-08-01T06:39:49+00:00
internshala:data-science-internship:3227086,New,,,,,2026-08-01T06:39:49+00:00,2026-08-01T06:39:49+00:00
internshala:data-science-internship:3226669,New,,,,,2026-08-01T06:39:49+00:00,2026-08-01T06:39:49+00:00
internshala:data-science-internship:3214084,New,,,,,2026-08-01T06:39:49+00:00,2026-08-01T06:39:49+00:00
internshala:data-science-internship:3227526,New,,,,,2026-08-01T06:39:49+00:00,2026-08-01T06:39:49+00:00
internshala:data-science-internship:3227309,New,,,,,2026-08-01T06:39:49+00:00,2026-08-01T06:39:49+00:00
internshala:data-science-internship:3227284,New,,,,,2026-08-01T06:39:49+00:00,2026-08-01T06:39:49+00:00
internshala:data-science-internship:3227274,New,,,,,2026-08-01T06:39:49+00:00,2026-08-01T06:39:49+00:00
internshala:data-science-internship:3227260,New,,,,,2026-08-01T06:39:49+00:00,2026-08-01T06:39:49+00:00
internshala:data-science-internship:3227257,New,,,,,2026-08-01T06:39:49+00:00,2026-08-01T06:39:49+00:00
internshala:data-science-internship:3227085,New,,,,,2026-08-01T06:39:49+00:00,2026-08-01T06:39:49+00:00
internshala:data-science-internship:3227076,New,,,,,2026-08-01T06:39:49+00:00,2026-08-01T06:39:49+00:00
internshala:data-science-internship:3227074,New,,,,,2026-08-01T06:39:49+00:00,2026-08-01T06:39:49+00:00
internshala:data-science-internship:3225298,New,,,,,2026-08-01T06:39:49+00:00,2026-08-01T06:39:49+00:00
internshala:data-science-internship:3226296,New,,,,,2026-08-01T06:39:49+00:00,2026-08-01T06:39:49+00:00
internshala:data-science-internship:3226462,New,,,,,2026-08-01T06:39:49+00:00,2026-08-01T06:39:49+00:00
internshala:data-science-internship:3226461,New,,,,,2026-08-01T06:39:49+00:00,2026-08-01T06:39:49+00:00
internshala:machine-learning-internship:3227076,New,,,,,2026-08-01T06:39:48+00:00,2026-08-01T06:39:48+00:00
internshala:machine-learning-internship:3227257,New,,,,,2026-08-01T06:39:48+00:00,2026-08-01T06:39:48+00:00
internshala:machine-learning-internship:3227074,New,,,,,2026-08-01T06:39:48+00:00,2026-08-01T06:39:48+00:00
internshala:machine-learning-internship:3227260,New,,,,,2026-08-01T06:39:48+00:00,2026-08-01T06:39:48+00:00
internshala:machine-learning-internship:3227274,New,,,,,2026-08-01T06:39:48+00:00,2026-08-01T06:39:48+00:00
internshala:machine-learning-internship:3214084,New,,,,,2026-08-01T06:39:48+00:00,2026-08-01T06:39:48+00:00
internshala:machine-learning-internship:3227526,New,,,,,2026-08-01T06:39:48+00:00,2026-08-01T06:39:48+00:00
internshala:machine-learning-internship:3227523,New,,,,,2026-08-01T06:39:48+00:00,2026-08-01T06:39:48+00:00
internshala:machine-learning-internship:3227290,New,,,,,2026-08-01T06:39:48+00:00,2026-08-01T06:39:48+00:00
internshala:machine-learning-internship:3227280,New,,,,,2026-08-01T06:39:48+00:00,2026-08-01T06:39:48+00:00
internshala:machine-learning-internship:3225298,New,,,,,2026-08-01T06:39:48+00:00,2026-08-01T06:39:48+00:00
internshala:machine-learning-internship:3226469,New,,,,,2026-08-01T06:39:48+00:00,2026-08-01T06:39:48+00:00
internshala:machine-learning-internship:3226462,New,,,,,2026-08-01T06:39:48+00:00,2026-08-01T06:39:48+00:00
internshala:artificial-intelligence-ai-internship:3227314,New,,,,,2026-08-01T06:39:48+00:00,2026-08-01T06:39:48+00:00
internshala:artificial-intelligence-ai-internship:3226344,New,,,,,2026-08-01T06:39:48+00:00,2026-08-01T06:39:48+00:00
internshala:artificial-intelligence-ai-internship:3226669,New,,,,,2026-08-01T06:39:48+00:00,2026-08-01T06:39:48+00:00
internshala:artificial-intelligence-ai-internship:3227086,New,,,,,2026-08-01T06:39:48+00:00,2026-08-01T06:39:48+00:00
internshala:artificial-intelligence-ai-internship:3214084,New,,,,,2026-08-01T06:39:48+00:00,2026-08-01T06:39:48+00:00
internshala:artificial-intelligence-ai-internship:3227290,New,,,,,2026-08-01T06:39:48+00:00,2026-08-01T06:39:48+00:00
internshala:artificial-intelligence-ai-internship:3227255,New,,,,,2026-08-01T06:39:48+00:00,2026-08-01T06:39:48+00:00
internshala:artificial-intelligence-ai-internship:3227274,New,,,,,2026-08-01T06:39:48+00:00,2026-08-01T06:39:48+00:00
internshala:artificial-intelligence-ai-internship:3227260,New,,,,,2026-08-01T06:39:48+00:00,2026-08-01T06:39:48+00:00
internshala:artificial-intelligence-ai-internship:3227257,New,,,,,2026-08-01T06:39:48+00:00,2026-08-01T06:39:48+00:00
internshala:artificial-intelligence-ai-internship:3227134,New,,,,,2026-08-01T06:39:48+00:00,2026-08-01T06:39:48+00:00
internshala:artificial-intelligence-ai-internship:3227076,New,,,,,2026-08-01T06:39:48+00:00,2026-08-01T06:39:48+00:00
internshala:artificial-intelligence-ai-internship:3227074,New,,,,,2026-08-01T06:39:48+00:00,2026-08-01T06:39:48+00:00
internshala:artificial-intelligence-ai-internship:3225298,New,,,,,2026-08-01T06:39:48+00:00,2026-08-01T06:39:48+00:00
internshala:artificial-intelligence-ai-internship:3226462,New,,,,,2026-08-01T06:39:48+00:00,2026-08-01T06:39:48+00:00
workday:nvidia:Manager--Tegra-Software-Chip_JR2016253-1,New,,,,,2026-07-31T19:52:48+00:00,2026-07-31T19:52:48+00:00
workday:nvidia:Senior-Technical-Program-Manager---Robotics_JR2015734-1,New,,,,,2026-07-31T19:52:48+00:00,2026-07-31T19:52:48+00:00
workday:nvidia:ASIC-Design-Engineer_JR2019466,New,,,,,2026-07-31T19:52:48+00:00,2026-07-31T19:52:48+00:00
workday:nvidia:Physical-Design-Engineer--Synthesis-and-Implementation_JR2022543-1,New,,,,,2026-07-31T19:52:48+00:00,2026-07-31T19:52:48+00:00
workday:nvidia:Senior-Map-Data-Validation-Lead---Autonomous-Vehicles_JR2022362,New,,,,,2026-07-31T19:52:48+00:00,2026-07-31T19:52:48+00:00
workday:nvidia:Senior-Memory-Post-Silicon-Qualification-Engineer_JR2021467,New,,,,,2026-07-31T19:52:48+00:00,2026-07-31T19:52:48+00:00
workday:nvidia:Senior-Research-Scientist---Generative-World-Models-for-Autonomous-Driving-and-Physical-AI_JR2022465,New,,,,,2026-07-31T19:52:48+00:00,2026-07-31T19:52:48+00:00
workday:nvidia:System-Software-Engineer---Data-Center-Compute-Diagnostics_JR2022612,New,,,,,2026-07-31T19:52:48+00:00,2026-07-31T19:52:48+00:00
workday:nvidia:Data-Center-System-Architect_JR2021947,New,,,,,2026-07-31T19:52:48+00:00,2026-07-31T19:52:48+00:00
workday:nvidia:Technical-Product-Marketing-Engineer_JR2022576,New,,,,,2026-07-31T19:52:48+00:00,2026-07-31T19:52:48+00:00
workday:nvidia:Senior-Software-Engineer--AV-Infra_JR2022340,New,,,,,2026-07-31T19:52:48+00:00,2026-07-31T19:52:48+00:00
workday:nvidia:Senior-Software-Engineer--Infrastructure-Automation-and-Distributed-Systems_JR2014877,New,,,,,2026-07-31T19:52:48+00:00,2026-07-31T19:52:48+00:00
workday:nvidia:Senior-Software-Technical-Program-Manager_JR2015346,New,,,,,2026-07-31T19:52:48+00:00,2026-07-31T19:52:48+00:00
workday:nvidia:Senior-Applied-Research-Scientist_JR2020724,New,,,,,2026-07-31T19:52:48+00:00,2026-07-31T19:52:48+00:00
workday:nvidia:Software-Engineer--OpenShell_JR2020825,New,,,,,2026-07-31T19:52:48+00:00,2026-07-31T19:52:48+00:00
workday:nvidia:Datacenter-Technical-Program-Manager_JR2011480,New,,,,,2026-07-31T19:52:48+00:00,2026-07-31T19:52:48+00:00
workday:nvidia:Senior-System-Software-Engineer---CPU-SoC-Boot-Firmware_JR2022325-1,New,,,,,2026-07-31T19:52:48+00:00,2026-07-31T19:52:48+00:00
workday:nvidia:Developer-Relations-Account-Manager--Generative-AI_JR2020208-1,New,,,,,2026-07-31T19:52:48+00:00,2026-07-31T19:52:48+00:00
workday:nvidia:Senior-Solutions-Architect--HPC-and-AI_JR2022419,New,,,,,2026-07-31T19:52:48+00:00,2026-07-31T19:52:48+00:00
workday:nvidia:Senior-Account-Manager--Telcom_JR2021876,New,,,,,2026-07-31T19:52:48+00:00,2026-07-31T19:52:48+00:00
workday:nvidia:HPC-Performance-Engineer_JR2021820,New,,,,,2026-07-31T19:52:48+00:00,2026-07-31T19:52:48+00:00
workday:nvidia:Senior-ASIC-Verification-Engineer---PMU_JR2022211,New,,,,,2026-07-31T19:52:48+00:00,2026-07-31T19:52:48+00:00
workday:nvidia:Senior-ASIC-Verification-Engineer---Networking-Chip-Design_JR2022310,New,,,,,2026-07-31T19:52:48+00:00,2026-07-31T19:52:48+00:00
workday:nvidia:SOC-Design-Engineer_JR2022433,New,,,,,2026-07-31T19:52:48+00:00,2026-07-31T19:52:48+00:00
workday:nvidia:Senior-Packaging-Technical-Engineer---Hardware_JR2022406,New,,,,,2026-07-31T19:52:48+00:00,2026-07-31T19:52:48+00:00
workday:nvidia:Senior-Mixed-Signal-Circuit-Design-Engineer_JR2022443,New,,,,,2026-07-31T19:52:48+00:00,2026-07-31T19:52:48+00:00
workday:salesforce:Social-Media---Influencer-Manager_JR354287,New,,,,,2026-07-31T19:52:48+00:00,2026-07-31T19:52:48+00:00
workday:salesforce:Customer-Success-Manager---Global-Public-Sector--State---Local-Gov-_JR332446,New,,,,,2026-07-31T19:52:48+00:00,2026-07-31T19:52:48+00:00
workday:salesforce:Senior-Data-Modeler_JR344519,New,,,,,2026-07-31T19:52:48+00:00,2026-07-31T19:52:48+00:00
workday:salesforce:Program---Project-Management--Senior-Lead_JR354514,New,,,,,2026-07-31T19:52:48+00:00,2026-07-31T19:52:48+00:00
workday:salesforce:Lead-Data-Modeler_JR344518,New,,,,,2026-07-31T19:52:48+00:00,2026-07-31T19:52:48+00:00
workday:salesforce:Senior-Technical-Consultant---Salesforce-DevOps_JR327679,New,,,,,2026-07-31T19:52:48+00:00,2026-07-31T19:52:48+00:00
workday:salesforce:Cloud-Account-Executive_JR350211,New,,,,,2026-07-31T19:52:48+00:00,2026-07-31T19:52:48+00:00
workday:salesforce:Senior-Employee-Success-People-Advisor-with-Payroll_JR354291,New,,,,,2026-07-31T19:52:48+00:00,2026-07-31T19:52:48+00:00
greenhouse:postman:7822966003,New,,,,,2026-07-31T17:51:08+00:00,2026-07-31T17:51:08+00:00
greenhouse:postman:7687038003,New,,,,,2026-07-31T17:51:08+00:00,2026-07-31T17:51:08+00:00
greenhouse:razorpaysoftwareprivatelimited:4705896005,New,,,,,2026-07-31T10:50:09+00:00,2026-07-31T10:50:09+00:00
greenhouse:razorpaysoftwareprivatelimited:4673867005,New,,,,,2026-07-31T10:50:09+00:00,2026-07-31T10:50:09+00:00
workday:nvidia:Power-Architecture-Engineer_JR2005131,New,,,,,2026-07-31T07:15:03+00:00,2026-07-31T07:15:03+00:00
workday:nvidia:Power-Architecture-Engineer_JR2019980,New,,,,,2026-07-31T07:15:03+00:00,2026-07-31T07:15:03+00:00
workday:nvidia:Power-Architecture-Engineer_JR2010141-1,New,,,,,2026-07-31T07:15:03+00:00,2026-07-31T07:15:03+00:00
workday:nvidia:Senior-Embedded-System-Software-Engineer---Camera-and-Display_JR2022308,New,,,,,2026-07-31T07:15:03+00:00,2026-07-31T07:15:03+00:00
workday:nvidia:Senior-Embedded-System-Software-Engineer---Hypervisor-and-Visualization_JR2022307,New,,,,,2026-07-31T07:15:03+00:00,2026-07-31T07:15:03+00:00
workday:nvidia:Senior-Network-Engineer---DGX-Cloud_JR2002387-2,New,,,,,2026-07-31T07:15:03+00:00,2026-07-31T07:15:03+00:00
workday:nvidia:Senior-Technical-Marketing-Engineer---CAE-Performance_JR2022387,New,,,,,2026-07-31T07:15:03+00:00,2026-07-31T07:15:03+00:00
workday:nvidia:Product-Manager---BioNeMo-Inference_JR2020823,New,,,,,2026-07-31T07:15:03+00:00,2026-07-31T07:15:03+00:00
workday:nvidia:Senior-Global-CPU-Segment-Sales-Manager_JR2021324,New,,,,,2026-07-31T07:15:03+00:00,2026-07-31T07:15:03+00:00
workday:nvidia:Senior-Account-Manager--AI-Factory---Global-Segment-Sales_JR2021693,New,,,,,2026-07-31T07:15:03+00:00,2026-07-31T07:15:03+00:00
workday:nvidia:Senior-Software-Technical-Program-Driver---OEM-and-NCP-Escalations_JR2021169,New,,,,,2026-07-31T07:15:03+00:00,2026-07-31T07:15:03+00:00
workday:nvidia:Technical-Marketing-Engineer----AI-Platform-Software_JR2022559,New,,,,,2026-07-31T07:15:03+00:00,2026-07-31T07:15:03+00:00
workday:nvidia:Senior-Solutions-Architect--Generative-AI_JR2022101,New,,,,,2026-07-31T07:15:03+00:00,2026-07-31T07:15:03+00:00
workday:nvidia:Senior-GPU-System-Software-Engineer_JR2020254,New,,,,,2026-07-31T07:15:03+00:00,2026-07-31T07:15:03+00:00
workday:nvidia:Firmware-Engineer---Ethernet-Switching_JR2022412,New,,,,,2026-07-31T07:15:03+00:00,2026-07-31T07:15:03+00:00
workday:nvidia:Senior-System-Software-Engineer--CUDA-Driver-for-Windows_JR2022474,New,,,,,2026-07-31T07:15:03+00:00,2026-07-31T07:15:03+00:00
workday:nvidia:Senior-AI-Networking-Application-Engineer_JR2010728,New,,,,,2026-07-31T07:15:03+00:00,2026-07-31T07:15:03+00:00
workday:nvidia:Manager--Firmware-Verification-Infrastructure_JR2019532,New,,,,,2026-07-31T07:15:03+00:00,2026-07-31T07:15:03+00:00
workday:nvidia:Software-Architect_JR2022248,New,,,,,2026-07-31T07:15:03+00:00,2026-07-31T07:15:03+00:00
workday:nvidia:Senior-Software-and-System-Architect_JR2022247,New,,,,,2026-07-31T07:15:03+00:00,2026-07-31T07:15:03+00:00
workday:nvidia:Physical-Design-Engineer_JR2022233,New,,,,,2026-07-31T07:15:03+00:00,2026-07-31T07:15:03+00:00
workday:nvidia:Manager--Performance-Research-and-Analysis_JR2021976,New,,,,,2026-07-31T07:15:03+00:00,2026-07-31T07:15:03+00:00
workday:nvidia:Engineering-Manager--AI-Compiler-Analysis_JR2022377,New,,,,,2026-07-31T07:15:03+00:00,2026-07-31T07:15:03+00:00
workday:nvidia:Senior-System-Software-Engineer---Data-Center-Compute-Diagnostics_JR2022439,New,,,,,2026-07-31T07:15:03+00:00,2026-07-31T07:15:03+00:00
workday:nvidia:Senior-System-Management-Architect_JR2022196-1,New,,,,,2026-07-31T07:15:03+00:00,2026-07-31T07:15:03+00:00
workday:nvidia:Physical-Design-Engineer_JR2022207,New,,,,,2026-07-31T07:15:03+00:00,2026-07-31T07:15:03+00:00
workday:nvidia:Senior-Customer-Program-Manager---AI-Platform_JR2021831-1,New,,,,,2026-07-31T07:15:03+00:00,2026-07-31T07:15:03+00:00
workday:nvidia:Senior-Software-Engineer--Networking-DGX-Cloud_JR2022482,New,,,,,2026-07-31T07:15:03+00:00,2026-07-31T07:15:03+00:00
workday:nvidia:Senior-Full-Stack-Software-Engineer---DGX-Cloud_JR2021832,New,,,,,2026-07-31T07:15:03+00:00,2026-07-31T07:15:03+00:00
workday:nvidia:Senior-Software-Engineer--Compute-Sanitizer---GPU_JR2021736,New,,,,,2026-07-31T07:15:03+00:00,2026-07-31T07:15:03+00:00
workday:salesforce:Lead-Data-Scientist--Growth-Marketing_JR353526,New,,,,,2026-07-31T07:15:03+00:00,2026-07-31T07:15:03+00:00
workday:salesforce:Senior-Data-Analyst--Marketing-Performance_JR354334,New,,,,,2026-07-31T07:15:03+00:00,2026-07-31T07:15:03+00:00
workday:salesforce:Salesforce-Project-Manager_JR354366,New,,,,,2026-07-31T07:15:03+00:00,2026-07-31T07:15:03+00:00
workday:salesforce:Senior-Director--Product-Management---Financial-Services_JR351999,New,,,,,2026-07-31T07:15:03+00:00,2026-07-31T07:15:03+00:00
workday:salesforce:Program-Executive---Senior-Director--Consumer-Goods-_JR339783,New,,,,,2026-07-31T07:15:03+00:00,2026-07-31T07:15:03+00:00
workday:salesforce:Product-Management-Director---Agentic-B2B-Marketing_JR351305-1,New,,,,,2026-07-31T07:15:03+00:00,2026-07-31T07:15:03+00:00
workday:salesforce:Manager--Employee-Communications_JR340486,New,,,,,2026-07-31T07:15:03+00:00,2026-07-31T07:15:03+00:00
workday:salesforce:Manager--Technical-Support-Engineering_JR345218,New,,,,,2026-07-31T07:15:03+00:00,2026-07-31T07:15:03+00:00
workday:salesforce:Export-Control-Manager---ITAR-Compliance-Official_JR346062,New,,,,,2026-07-31T07:15:03+00:00,2026-07-31T07:15:03+00:00
workday:salesforce:Senior-Technical-Architect---Life-Sciences_JR307957,New,,,,,2026-07-31T07:15:03+00:00,2026-07-31T07:15:03+00:00
greenhouse:postman:7821117003,New,,,,,2026-07-31T07:12:32+00:00,2026-07-31T07:12:32+00:00
internshala:machine-learning-internship:3226352,New,,,,,2026-07-31T03:47:50+00:00,2026-07-31T03:47:50+00:00
internshala:machine-learning-internship:3226142,New,,,,,2026-07-31T03:47:50+00:00,2026-07-31T03:47:50+00:00
internshala:machine-learning-internship:3226039,New,,,,,2026-07-31T03:47:50+00:00,2026-07-31T03:47:50+00:00
internshala:machine-learning-internship:3226068,New,,,,,2026-07-31T03:47:50+00:00,2026-07-31T03:47:50+00:00
internshala:machine-learning-internship:3226383,New,,,,,2026-07-31T03:47:50+00:00,2026-07-31T03:47:50+00:00
internshala:machine-learning-internship:3223841,New,,,,,2026-07-31T03:47:50+00:00,2026-07-31T03:47:50+00:00
internshala:machine-learning-internship:3226082,New,,,,,2026-07-31T03:47:50+00:00,2026-07-31T03:47:50+00:00
internshala:machine-learning-internship:3225467,New,,,,,2026-07-31T03:47:50+00:00,2026-07-31T03:47:50+00:00
internshala:machine-learning-internship:3225385,New,,,,,2026-07-31T03:47:50+00:00,2026-07-31T03:47:50+00:00
internshala:machine-learning-internship:3225384,New,,,,,2026-07-31T03:47:50+00:00,2026-07-31T03:47:50+00:00
internshala:machine-learning-internship:3225099,New,,,,,2026-07-31T03:47:50+00:00,2026-07-31T03:47:50+00:00
internshala:artificial-intelligence-ai-internship:3222784,New,,,,,2026-07-31T03:47:50+00:00,2026-07-31T03:47:50+00:00
internshala:artificial-intelligence-ai-internship:3226039,New,,,,,2026-07-31T03:47:50+00:00,2026-07-31T03:47:50+00:00
internshala:artificial-intelligence-ai-internship:3226352,New,,,,,2026-07-31T03:47:50+00:00,2026-07-31T03:47:50+00:00
internshala:artificial-intelligence-ai-internship:3223841,New,,,,,2026-07-31T03:47:50+00:00,2026-07-31T03:47:50+00:00
internshala:artificial-intelligence-ai-internship:3226132,New,,,,,2026-07-31T03:47:50+00:00,2026-07-31T03:47:50+00:00
internshala:artificial-intelligence-ai-internship:3226142,New,,,,,2026-07-31T03:47:50+00:00,2026-07-31T03:47:50+00:00
internshala:artificial-intelligence-ai-internship:3226068,New,,,,,2026-07-31T03:47:50+00:00,2026-07-31T03:47:50+00:00
internshala:artificial-intelligence-ai-internship:3226057,New,,,,,2026-07-31T03:47:50+00:00,2026-07-31T03:47:50+00:00
internshala:artificial-intelligence-ai-internship:3226056,New,,,,,2026-07-31T03:47:50+00:00,2026-07-31T03:47:50+00:00
internshala:artificial-intelligence-ai-internship:3225512,New,,,,,2026-07-31T03:47:50+00:00,2026-07-31T03:47:50+00:00
internshala:artificial-intelligence-ai-internship:3225467,New,,,,,2026-07-31T03:47:50+00:00,2026-07-31T03:47:50+00:00
internshala:artificial-intelligence-ai-internship:3225384,New,,,,,2026-07-31T03:47:50+00:00,2026-07-31T03:47:50+00:00
internshala:data-science-internship:3218003,New,,,,,2026-07-31T03:47:50+00:00,2026-07-31T03:47:50+00:00
internshala:data-science-internship:3225817,New,,,,,2026-07-31T03:47:50+00:00,2026-07-31T03:47:50+00:00
internshala:data-science-internship:3226201,New,,,,,2026-07-31T03:47:50+00:00,2026-07-31T03:47:50+00:00
internshala:data-science-internship:3226039,New,,,,,2026-07-31T03:47:50+00:00,2026-07-31T03:47:50+00:00
internshala:data-science-internship:3221801,New,,,,,2026-07-31T03:47:50+00:00,2026-07-31T03:47:50+00:00
internshala:data-science-internship:3222784,New,,,,,2026-07-31T03:47:50+00:00,2026-07-31T03:47:50+00:00
internshala:data-science-internship:3226383,New,,,,,2026-07-31T03:47:50+00:00,2026-07-31T03:47:50+00:00
internshala:data-science-internship:3226352,New,,,,,2026-07-31T03:47:50+00:00,2026-07-31T03:47:50+00:00
internshala:data-science-internship:3223841,New,,,,,2026-07-31T03:47:50+00:00,2026-07-31T03:47:50+00:00
internshala:data-science-internship:3226128,New,,,,,2026-07-31T03:47:50+00:00,2026-07-31T03:47:50+00:00
internshala:data-science-internship:3226208,New,,,,,2026-07-31T03:47:50+00:00,2026-07-31T03:47:50+00:00
internshala:data-science-internship:3226132,New,,,,,2026-07-31T03:47:50+00:00,2026-07-31T03:47:50+00:00
internshala:data-science-internship:3226142,New,,,,,2026-07-31T03:47:50+00:00,2026-07-31T03:47:50+00:00
internshala:data-science-internship:3226141,New,,,,,2026-07-31T03:47:50+00:00,2026-07-31T03:47:50+00:00
internshala:data-science-internship:3226068,New,,,,,2026-07-31T03:47:50+00:00,2026-07-31T03:47:50+00:00
internshala:data-science-internship:3226082,New,,,,,2026-07-31T03:47:50+00:00,2026-07-31T03:47:50+00:00
internshala:data-science-internship:3226077,New,,,,,2026-07-31T03:47:50+00:00,2026-07-31T03:47:50+00:00
internshala:data-science-internship:3226076,New,,,,,2026-07-31T03:47:50+00:00,2026-07-31T03:47:50+00:00
internshala:data-science-internship:3226057,New,,,,,2026-07-31T03:47:50+00:00,2026-07-31T03:47:50+00:00
internshala:data-science-internship:3226056,New,,,,,2026-07-31T03:47:50+00:00,2026-07-31T03:47:50+00:00
internshala:data-science-internship:3225512,New,,,,,2026-07-31T03:47:50+00:00,2026-07-31T03:47:50+00:00
internshala:data-science-internship:3225529,New,,,,,2026-07-31T03:47:50+00:00,2026-07-31T03:47:50+00:00
internshala:data-science-internship:3225467,New,,,,,2026-07-31T03:47:50+00:00,2026-07-31T03:47:50+00:00
internshala:data-science-internship:3225389,New,,,,,2026-07-31T03:47:50+00:00,2026-07-31T03:47:50+00:00
internshala:data-science-internship:3225384,New,,,,,2026-07-31T03:47:50+00:00,2026-07-31T03:47:50+00:00
internshala:data-science-internship:3223836,New,,,,,2026-07-31T03:47:50+00:00,2026-07-31T03:47:50+00:00
workday:nvidia:Senior-Account-Manager--Telecom---MSO--Satellite-and-Cloud-Providers_JR2014036,New,,,,,2026-07-30T17:49:04+00:00,2026-07-30T17:49:04+00:00
workday:nvidia:Software-Engineering-Intern---Replay-Tooling---Test-Automation--Autonomous-Driving_JR2022086,New,,,,,2026-07-30T17:49:04+00:00,2026-07-30T17:49:04+00:00
workday:nvidia:Networking-Product-Sales-Specialist_JR2022381,New,,,,,2026-07-30T17:49:04+00:00,2026-07-30T17:49:04+00:00
workday:nvidia:Senior-Linux-Kernel-Systems-Software-Engineer---CSP-Engagements_JR2015287,New,,,,,2026-07-30T17:49:04+00:00,2026-07-30T17:49:04+00:00
workday:nvidia:Senior-HPC-Performance-Engineer_JR2016204,New,,,,,2026-07-30T17:49:04+00:00,2026-07-30T17:49:04+00:00
workday:nvidia:Senior-Platform-and-EngOps-Engineer---Cluster-Operations_JR2009131,New,,,,,2026-07-30T17:49:04+00:00,2026-07-30T17:49:04+00:00
workday:nvidia:Senior-Systems-Software-Engineer---NVIDIA-Cloud-Functions_JR2022322,New,,,,,2026-07-30T17:49:04+00:00,2026-07-30T17:49:04+00:00
workday:nvidia:Senior-Mixed-Signal-Design-Engineer_JR2021877-1,New,,,,,2026-07-30T17:49:04+00:00,2026-07-30T17:49:04+00:00
workday:nvidia:Solutions-Architect---NVIDIA-Cloud-Partners_JR2022446,New,,,,,2026-07-30T17:49:04+00:00,2026-07-30T17:49:04+00:00
workday:nvidia:Developer-Relations-Manager--Physical-AI-Healthcare---EMEA_JR2021575,New,,,,,2026-07-30T17:49:04+00:00,2026-07-30T17:49:04+00:00
workday:nvidia:Principal-Quality-Development-Leader--NPE_JR2022241,New,,,,,2026-07-30T17:49:04+00:00,2026-07-30T17:49:04+00:00
workday:nvidia:Senior-Program-Sourcing-Manager--Operations_JR2012230,New,,,,,2026-07-30T17:49:04+00:00,2026-07-30T17:49:04+00:00
workday:nvidia:Senior-Advanced-Development-Engineer--AI-Networking_JR2007026-1,New,,,,,2026-07-30T17:49:04+00:00,2026-07-30T17:49:04+00:00
workday:salesforce:RVP--Sales_JR353894,New,,,,,2026-07-30T17:49:04+00:00,2026-07-30T17:49:04+00:00
workday:salesforce:Director--Data-Engineering_JR352818,New,,,,,2026-07-30T17:49:04+00:00,2026-07-30T17:49:04+00:00
workday:salesforce:Field-Marketing-Manager--INDIA_JR353963,New,,,,,2026-07-30T17:49:04+00:00,2026-07-30T17:49:04+00:00
workday:salesforce:Software-Engineering---Senior-Manager_JR338247,New,,,,,2026-07-30T17:49:04+00:00,2026-07-30T17:49:04+00:00
workday:salesforce:Manager-Senior-Manager--Technical-Consulting---Revenue-Cloud-Advanced-RCA-_JR353632,New,,,,,2026-07-30T17:49:04+00:00,2026-07-30T17:49:04+00:00
workday:salesforce:Graduate-Builder_JR351412,New,,,,,2026-07-30T17:49:04+00:00,2026-07-30T17:49:04+00:00
workday:salesforce:Senior-Product-Manager---Schema-and-Metadata-Platform_JR326750,New,,,,,2026-07-30T17:49:04+00:00,2026-07-30T17:49:04+00:00
workday:salesforce:Account-Executive---Tableau--ESMB_JR349371,New,,,,,2026-07-30T17:49:04+00:00,2026-07-30T17:49:04+00:00
workday:salesforce:Senior-Manager--Success-Architecture_JR329681,New,,,,,2026-07-30T17:49:04+00:00,2026-07-30T17:49:04+00:00
workday:salesforce:Senior-Salesforce-Solution-Architect---Lifesciences_JR354108,New,,,,,2026-07-30T17:49:04+00:00,2026-07-30T17:49:04+00:00
workday:salesforce:Specialist-Account-Executive_JR349533,New,,,,,2026-07-30T17:49:04+00:00,2026-07-30T17:49:04+00:00
workday:salesforce:Accountant---Revenue-Accounting_JR346296,New,,,,,2026-07-30T17:49:04+00:00,2026-07-30T17:49:04+00:00
greenhouse:razorpaysoftwareprivatelimited:4718628005,New,,,,,2026-07-30T14:29:24+00:00,2026-07-30T14:29:24+00:00
greenhouse:razorpaysoftwareprivatelimited:4719358005,New,,,,,2026-07-30T14:29:24+00:00,2026-07-30T14:29:24+00:00
greenhouse:groww:4941406101,New,,,,,2026-07-30T14:29:24+00:00,2026-07-30T14:29:24+00:00
workday:nvidia:Senior-ICV-CAD-Engineer_JR1998042,New,,,,,2026-07-30T03:27:33+00:00,2026-07-30T03:27:33+00:00
workday:nvidia:Senior-Product-Architect_JR2018146,New,,,,,2026-07-30T03:27:33+00:00,2026-07-30T03:27:33+00:00
workday:nvidia:Startup-Ecosystem-Campaign-Specialist---VC-and-Cloud-Partners_JR2019803,New,,,,,2026-07-30T03:27:33+00:00,2026-07-30T03:27:33+00:00
workday:nvidia:Senior-ASIC-Design-Engineer_JR2011971,New,,,,,2026-07-30T03:27:33+00:00,2026-07-30T03:27:33+00:00
workday:nvidia:Senior-Software-Engineer---CUDA-Driver_JR2014725,New,,,,,2026-07-30T03:27:33+00:00,2026-07-30T03:27:33+00:00
workday:nvidia:Technical-Program-Manager--Agent-Policy-Fabric_JR2022180,New,,,,,2026-07-30T03:27:33+00:00,2026-07-30T03:27:33+00:00
workday:nvidia:Scheduling-Analyst---Business-Operations_JR2022370-1,New,,,,,2026-07-30T03:27:33+00:00,2026-07-30T03:27:33+00:00
workday:nvidia:Senior-Program-Manager--Partner-Co-Innovation-Labs_JR2021955,New,,,,,2026-07-30T03:27:33+00:00,2026-07-30T03:27:33+00:00
workday:nvidia:Senior-Engineer---AI-Agents-and-Systems_JR2021985,New,,,,,2026-07-30T03:27:33+00:00,2026-07-30T03:27:33+00:00
workday:nvidia:Senior-Applied-Research-Engineer---Accelerator-Programming-Model-and-Compiler_JR2022416,New,,,,,2026-07-30T03:27:33+00:00,2026-07-30T03:27:33+00:00
workday:nvidia:Senior-Switch-Software-Architect_JR2022203-1,New,,,,,2026-07-30T03:27:33+00:00,2026-07-30T03:27:33+00:00
workday:nvidia:Senior-Data-Center-Infrastructure-Engineer_JR2015093-1,New,,,,,2026-07-30T03:27:33+00:00,2026-07-30T03:27:33+00:00
workday:nvidia:Senior-Manager--Storage-Production-Engineering_JR2021663,New,,,,,2026-07-30T03:27:33+00:00,2026-07-30T03:27:33+00:00
workday:nvidia:Senior-Storage-Software-Engineer---DGX-Cloud_JR2022385,New,,,,,2026-07-30T03:27:33+00:00,2026-07-30T03:27:33+00:00
workday:nvidia:Senior-Customer-Success-Engineer---DGX-Cloud_JR2022184,New,,,,,2026-07-30T03:27:33+00:00,2026-07-30T03:27:33+00:00
workday:nvidia:Software-Engineer--CAD-Automation_JR2019252,New,,,,,2026-07-30T03:27:33+00:00,2026-07-30T03:27:33+00:00
workday:nvidia:Senior-ASIC-Verification-Engineer---GPU_JR1996427,New,,,,,2026-07-30T03:27:33+00:00,2026-07-30T03:27:33+00:00
workday:nvidia:Manager--Data-and-AI-Engineering_JR2016861,New,,,,,2026-07-30T03:27:33+00:00,2026-07-30T03:27:33+00:00
workday:nvidia:Senior-GPU-Architect_JR2022183,New,,,,,2026-07-30T03:27:33+00:00,2026-07-30T03:27:33+00:00
workday:nvidia:Senior-Director--Product-Marketing_JR2016388,New,,,,,2026-07-30T03:27:33+00:00,2026-07-30T03:27:33+00:00
workday:nvidia:Software-Engineering-Manager---GPU-Communications-Libraries_JR1980109,New,,,,,2026-07-30T03:27:33+00:00,2026-07-30T03:27:33+00:00
workday:nvidia:Senior-System-Software-Engineer--AV-Platform---Test-Platform-Infrastructure--Tools-and-Simulation_JR2022283,New,,,,,2026-07-30T03:27:33+00:00,2026-07-30T03:27:33+00:00
workday:nvidia:Senior-Developer-Relations-Manager--Robotics_JR2022000-1,New,,,,,2026-07-30T03:27:33+00:00,2026-07-30T03:27:33+00:00
workday:nvidia:Senior-Developer-Relations-Manager_JR2021999,New,,,,,2026-07-30T03:27:33+00:00,2026-07-30T03:27:33+00:00
workday:nvidia:HPC-Operations-Engineer_JR2014195,New,,,,,2026-07-30T03:27:33+00:00,2026-07-30T03:27:33+00:00
workday:nvidia:Senior-Software-Engineer---TensorRT-Edge-LLM_JR2012868,New,,,,,2026-07-30T03:27:33+00:00,2026-07-30T03:27:33+00:00
workday:nvidia:Senior-Performance-Analysis-Platform-Lead---Profiling-Services_JR2022188,New,,,,,2026-07-30T03:27:33+00:00,2026-07-30T03:27:33+00:00
workday:nvidia:Senior-System-Software-Engineer--AV-Platform---New-Platform-Bringup_JR2022284,New,,,,,2026-07-30T03:27:33+00:00,2026-07-30T03:27:33+00:00
workday:nvidia:Senior-Software-Technical-Program-Manager_JR2022214,New,,,,,2026-07-30T03:27:33+00:00,2026-07-30T03:27:33+00:00
workday:nvidia:Industry-Partner-Business-Manager_JR2022252,New,,,,,2026-07-30T03:27:33+00:00,2026-07-30T03:27:33+00:00
workday:nvidia:Senior-Signal-Integrity-Engineer---Cryogenic-Interconnects_JR2020264,New,,,,,2026-07-30T03:27:33+00:00,2026-07-30T03:27:33+00:00
workday:nvidia:Product-Manager---Open-Models_JR2009572-1,New,,,,,2026-07-30T03:27:33+00:00,2026-07-30T03:27:33+00:00
workday:nvidia:Senior-Deep-Learning-Software-Engineer--Inference-and-Model-Optimization_JR1997596,New,,,,,2026-07-30T03:27:33+00:00,2026-07-30T03:27:33+00:00
workday:salesforce:Senior-Manager--Employee-Recruiting_JR346811,New,,,,,2026-07-30T03:27:33+00:00,2026-07-30T03:27:33+00:00
workday:salesforce:Employee-Success-Business-Partner-Director_JR346977,New,,,,,2026-07-30T03:27:33+00:00,2026-07-30T03:27:33+00:00
workday:salesforce:Agentforce---Data-360-Support-Engineer_JR336646,New,,,,,2026-07-30T03:27:33+00:00,2026-07-30T03:27:33+00:00
workday:salesforce:Engagement-Delivery-Director_JR346225,New,,,,,2026-07-30T03:27:33+00:00,2026-07-30T03:27:33+00:00
internshala:data-science-internship:3224993,New,,,,,2026-07-30T03:25:20+00:00,2026-07-30T03:25:20+00:00
internshala:data-science-internship:3224851,New,,,,,2026-07-30T03:25:20+00:00,2026-07-30T03:25:20+00:00
internshala:data-science-internship:3223757,New,,,,,2026-07-30T03:25:20+00:00,2026-07-30T03:25:20+00:00
internshala:data-science-internship:3224934,New,,,,,2026-07-30T03:25:20+00:00,2026-07-30T03:25:20+00:00
internshala:data-science-internship:3223573,New,,,,,2026-07-30T03:25:20+00:00,2026-07-30T03:25:20+00:00
internshala:data-science-internship:3223198,New,,,,,2026-07-30T03:25:20+00:00,2026-07-30T03:25:20+00:00
internshala:data-science-internship:3225311,New,,,,,2026-07-30T03:25:20+00:00,2026-07-30T03:25:20+00:00
internshala:data-science-internship:3225310,New,,,,,2026-07-30T03:25:20+00:00,2026-07-30T03:25:20+00:00
internshala:data-science-internship:3225129,New,,,,,2026-07-30T03:25:20+00:00,2026-07-30T03:25:20+00:00
internshala:data-science-internship:3225114,New,,,,,2026-07-30T03:25:20+00:00,2026-07-30T03:25:20+00:00
internshala:data-science-internship:3225119,New,,,,,2026-07-30T03:25:20+00:00,2026-07-30T03:25:20+00:00
internshala:data-science-internship:3225117,New,,,,,2026-07-30T03:25:20+00:00,2026-07-30T03:25:20+00:00
internshala:data-science-internship:3225076,New,,,,,2026-07-30T03:25:20+00:00,2026-07-30T03:25:20+00:00
internshala:data-science-internship:3225050,New,,,,,2026-07-30T03:25:20+00:00,2026-07-30T03:25:20+00:00
internshala:data-science-internship:3225000,New,,,,,2026-07-30T03:25:20+00:00,2026-07-30T03:25:20+00:00
internshala:data-science-internship:3224918,New,,,,,2026-07-30T03:25:20+00:00,2026-07-30T03:25:20+00:00
internshala:data-science-internship:3221713,New,,,,,2026-07-30T03:25:20+00:00,2026-07-30T03:25:20+00:00
internshala:data-science-internship:3224767,New,,,,,2026-07-30T03:25:20+00:00,2026-07-30T03:25:20+00:00
internshala:data-science-internship:3223803,New,,,,,2026-07-30T03:25:20+00:00,2026-07-30T03:25:20+00:00
internshala:data-science-internship:3223773,New,,,,,2026-07-30T03:25:20+00:00,2026-07-30T03:25:20+00:00
internshala:data-science-internship:3223765,New,,,,,2026-07-30T03:25:20+00:00,2026-07-30T03:25:20+00:00
internshala:data-science-internship:3223762,New,,,,,2026-07-30T03:25:20+00:00,2026-07-30T03:25:20+00:00
internshala:data-science-internship:3223751,New,,,,,2026-07-30T03:25:20+00:00,2026-07-30T03:25:20+00:00
internshala:data-science-internship:3222785,New,,,,,2026-07-30T03:25:20+00:00,2026-07-30T03:25:20+00:00
internshala:data-science-internship:3223770,New,,,,,2026-07-30T03:25:20+00:00,2026-07-30T03:25:20+00:00
internshala:data-science-internship:3223731,New,,,,,2026-07-30T03:25:20+00:00,2026-07-30T03:25:20+00:00
internshala:data-science-internship:3223699,New,,,,,2026-07-30T03:25:20+00:00,2026-07-30T03:25:20+00:00
internshala:data-science-internship:3223694,New,,,,,2026-07-30T03:25:20+00:00,2026-07-30T03:25:20+00:00
internshala:data-science-internship:3223691,New,,,,,2026-07-30T03:25:20+00:00,2026-07-30T03:25:20+00:00
internshala:machine-learning-internship:3223773,New,,,,,2026-07-30T03:25:19+00:00,2026-07-30T03:25:19+00:00
internshala:machine-learning-internship:3224767,New,,,,,2026-07-30T03:25:19+00:00,2026-07-30T03:25:19+00:00
internshala:machine-learning-internship:3223762,New,,,,,2026-07-30T03:25:19+00:00,2026-07-30T03:25:19+00:00
internshala:machine-learning-internship:3224934,New,,,,,2026-07-30T03:25:19+00:00,2026-07-30T03:25:19+00:00
internshala:machine-learning-internship:3225310,New,,,,,2026-07-30T03:25:19+00:00,2026-07-30T03:25:19+00:00
internshala:machine-learning-internship:3225117,New,,,,,2026-07-30T03:25:19+00:00,2026-07-30T03:25:19+00:00
internshala:machine-learning-internship:3225050,New,,,,,2026-07-30T03:25:19+00:00,2026-07-30T03:25:19+00:00
internshala:machine-learning-internship:3224918,New,,,,,2026-07-30T03:25:19+00:00,2026-07-30T03:25:19+00:00
internshala:machine-learning-internship:3223705,New,,,,,2026-07-30T03:25:19+00:00,2026-07-30T03:25:19+00:00
internshala:machine-learning-internship:3223694,New,,,,,2026-07-30T03:25:19+00:00,2026-07-30T03:25:19+00:00
internshala:machine-learning-internship:3223678,New,,,,,2026-07-30T03:25:19+00:00,2026-07-30T03:25:19+00:00
internshala:artificial-intelligence-ai-internship:3224993,New,,,,,2026-07-30T03:25:19+00:00,2026-07-30T03:25:19+00:00
internshala:artificial-intelligence-ai-internship:3224851,New,,,,,2026-07-30T03:25:19+00:00,2026-07-30T03:25:19+00:00
internshala:artificial-intelligence-ai-internship:3223757,New,,,,,2026-07-30T03:25:19+00:00,2026-07-30T03:25:19+00:00
internshala:artificial-intelligence-ai-internship:3224934,New,,,,,2026-07-30T03:25:19+00:00,2026-07-30T03:25:19+00:00
internshala:artificial-intelligence-ai-internship:3223573,New,,,,,2026-07-30T03:25:19+00:00,2026-07-30T03:25:19+00:00
internshala:artificial-intelligence-ai-internship:3225311,New,,,,,2026-07-30T03:25:19+00:00,2026-07-30T03:25:19+00:00
internshala:artificial-intelligence-ai-internship:3225117,New,,,,,2026-07-30T03:25:19+00:00,2026-07-30T03:25:19+00:00
internshala:artificial-intelligence-ai-internship:3225050,New,,,,,2026-07-30T03:25:19+00:00,2026-07-30T03:25:19+00:00
internshala:artificial-intelligence-ai-internship:3224918,New,,,,,2026-07-30T03:25:19+00:00,2026-07-30T03:25:19+00:00
internshala:artificial-intelligence-ai-internship:3224767,New,,,,,2026-07-30T03:25:19+00:00,2026-07-30T03:25:19+00:00
internshala:artificial-intelligence-ai-internship:3223803,New,,,,,2026-07-30T03:25:19+00:00,2026-07-30T03:25:19+00:00
internshala:artificial-intelligence-ai-internship:3223773,New,,,,,2026-07-30T03:25:19+00:00,2026-07-30T03:25:19+00:00
internshala:artificial-intelligence-ai-internship:3223765,New,,,,,2026-07-30T03:25:19+00:00,2026-07-30T03:25:19+00:00
internshala:artificial-intelligence-ai-internship:3223762,New,,,,,2026-07-30T03:25:19+00:00,2026-07-30T03:25:19+00:00
internshala:artificial-intelligence-ai-internship:3223751,New,,,,,2026-07-30T03:25:19+00:00,2026-07-30T03:25:19+00:00
internshala:artificial-intelligence-ai-internship:3222785,New,,,,,2026-07-30T03:25:19+00:00,2026-07-30T03:25:19+00:00
internshala:artificial-intelligence-ai-internship:3223694,New,,,,,2026-07-30T03:25:19+00:00,2026-07-30T03:25:19+00:00
internshala:artificial-intelligence-ai-internship:3223678,New,,,,,2026-07-30T03:25:19+00:00,2026-07-30T03:25:19+00:00
greenhouse:postman:7820052003,New,,,,,2026-07-30T03:25:16+00:00,2026-07-30T03:25:16+00:00
workday:salesforce:Product-Management-Director_JR351810,New,,,,,2026-07-29T14:32:28+00:00,2026-07-29T14:32:28+00:00
workday:nvidia:Senior-System-Software-Engineer---GPU-Virtualization_JR2012742,New,,,,,2026-07-29T14:32:27+00:00,2026-07-29T14:32:27+00:00
workday:nvidia:Senior-CPO-System-Hardware-Engineer_JR2021711,New,,,,,2026-07-29T14:32:27+00:00,2026-07-29T14:32:27+00:00
workday:nvidia:DevOps-Engineer_JR2020488,New,,,,,2026-07-29T14:32:27+00:00,2026-07-29T14:32:27+00:00
workday:nvidia:Senior-QA-Engineer--System-Product-Engineering_JR2008526,New,,,,,2026-07-29T14:32:27+00:00,2026-07-29T14:32:27+00:00
workday:nvidia:DevOps-Engineer_JR2008768,New,,,,,2026-07-29T14:32:27+00:00,2026-07-29T14:32:27+00:00
workday:nvidia:Senior-Software-Engineer---NIC-and-Switch-Simulation_JR2018714,New,,,,,2026-07-29T14:32:27+00:00,2026-07-29T14:32:27+00:00
workday:nvidia:Senior-Network-Engineer--System-Verification_JR2015123,New,,,,,2026-07-29T14:32:27+00:00,2026-07-29T14:32:27+00:00
workday:nvidia:Senior-Software-Engineer---Verification-AI-Infrastructure_JR2015120,New,,,,,2026-07-29T14:32:27+00:00,2026-07-29T14:32:27+00:00
workday:nvidia:Developer-Relations-Manager--Computer-Aided-Engineering_JR2021819,New,,,,,2026-07-29T14:32:27+00:00,2026-07-29T14:32:27+00:00
workday:nvidia:Developer-Relations-Manager--Computer-Aided-Engineering_JR2021816,New,,,,,2026-07-29T14:32:27+00:00,2026-07-29T14:32:27+00:00
workday:nvidia:PCB-Design-Engineer---New-College-Grad-2027_JR2021861,New,,,,,2026-07-29T14:32:27+00:00,2026-07-29T14:32:27+00:00
workday:nvidia:Senior-Quantum-Algorithm-Researcher_JR2022234,New,,,,,2026-07-29T14:32:27+00:00,2026-07-29T14:32:27+00:00
workday:nvidia:PCB-Design-EDA-and-AI-Engineer---New-College-Graduate-2027_JR2021858,New,,,,,2026-07-29T14:32:27+00:00,2026-07-29T14:32:27+00:00
workday:nvidia:Senior-ASIC-Engineer_JR2022075,New,,,,,2026-07-29T14:32:27+00:00,2026-07-29T14:32:27+00:00
workday:nvidia:Deep-Learning-Performance-Software-Engineer_JR2021626,New,,,,,2026-07-29T14:32:27+00:00,2026-07-29T14:32:27+00:00
workday:nvidia:Senior-Opto-Mechanical-Failure-Analysis-Engineer_JR2018784,New,,,,,2026-07-29T14:32:27+00:00,2026-07-29T14:32:27+00:00
workday:nvidia:Senior-Product-Marketing-Manager---Data-Processing_JR2021943,New,,,,,2026-07-29T14:32:27+00:00,2026-07-29T14:32:27+00:00
workday:nvidia:Senior-Machine-Learning-Engineer---Physical-AI-and-Synthetic-Data-Generation_JR2017502,New,,,,,2026-07-29T14:32:27+00:00,2026-07-29T14:32:27+00:00
workday:nvidia:Senior-Solutions-Architect--NVIDIA-Cloud-Partners_JR2020817-1,New,,,,,2026-07-29T14:32:27+00:00,2026-07-29T14:32:27+00:00
workday:nvidia:Senior-Manager--Memory-Sourcing_JR2021924,New,,,,,2026-07-29T14:32:27+00:00,2026-07-29T14:32:27+00:00
workday:nvidia:Director--Product-Management---AI-Agents-for-Games_JR2021859,New,,,,,2026-07-29T14:32:27+00:00,2026-07-29T14:32:27+00:00
workday:nvidia:Senior-Platform-Design-Engineer_JR2014596-1,New,,,,,2026-07-29T14:32:27+00:00,2026-07-29T14:32:27+00:00
workday:nvidia:Senior-Technical-Program-Manager--Deep-Learning-Initiatives_JR2022026,New,,,,,2026-07-29T14:32:27+00:00,2026-07-29T14:32:27+00:00
workday:nvidia:Senior-Technical-Program-Manager--GenAI-and-Models_JR2022028,New,,,,,2026-07-29T14:32:27+00:00,2026-07-29T14:32:27+00:00
workday:nvidia:Chip-Design-Engineer_JR2021923,New,,,,,2026-07-29T14:32:27+00:00,2026-07-29T14:32:27+00:00
workday:nvidia:Carline-Program-Manager---Autonomous-Vehicles_JR2020557,New,,,,,2026-07-29T14:32:27+00:00,2026-07-29T14:32:27+00:00
workday:nvidia:Senior-Data-Scientist_JR2021926-1,New,,,,,2026-07-29T14:32:27+00:00,2026-07-29T14:32:27+00:00
workday:nvidia:Distinguished-Engineer--End-to-End-Scaling-Performance-Architecture_JR2021847,New,,,,,2026-07-29T14:32:27+00:00,2026-07-29T14:32:27+00:00
workday:nvidia:Intellectual-Property-Security-Engineer_JR2021915,New,,,,,2026-07-29T14:32:27+00:00,2026-07-29T14:32:27+00:00
workday:nvidia:Inception-Partner-Manager---Public-Sector--Energy--and-CAE_JR2020430,New,,,,,2026-07-29T14:32:27+00:00,2026-07-29T14:32:27+00:00
workday:nvidia:Senior-Interaction-Designer_JR2022002,New,,,,,2026-07-29T14:32:27+00:00,2026-07-29T14:32:27+00:00
workday:nvidia:Senior-Systems-Software-Engineer--Developer-Productivity-and-Cloud-Automation---GeForce-NOW_JR2021957,New,,,,,2026-07-29T14:32:27+00:00,2026-07-29T14:32:27+00:00
workday:nvidia:Senior-Product-Marketing-Manager---Data-Processing_JR2022150-1,New,,,,,2026-07-29T14:32:27+00:00,2026-07-29T14:32:27+00:00
workday:nvidia:Senior-Product-Marketing-Manager_JR2016355-1,New,,,,,2026-07-29T14:32:27+00:00,2026-07-29T14:32:27+00:00
workday:nvidia:Engineering-Manager--Deep-Learning-Inference_JR2022350,New,,,,,2026-07-29T14:32:27+00:00,2026-07-29T14:32:27+00:00
workday:nvidia:Product-Marketing-Operations-Manager_JR2022257,New,,,,,2026-07-29T14:32:27+00:00,2026-07-29T14:32:27+00:00
workday:nvidia:Senior-Design-Verification-Engineer_JR2021993,New,,,,,2026-07-29T14:32:27+00:00,2026-07-29T14:32:27+00:00
workday:nvidia:High-Speed-IO-Validation-Engineer_JR2020227,New,,,,,2026-07-29T14:32:27+00:00,2026-07-29T14:32:27+00:00
workday:nvidia:Principal-Software-Engineer---Employee-Productivity_JR2021643-1,New,,,,,2026-07-29T14:32:27+00:00,2026-07-29T14:32:27+00:00
workday:salesforce:Associate-proactive-Monitoring-Engineer_JR341087-2,New,,,,,2026-07-29T14:32:27+00:00,2026-07-29T14:32:27+00:00
workday:salesforce:Software-Engineering-AMTS_JR334858,New,,,,,2026-07-29T14:32:27+00:00,2026-07-29T14:32:27+00:00
workday:salesforce:Deal-Strategy-and-Pricing-Manager_JR353698,New,,,,,2026-07-29T14:32:27+00:00,2026-07-29T14:32:27+00:00
workday:salesforce:Senior-Technical-Consultant---Salesforce-DevOps_JR353966,New,,,,,2026-07-29T14:32:27+00:00,2026-07-29T14:32:27+00:00
workday:salesforce:Senior-Technical-Architect--Consumer-Goods-Revenue-cloud--Retail-FMCG_JR334284,New,,,,,2026-07-29T14:32:27+00:00,2026-07-29T14:32:27+00:00
workday:salesforce:Salesforce-DevOps---Technical-Architect_JR353962,New,,,,,2026-07-29T14:32:27+00:00,2026-07-29T14:32:27+00:00
workday:salesforce:Software-Engineering-LMTS-SMTS--Bigdata-Spark-and-AI-skills----Informatica_JR339998,New,,,,,2026-07-29T14:32:27+00:00,2026-07-29T14:32:27+00:00
workday:salesforce:Technical-Support-Engineer---Commerce-Cloud_JR353944-1,New,,,,,2026-07-29T14:32:27+00:00,2026-07-29T14:32:27+00:00
greenhouse:razorpaysoftwareprivatelimited:4716555005,New,,,,,2026-07-29T14:29:59+00:00,2026-07-29T14:29:59+00:00
greenhouse:razorpaysoftwareprivatelimited:4718601005,New,,,,,2026-07-29T10:48:13+00:00,2026-07-29T10:48:13+00:00
greenhouse:razorpaysoftwareprivatelimited:4719040005,New,,,,,2026-07-29T06:43:33+00:00,2026-07-29T06:43:33+00:00
greenhouse:razorpaysoftwareprivatelimited:4702819005,New,,,,,2026-07-29T06:43:33+00:00,2026-07-29T06:43:33+00:00
workday:nvidia:Senior-Software-Engineer--Agentic-AI_JR2017340,New,,,,,2026-07-28T23:16:34+00:00,2026-07-28T23:16:34+00:00
workday:nvidia:Manager--Distinguished-Engineer---DGX-Systems-Software_JR2016463,New,,,,,2026-07-28T23:16:34+00:00,2026-07-28T23:16:34+00:00
workday:nvidia:Senior-Data-Engineer--Engineering-Data-Analytics_JR2020545,New,,,,,2026-07-28T23:16:34+00:00,2026-07-28T23:16:34+00:00
workday:nvidia:Senior-Software-Engineer--Resilience-Engineering---DGX-Cloud_JR2021860,New,,,,,2026-07-28T23:16:34+00:00,2026-07-28T23:16:34+00:00
workday:nvidia:Engineering-Manager--DGX-Cloud-Production-Engineering_JR2021537,New,,,,,2026-07-28T23:16:34+00:00,2026-07-28T23:16:34+00:00
workday:nvidia:Senior-Software-Engineer--Distributed-Systems-Engineer---DGX-Cloud_JR2021856-1,New,,,,,2026-07-28T23:16:34+00:00,2026-07-28T23:16:34+00:00
workday:nvidia:GPU-Verification-Engineer---New-College-Grad-2026_JR2022102,New,,,,,2026-07-28T23:16:34+00:00,2026-07-28T23:16:34+00:00
workday:nvidia:R-D-Lab-Operations-Manager_JR2021429,New,,,,,2026-07-28T23:16:34+00:00,2026-07-28T23:16:34+00:00
workday:nvidia:Director--Engineering-Operations-and-Site-Reliability-Engineering---Datacenter-Server-Systems_JR2020349,New,,,,,2026-07-28T23:16:34+00:00,2026-07-28T23:16:34+00:00
workday:nvidia:Engineering-Manager--DRIVE-OS-Communication-Infrastructure_JR2021854,New,,,,,2026-07-28T23:16:34+00:00,2026-07-28T23:16:34+00:00
workday:nvidia:Senior-Firmware-Engineer--Networking_JR2016845,New,,,,,2026-07-28T23:16:34+00:00,2026-07-28T23:16:34+00:00
workday:nvidia:Senior-System-Test-Engineer_JR2018008,New,,,,,2026-07-28T23:16:34+00:00,2026-07-28T23:16:34+00:00
workday:nvidia:Applied-AI-Engineer_JR2018179-3,New,,,,,2026-07-28T23:16:34+00:00,2026-07-28T23:16:34+00:00
workday:nvidia:Senior-Manager--Test--Manufacturability--Reliability-and-Quality_JR2018259,New,,,,,2026-07-28T23:16:34+00:00,2026-07-28T23:16:34+00:00
workday:nvidia:Senior-Manager--System-Integration---Silicon-Co-Design-Group_JR2017715,New,,,,,2026-07-28T23:16:34+00:00,2026-07-28T23:16:34+00:00
workday:nvidia:Principal-Performance-and-Manufacturing-Architect_JR2018099,New,,,,,2026-07-28T23:16:34+00:00,2026-07-28T23:16:34+00:00
workday:nvidia:Senior-Post-Silicon-Low-Power-Integration-Engineer_JR2014458,New,,,,,2026-07-28T23:16:34+00:00,2026-07-28T23:16:34+00:00
workday:nvidia:Design-for-Productization-Engineer---Manufacturing_JR2015523,New,,,,,2026-07-28T23:16:34+00:00,2026-07-28T23:16:34+00:00
workday:nvidia:Senior-Bring-up-Methodology-Lead_JR2017863,New,,,,,2026-07-28T23:16:34+00:00,2026-07-28T23:16:34+00:00
workday:nvidia:Senior-Manager--System-Co-Design-Manager---SCG-Team_JR2012481,New,,,,,2026-07-28T23:16:34+00:00,2026-07-28T23:16:34+00:00
workday:nvidia:Post-Silicon-Validation-and-Methodology-Engineer_JR2018268,New,,,,,2026-07-28T23:16:34+00:00,2026-07-28T23:16:34+00:00
workday:nvidia:System-Verification-Co-Design-Engineer---Speed-and-Rel_JR2020424,New,,,,,2026-07-28T23:16:34+00:00,2026-07-28T23:16:34+00:00
workday:nvidia:Applied-AI-Engineer_JR2018178-3,New,,,,,2026-07-28T23:16:34+00:00,2026-07-28T23:16:34+00:00
workday:nvidia:Senior-Applied-AI-Engineer--Product-Simulation_JR2018441,New,,,,,2026-07-28T23:16:34+00:00,2026-07-28T23:16:34+00:00
workday:nvidia:Senior-Platform-AI-Engineer_JR2020962,New,,,,,2026-07-28T23:16:34+00:00,2026-07-28T23:16:34+00:00
workday:nvidia:Senior-Silicon-and-System-Product-Lead_JR2010985,New,,,,,2026-07-28T23:16:34+00:00,2026-07-28T23:16:34+00:00
workday:nvidia:Senior-Silicon-Power-and-Thermal-Controllers-Engineer_JR2019686,New,,,,,2026-07-28T23:16:34+00:00,2026-07-28T23:16:34+00:00
workday:nvidia:Senior-System-Software-Engineer---Tegra-Boot-Stack-Firmware_JR2021797,New,,,,,2026-07-28T23:16:34+00:00,2026-07-28T23:16:34+00:00
workday:nvidia:Senior-Software-Engineer---Local-AI_JR2021826,New,,,,,2026-07-28T23:16:34+00:00,2026-07-28T23:16:34+00:00
workday:salesforce:Director--SOX-Advisory---Process-Improvement_JR351058,New,,,,,2026-07-28T23:16:34+00:00,2026-07-28T23:16:34+00:00
workday:salesforce:Senior-Manager--SOX-Advisory---Process-Improvement_JR347850,New,,,,,2026-07-28T23:16:34+00:00,2026-07-28T23:16:34+00:00
workday:salesforce:Product-Manager-Senior-Specialist_JR349769-1,New,,,,,2026-07-28T23:16:34+00:00,2026-07-28T23:16:34+00:00
workday:salesforce:Swarm-Lead--Informatica-MDM--PIM--P360-experience-mandatory-_JR351733,New,,,,,2026-07-28T23:16:34+00:00,2026-07-28T23:16:34+00:00
workday:salesforce:Senior-Principal-Swarm-Lead--Informatica-MDM--PIM--P360--C360-experience-mandatory-_JR352499,New,,,,,2026-07-28T23:16:34+00:00,2026-07-28T23:16:34+00:00
workday:salesforce:Senior-Success-Guide--Informatica-CDGC--CDQ--Axon-experience-mandatory-_JR353436,New,,,,,2026-07-28T23:16:34+00:00,2026-07-28T23:16:34+00:00
workday:salesforce:Sr-Product-Marketing-Manager--GTM_JR353867,New,,,,,2026-07-28T23:16:34+00:00,2026-07-28T23:16:34+00:00
workday:salesforce:Sr-Manager--HRIS-Data-Strategy---Security_JR345412,New,,,,,2026-07-28T23:16:34+00:00,2026-07-28T23:16:34+00:00
workday:salesforce:Industry-Success-Architect_JR347838,New,,,,,2026-07-28T23:16:34+00:00,2026-07-28T23:16:34+00:00
workday:salesforce:VP--Product-Management--Agentforce-Voice_JR351302,New,,,,,2026-07-28T23:16:34+00:00,2026-07-28T23:16:34+00:00
workday:salesforce:CSG-Success-Plans-Enablement-Program-Manager-Sr-Manager_JR346856,New,,,,,2026-07-28T23:16:34+00:00,2026-07-28T23:16:34+00:00
workday:salesforce:Forward-Deployed-Product-Manager_JR339744,New,,,,,2026-07-28T23:16:34+00:00,2026-07-28T23:16:34+00:00
workday:salesforce:Software-Engineering-MTS-SMTS--Salesforce-Developer-_JR352358,New,,,,,2026-07-28T23:16:34+00:00,2026-07-28T23:16:34+00:00
workday:salesforce:Salesforce-Technical-Architect----Life-Sciences-Industry-exp-mandate-_JR336963,New,,,,,2026-07-28T23:16:34+00:00,2026-07-28T23:16:34+00:00
workday:salesforce:Consumption-Lead--Data-Cloud---Agentforce-_JR328126,New,,,,,2026-07-28T23:16:34+00:00,2026-07-28T23:16:34+00:00
internshala:machine-learning-internship:3223048,New,,,,,2026-07-28T23:14:21+00:00,2026-07-28T23:14:21+00:00
internshala:machine-learning-internship:3223409,New,,,,,2026-07-28T23:14:21+00:00,2026-07-28T23:14:21+00:00
internshala:machine-learning-internship:3223168,New,,,,,2026-07-28T23:14:21+00:00,2026-07-28T23:14:21+00:00
internshala:machine-learning-internship:3223162,New,,,,,2026-07-28T23:14:21+00:00,2026-07-28T23:14:21+00:00
internshala:machine-learning-internship:3222804,New,,,,,2026-07-28T23:14:21+00:00,2026-07-28T23:14:21+00:00
internshala:machine-learning-internship:3223412,New,,,,,2026-07-28T23:14:21+00:00,2026-07-28T23:14:21+00:00
internshala:machine-learning-internship:3223387,New,,,,,2026-07-28T23:14:21+00:00,2026-07-28T23:14:21+00:00
internshala:machine-learning-internship:3223376,New,,,,,2026-07-28T23:14:21+00:00,2026-07-28T23:14:21+00:00
internshala:machine-learning-internship:3223381,New,,,,,2026-07-28T23:14:21+00:00,2026-07-28T23:14:21+00:00
internshala:machine-learning-internship:3222988,New,,,,,2026-07-28T23:14:21+00:00,2026-07-28T23:14:21+00:00
internshala:machine-learning-internship:3222972,New,,,,,2026-07-28T23:14:21+00:00,2026-07-28T23:14:21+00:00
internshala:artificial-intelligence-ai-internship:3223048,New,,,,,2026-07-28T23:14:21+00:00,2026-07-28T23:14:21+00:00
internshala:artificial-intelligence-ai-internship:3223457,New,,,,,2026-07-28T23:14:21+00:00,2026-07-28T23:14:21+00:00
internshala:artificial-intelligence-ai-internship:3223168,New,,,,,2026-07-28T23:14:21+00:00,2026-07-28T23:14:21+00:00
internshala:artificial-intelligence-ai-internship:3223409,New,,,,,2026-07-28T23:14:21+00:00,2026-07-28T23:14:21+00:00
internshala:artificial-intelligence-ai-internship:3223162,New,,,,,2026-07-28T23:14:21+00:00,2026-07-28T23:14:21+00:00
internshala:artificial-intelligence-ai-internship:3223412,New,,,,,2026-07-28T23:14:21+00:00,2026-07-28T23:14:21+00:00
internshala:artificial-intelligence-ai-internship:3163370,New,,,,,2026-07-28T23:14:21+00:00,2026-07-28T23:14:21+00:00
internshala:artificial-intelligence-ai-internship:3222473,New,,,,,2026-07-28T23:14:21+00:00,2026-07-28T23:14:21+00:00
internshala:artificial-intelligence-ai-internship:3222804,New,,,,,2026-07-28T23:14:21+00:00,2026-07-28T23:14:21+00:00
internshala:artificial-intelligence-ai-internship:3223229,New,,,,,2026-07-28T23:14:21+00:00,2026-07-28T23:14:21+00:00
internshala:artificial-intelligence-ai-internship:3223218,New,,,,,2026-07-28T23:14:21+00:00,2026-07-28T23:14:21+00:00
internshala:artificial-intelligence-ai-internship:3223464,New,,,,,2026-07-28T23:14:21+00:00,2026-07-28T23:14:21+00:00
internshala:artificial-intelligence-ai-internship:3223481,New,,,,,2026-07-28T23:14:21+00:00,2026-07-28T23:14:21+00:00
internshala:artificial-intelligence-ai-internship:3223387,New,,,,,2026-07-28T23:14:21+00:00,2026-07-28T23:14:21+00:00
internshala:artificial-intelligence-ai-internship:3223381,New,,,,,2026-07-28T23:14:21+00:00,2026-07-28T23:14:21+00:00
internshala:artificial-intelligence-ai-internship:3222988,New,,,,,2026-07-28T23:14:21+00:00,2026-07-28T23:14:21+00:00
internshala:data-science-internship:3223048,New,,,,,2026-07-28T23:14:21+00:00,2026-07-28T23:14:21+00:00
internshala:data-science-internship:3223409,New,,,,,2026-07-28T23:14:21+00:00,2026-07-28T23:14:21+00:00
internshala:data-science-internship:3223168,New,,,,,2026-07-28T23:14:21+00:00,2026-07-28T23:14:21+00:00
internshala:data-science-internship:3223457,New,,,,,2026-07-28T23:14:21+00:00,2026-07-28T23:14:21+00:00
internshala:data-science-internship:3223412,New,,,,,2026-07-28T23:14:21+00:00,2026-07-28T23:14:21+00:00
internshala:data-science-internship:3223003,New,,,,,2026-07-28T23:14:21+00:00,2026-07-28T23:14:21+00:00
internshala:data-science-internship:3223162,New,,,,,2026-07-28T23:14:21+00:00,2026-07-28T23:14:21+00:00
internshala:data-science-internship:3223579,New,,,,,2026-07-28T23:14:21+00:00,2026-07-28T23:14:21+00:00
internshala:data-science-internship:3163370,New,,,,,2026-07-28T23:14:21+00:00,2026-07-28T23:14:21+00:00
internshala:data-science-internship:3222473,New,,,,,2026-07-28T23:14:21+00:00,2026-07-28T23:14:21+00:00
internshala:data-science-internship:3222804,New,,,,,2026-07-28T23:14:21+00:00,2026-07-28T23:14:21+00:00
internshala:data-science-internship:3223229,New,,,,,2026-07-28T23:14:21+00:00,2026-07-28T23:14:21+00:00
internshala:data-science-internship:3222351,New,,,,,2026-07-28T23:14:21+00:00,2026-07-28T23:14:21+00:00
internshala:data-science-internship:3223218,New,,,,,2026-07-28T23:14:21+00:00,2026-07-28T23:14:21+00:00
internshala:data-science-internship:3222805,New,,,,,2026-07-28T23:14:21+00:00,2026-07-28T23:14:21+00:00
internshala:data-science-internship:3223033,New,,,,,2026-07-28T23:14:21+00:00,2026-07-28T23:14:21+00:00
internshala:data-science-internship:3223493,New,,,,,2026-07-28T23:14:21+00:00,2026-07-28T23:14:21+00:00
internshala:data-science-internship:3223464,New,,,,,2026-07-28T23:14:21+00:00,2026-07-28T23:14:21+00:00
internshala:data-science-internship:3223481,New,,,,,2026-07-28T23:14:21+00:00,2026-07-28T23:14:21+00:00
internshala:data-science-internship:3223414,New,,,,,2026-07-28T23:14:21+00:00,2026-07-28T23:14:21+00:00
internshala:data-science-internship:3223387,New,,,,,2026-07-28T23:14:21+00:00,2026-07-28T23:14:21+00:00
internshala:data-science-internship:3223381,New,,,,,2026-07-28T23:14:21+00:00,2026-07-28T23:14:21+00:00
internshala:data-science-internship:3223378,New,,,,,2026-07-28T23:14:21+00:00,2026-07-28T23:14:21+00:00
internshala:data-science-internship:3222836,New,,,,,2026-07-28T23:14:21+00:00,2026-07-28T23:14:21+00:00
internshala:data-science-internship:3222620,New,,,,,2026-07-28T23:14:21+00:00,2026-07-28T23:14:21+00:00
internshala:data-science-internship:3222989,New,,,,,2026-07-28T23:14:21+00:00,2026-07-28T23:14:21+00:00
internshala:data-science-internship:3222988,New,,,,,2026-07-28T23:14:21+00:00,2026-07-28T23:14:21+00:00
internshala:data-science-internship:3222781,New,,,,,2026-07-28T23:14:21+00:00,2026-07-28T23:14:21+00:00
greenhouse:groww:4939393101,New,,,,,2026-07-28T14:34:14+00:00,2026-07-28T14:34:14+00:00
workday:nvidia:ASIC-Verification-Engineer_JR2022280,New,,,,,2026-07-28T10:46:55+00:00,2026-07-28T10:46:55+00:00
workday:nvidia:Senior-System-Software-Engineer--Client-Embedded-Controller_JR2021636,New,,,,,2026-07-28T10:46:55+00:00,2026-07-28T10:46:55+00:00
workday:nvidia:Senior-Interconnect-Product-Data-Engineer_JR2021975,New,,,,,2026-07-28T10:46:55+00:00,2026-07-28T10:46:55+00:00
workday:nvidia:System-Speed-and-Reliability-Co-Design-Engineer_JR2018911-1,New,,,,,2026-07-28T10:46:55+00:00,2026-07-28T10:46:55+00:00
workday:nvidia:Healthcare-AI-Startups-Lead---APAC_JR2021864,New,,,,,2026-07-28T10:46:55+00:00,2026-07-28T10:46:55+00:00
workday:nvidia:Public-Relations-Manager_JR2016172,New,,,,,2026-07-28T10:46:55+00:00,2026-07-28T10:46:55+00:00
workday:nvidia:Manager--Campaign-Marketing---Integrated-Campaigns-and-Industries-EMEA_JR2021644,New,,,,,2026-07-28T10:46:55+00:00,2026-07-28T10:46:55+00:00
workday:nvidia:Senior-Systems-Software-Engineer---NVIDIA-Cloud-Functions_JR2021902,New,,,,,2026-07-28T10:46:55+00:00,2026-07-28T10:46:55+00:00
workday:nvidia:Senior-Systems-Software-Engineer--Data-Center-Platform-Enablement_JR2022097,New,,,,,2026-07-28T10:46:55+00:00,2026-07-28T10:46:55+00:00
workday:nvidia:Senior-Software-Infrastructure-Developer_JR2022204,New,,,,,2026-07-28T10:46:55+00:00,2026-07-28T10:46:55+00:00
workday:nvidia:Senior-Fullstack-Software-Engineer_JR2021866,New,,,,,2026-07-28T10:46:55+00:00,2026-07-28T10:46:55+00:00
workday:nvidia:Senior-ASIC-Design-Engineer_JR2009401,New,,,,,2026-07-28T10:46:55+00:00,2026-07-28T10:46:55+00:00
workday:nvidia:Senior-Engineer--Local-AI---Agents-and-Systems_JR2021984,New,,,,,2026-07-28T10:46:55+00:00,2026-07-28T10:46:55+00:00
workday:nvidia:Principal-Engineer--Local-AI---Agents-and-Systems_JR2021988,New,,,,,2026-07-28T10:46:55+00:00,2026-07-28T10:46:55+00:00
workday:nvidia:System-Software-Engineer---Performance-Verification-Infrastructure_JR2021574,New,,,,,2026-07-28T10:46:55+00:00,2026-07-28T10:46:55+00:00
workday:nvidia:Senior-Architect--GPU-and-SoC-Modelling_JR2021971,New,,,,,2026-07-28T10:46:55+00:00,2026-07-28T10:46:55+00:00
workday:nvidia:Physical-Design-Engineer_JR2021555,New,,,,,2026-07-28T10:46:55+00:00,2026-07-28T10:46:55+00:00
workday:nvidia:Senior-Speed-Characterization-Engineer---Silicon-Co-Design-Group_JR2021465,New,,,,,2026-07-28T10:46:55+00:00,2026-07-28T10:46:55+00:00
workday:nvidia:System-Design-Intern--LDE---2027_JR2021952,New,,,,,2026-07-28T10:46:55+00:00,2026-07-28T10:46:55+00:00
workday:nvidia:Manager--Workplace-Planning---Real-Estate-Site-Services_JR2013978,New,,,,,2026-07-28T10:46:55+00:00,2026-07-28T10:46:55+00:00
workday:nvidia:Senior-Software-Engineer---NVLink-Rack-Scale-Stability-and-Reliability_JR2018426,New,,,,,2026-07-28T10:46:55+00:00,2026-07-28T10:46:55+00:00
workday:nvidia:Senior-System-Software-Engineer--Agentic-Inference---Dynamo_JR2021665-1,New,,,,,2026-07-28T10:46:55+00:00,2026-07-28T10:46:55+00:00
workday:nvidia:Principal-Engineer--Local-AI---Agents-and-Systems_JR2021989,New,,,,,2026-07-28T10:46:55+00:00,2026-07-28T10:46:55+00:00
workday:nvidia:Senior-Cloud-Software-Engineer_JR2022029-1,New,,,,,2026-07-28T10:46:55+00:00,2026-07-28T10:46:55+00:00
workday:nvidia:Senior-VLSI-Library-Methodology-Engineer_JR2022264,New,,,,,2026-07-28T10:46:55+00:00,2026-07-28T10:46:55+00:00
workday:nvidia:Senior-Software-Engineer--SOC-Design-Methodology_JR2022268,New,,,,,2026-07-28T10:46:55+00:00,2026-07-28T10:46:55+00:00
workday:nvidia:Interposer-Automation-Engineer_JR2021651,New,,,,,2026-07-28T10:46:55+00:00,2026-07-28T10:46:55+00:00
workday:nvidia:Package-Design-Methodology-Engineer_JR2021653,New,,,,,2026-07-28T10:46:55+00:00,2026-07-28T10:46:55+00:00
workday:nvidia:HSIO-Validation-Lead---Silicon-Co-Design_JR2022037,New,,,,,2026-07-28T10:46:55+00:00,2026-07-28T10:46:55+00:00
workday:nvidia:Principal-Chip-Lead--Silicon-Co-Design-Group_JR2021473,New,,,,,2026-07-28T10:46:55+00:00,2026-07-28T10:46:55+00:00
workday:nvidia:Senior-Federal-Sales-Specialist--Enterprise-Platforms_JR2017907,New,,,,,2026-07-28T10:46:55+00:00,2026-07-28T10:46:55+00:00
workday:nvidia:Senior-Software-Engineer--Customer-Data-and-Marketing-AI_JR2022042,New,,,,,2026-07-28T10:46:55+00:00,2026-07-28T10:46:55+00:00
workday:nvidia:Senior-PDK-Engineer_JR2013731,New,,,,,2026-07-28T10:46:55+00:00,2026-07-28T10:46:55+00:00
workday:nvidia:Senior-Software-Engineer--Evaluation-Flywheel---Autonomous-Vehicles_JR2021751,New,,,,,2026-07-28T10:46:55+00:00,2026-07-28T10:46:55+00:00
workday:nvidia:Senior-Hardware-Validation-Engineer_JR2016475-1,New,,,,,2026-07-28T10:46:55+00:00,2026-07-28T10:46:55+00:00
workday:nvidia:Senior-ASIC-Design-Engineer_JR2017358,New,,,,,2026-07-28T10:46:55+00:00,2026-07-28T10:46:55+00:00
workday:nvidia:Senior-ASIC-Design-Verification-Engineer_JR2017926,New,,,,,2026-07-28T10:46:55+00:00,2026-07-28T10:46:55+00:00
workday:salesforce:Senior-Data-Analytics-Engineer_JR330313,New,,,,,2026-07-28T10:46:55+00:00,2026-07-28T10:46:55+00:00
workday:salesforce:Manager--Strategy---Ops--Informatica_JR351679,New,,,,,2026-07-28T10:46:55+00:00,2026-07-28T10:46:55+00:00
workday:salesforce:Senior-Corporate-Counsel---Office-of-Global-Ethics---Integrity---JAPAC--India-_JR352055,New,,,,,2026-07-28T10:46:55+00:00,2026-07-28T10:46:55+00:00
workday:salesforce:Program-Manager---Salesforce_JR353793,New,,,,,2026-07-28T10:46:55+00:00,2026-07-28T10:46:55+00:00
workday:salesforce:Customer-Success-Manager--Marketing-cloud_JR353553,New,,,,,2026-07-28T10:46:55+00:00,2026-07-28T10:46:55+00:00
workday:salesforce:Cloud-Readiness-Architect---Financial-Services_JR352324,New,,,,,2026-07-28T10:46:55+00:00,2026-07-28T10:46:55+00:00
workday:salesforce:Lead-Member-of-Technical-Staff--LMTS----Workday-Finance_JR334544,New,,,,,2026-07-28T10:46:55+00:00,2026-07-28T10:46:55+00:00
workday:salesforce:Commercial-Account-Executive--Agentforce_JR279827,New,,,,,2026-07-28T10:46:55+00:00,2026-07-28T10:46:55+00:00
greenhouse:postman:7762102003,New,,,,,2026-07-28T10:44:33+00:00,2026-07-28T10:44:33+00:00
greenhouse:razorpaysoftwareprivatelimited:4694487005,New,,,,,2026-07-28T10:44:33+00:00,2026-07-28T10:44:33+00:00
greenhouse:razorpaysoftwareprivatelimited:4717420005,New,,,,,2026-07-28T10:44:33+00:00,2026-07-28T10:44:33+00:00
greenhouse:postman:7818501003,New,,,,,2026-07-28T06:38:55+00:00,2026-07-28T06:38:55+00:00
greenhouse:razorpaysoftwareprivatelimited:4718683005,New,,,,,2026-07-28T06:38:55+00:00,2026-07-28T06:38:55+00:00
greenhouse:postman:7812973003,New,,,,,2026-07-28T03:32:28+00:00,2026-07-28T03:32:28+00:00
greenhouse:postman:7817966003,New,,,,,2026-07-28T03:32:28+00:00,2026-07-28T03:32:28+00:00
greenhouse:postman:7818135003,New,,,,,2026-07-28T03:32:28+00:00,2026-07-28T03:32:28+00:00
greenhouse:postman:7818168003,New,,,,,2026-07-28T03:32:28+00:00,2026-07-28T03:32:28+00:00
internshala:machine-learning-internship:3222600,New,,,,,2026-07-27T21:22:30+00:00,2026-07-27T21:22:30+00:00
internshala:machine-learning-internship:3221782,New,,,,,2026-07-27T21:22:30+00:00,2026-07-27T21:22:30+00:00
internshala:machine-learning-internship:3222622,New,,,,,2026-07-27T21:22:30+00:00,2026-07-27T21:22:30+00:00
internshala:machine-learning-internship:3222601,New,,,,,2026-07-27T21:22:30+00:00,2026-07-27T21:22:30+00:00
internshala:machine-learning-internship:3222533,New,,,,,2026-07-27T21:22:30+00:00,2026-07-27T21:22:30+00:00
internshala:machine-learning-internship:3222167,New,,,,,2026-07-27T21:22:30+00:00,2026-07-27T21:22:30+00:00
internshala:machine-learning-internship:3222166,New,,,,,2026-07-27T21:22:30+00:00,2026-07-27T21:22:30+00:00
internshala:machine-learning-internship:3222161,New,,,,,2026-07-27T21:22:30+00:00,2026-07-27T21:22:30+00:00
internshala:artificial-intelligence-ai-internship:3222711,New,,,,,2026-07-27T21:22:30+00:00,2026-07-27T21:22:30+00:00
internshala:artificial-intelligence-ai-internship:3222712,New,,,,,2026-07-27T21:22:30+00:00,2026-07-27T21:22:30+00:00
internshala:artificial-intelligence-ai-internship:3222524,New,,,,,2026-07-27T21:22:30+00:00,2026-07-27T21:22:30+00:00
internshala:artificial-intelligence-ai-internship:3222600,New,,,,,2026-07-27T21:22:30+00:00,2026-07-27T21:22:30+00:00
internshala:artificial-intelligence-ai-internship:3222369,New,,,,,2026-07-27T21:22:30+00:00,2026-07-27T21:22:30+00:00
internshala:artificial-intelligence-ai-internship:3222522,New,,,,,2026-07-27T21:22:30+00:00,2026-07-27T21:22:30+00:00
internshala:artificial-intelligence-ai-internship:3222718,New,,,,,2026-07-27T21:22:30+00:00,2026-07-27T21:22:30+00:00
internshala:artificial-intelligence-ai-internship:3221682,New,,,,,2026-07-27T21:22:30+00:00,2026-07-27T21:22:30+00:00
internshala:artificial-intelligence-ai-internship:3222616,New,,,,,2026-07-27T21:22:30+00:00,2026-07-27T21:22:30+00:00
internshala:artificial-intelligence-ai-internship:3221782,New,,,,,2026-07-27T21:22:30+00:00,2026-07-27T21:22:30+00:00
internshala:artificial-intelligence-ai-internship:3222622,New,,,,,2026-07-27T21:22:30+00:00,2026-07-27T21:22:30+00:00
internshala:artificial-intelligence-ai-internship:3222601,New,,,,,2026-07-27T21:22:30+00:00,2026-07-27T21:22:30+00:00
internshala:artificial-intelligence-ai-internship:3222533,New,,,,,2026-07-27T21:22:30+00:00,2026-07-27T21:22:30+00:00
internshala:artificial-intelligence-ai-internship:3222167,New,,,,,2026-07-27T21:22:30+00:00,2026-07-27T21:22:30+00:00
internshala:artificial-intelligence-ai-internship:3221892,New,,,,,2026-07-27T21:22:30+00:00,2026-07-27T21:22:30+00:00
internshala:artificial-intelligence-ai-internship:3221931,New,,,,,2026-07-27T21:22:30+00:00,2026-07-27T21:22:30+00:00
internshala:data-science-internship:3222139,New,,,,,2026-07-27T21:22:30+00:00,2026-07-27T21:22:30+00:00
internshala:data-science-internship:3222711,New,,,,,2026-07-27T21:22:30+00:00,2026-07-27T21:22:30+00:00
internshala:data-science-internship:3222712,New,,,,,2026-07-27T21:22:30+00:00,2026-07-27T21:22:30+00:00
internshala:data-science-internship:3222524,New,,,,,2026-07-27T21:22:30+00:00,2026-07-27T21:22:30+00:00
internshala:data-science-internship:3222606,New,,,,,2026-07-27T21:22:30+00:00,2026-07-27T21:22:30+00:00
internshala:data-science-internship:3222600,New,,,,,2026-07-27T21:22:30+00:00,2026-07-27T21:22:30+00:00
internshala:data-science-internship:3207593,New,,,,,2026-07-27T21:22:30+00:00,2026-07-27T21:22:30+00:00
internshala:data-science-internship:3222522,New,,,,,2026-07-27T21:22:30+00:00,2026-07-27T21:22:30+00:00
internshala:data-science-internship:3222563,New,,,,,2026-07-27T21:22:30+00:00,2026-07-27T21:22:30+00:00
internshala:data-science-internship:3222336,New,,,,,2026-07-27T21:22:30+00:00,2026-07-27T21:22:30+00:00
internshala:data-science-internship:3222369,New,,,,,2026-07-27T21:22:30+00:00,2026-07-27T21:22:30+00:00
internshala:data-science-internship:3222257,New,,,,,2026-07-27T21:22:30+00:00,2026-07-27T21:22:30+00:00
internshala:data-science-internship:3222776,New,,,,,2026-07-27T21:22:30+00:00,2026-07-27T21:22:30+00:00
internshala:data-science-internship:3222718,New,,,,,2026-07-27T21:22:30+00:00,2026-07-27T21:22:30+00:00
internshala:data-science-internship:3222698,New,,,,,2026-07-27T21:22:30+00:00,2026-07-27T21:22:30+00:00
internshala:data-science-internship:3221682,New,,,,,2026-07-27T21:22:30+00:00,2026-07-27T21:22:30+00:00
internshala:data-science-internship:3222616,New,,,,,2026-07-27T21:22:30+00:00,2026-07-27T21:22:30+00:00
internshala:data-science-internship:3221436,New,,,,,2026-07-27T21:22:30+00:00,2026-07-27T21:22:30+00:00
internshala:data-science-internship:3221782,New,,,,,2026-07-27T21:22:30+00:00,2026-07-27T21:22:30+00:00
internshala:data-science-internship:3222622,New,,,,,2026-07-27T21:22:30+00:00,2026-07-27T21:22:30+00:00
internshala:data-science-internship:3222618,New,,,,,2026-07-27T21:22:30+00:00,2026-07-27T21:22:30+00:00
internshala:data-science-internship:3222601,New,,,,,2026-07-27T21:22:30+00:00,2026-07-27T21:22:30+00:00
internshala:data-science-internship:3222533,New,,,,,2026-07-27T21:22:30+00:00,2026-07-27T21:22:30+00:00
internshala:data-science-internship:3222234,New,,,,,2026-07-27T21:22:30+00:00,2026-07-27T21:22:30+00:00
internshala:data-science-internship:3222167,New,,,,,2026-07-27T21:22:30+00:00,2026-07-27T21:22:30+00:00
internshala:data-science-internship:3222161,New,,,,,2026-07-27T21:22:30+00:00,2026-07-27T21:22:30+00:00
internshala:data-science-internship:3222123,New,,,,,2026-07-27T21:22:30+00:00,2026-07-27T21:22:30+00:00
internshala:data-science-internship:3221892,New,,,,,2026-07-27T21:22:30+00:00,2026-07-27T21:22:30+00:00
internshala:data-science-internship:3221931,New,,,,,2026-07-27T21:22:30+00:00,2026-07-27T21:22:30+00:00
workday:nvidia:Build-and-DevOps-Engineer-for-Compilers_JR2018968,New,,,,,2026-07-27T19:55:28+00:00,2026-07-27T19:55:28+00:00
workday:nvidia:Senior-Data-Analyst---Finance_JR2018506,New,,,,,2026-07-27T19:55:28+00:00,2026-07-27T19:55:28+00:00
workday:nvidia:Senior-NPN-Program-Operations-Analyst_JR2021097,New,,,,,2026-07-27T19:55:28+00:00,2026-07-27T19:55:28+00:00
workday:nvidia:Senior-Applied-LLM-Engineer--AI---Chip-Design_JR1989138,New,,,,,2026-07-27T19:55:28+00:00,2026-07-27T19:55:28+00:00
workday:nvidia:Senior-Software-Engineer_JR1994007,New,,,,,2026-07-27T19:55:28+00:00,2026-07-27T19:55:28+00:00
workday:nvidia:Emulation-and-Prototyping-Engineer_JR2020636,New,,,,,2026-07-27T19:55:28+00:00,2026-07-27T19:55:28+00:00
workday:nvidia:Senior-CAD-Infrastructure-Development-Engineer_JR2010334,New,,,,,2026-07-27T19:55:28+00:00,2026-07-27T19:55:28+00:00
workday:nvidia:HSIO-Functional-and-Power-Management-Engineer_JR2013743,New,,,,,2026-07-27T19:55:28+00:00,2026-07-27T19:55:28+00:00
workday:nvidia:Senior-Power-Integrity-Co-Design-Engineer_JR2018836-2,New,,,,,2026-07-27T19:55:28+00:00,2026-07-27T19:55:28+00:00
workday:nvidia:Senior-Networking-IC-Test-Engineering-Program-Manager_JR2021792,New,,,,,2026-07-27T19:55:28+00:00,2026-07-27T19:55:28+00:00
workday:nvidia:Manager--Facilities-Services_JR2016096,New,,,,,2026-07-27T19:55:28+00:00,2026-07-27T19:55:28+00:00
workday:nvidia:Senior-System-Software-Architect--AI-and-GPU-Networking_JR2013090,New,,,,,2026-07-27T19:55:28+00:00,2026-07-27T19:55:28+00:00
workday:nvidia:Chip-Design-Verification-Engineer_JR2003287,New,,,,,2026-07-27T19:55:28+00:00,2026-07-27T19:55:28+00:00
workday:nvidia:Senior-Switch-SDK-Design-Engineer_JR2021730,New,,,,,2026-07-27T19:55:28+00:00,2026-07-27T19:55:28+00:00
workday:nvidia:Senior-Software-Engineer---ICPE_JR2019162,New,,,,,2026-07-27T19:55:28+00:00,2026-07-27T19:55:28+00:00
workday:nvidia:Senior-Switch-System-Validation-Engineer_JR2010510,New,,,,,2026-07-27T19:55:28+00:00,2026-07-27T19:55:28+00:00
workday:nvidia:Senior-FC-Verification-Engineer_JR2009176,New,,,,,2026-07-27T19:55:28+00:00,2026-07-27T19:55:28+00:00
workday:nvidia:Senior-Design-Integration-Engineer_JR2009271,New,,,,,2026-07-27T19:55:28+00:00,2026-07-27T19:55:28+00:00
workday:nvidia:Senior-Chip-Design-Engineer_JR2009516,New,,,,,2026-07-27T19:55:28+00:00,2026-07-27T19:55:28+00:00
workday:nvidia:Senior-AI-Platform-Engineer_JR2019516,New,,,,,2026-07-27T19:55:28+00:00,2026-07-27T19:55:28+00:00
workday:nvidia:Senior-System-Software-Engineer---Local-AI_JR2021893,New,,,,,2026-07-27T19:55:28+00:00,2026-07-27T19:55:28+00:00
workday:nvidia:Senior-Software-Advanced-Developer_JR2005807,New,,,,,2026-07-27T19:55:28+00:00,2026-07-27T19:55:28+00:00
workday:salesforce:Industries-Business-Development-Manager_JR352354-1,New,,,,,2026-07-27T19:55:28+00:00,2026-07-27T19:55:28+00:00
workday:salesforce:Director--Strategy---Enablement_JR340233,New,,,,,2026-07-27T19:55:28+00:00,2026-07-27T19:55:28+00:00
workday:salesforce:Resource-Planning-Director_JR346258,New,,,,,2026-07-27T19:55:28+00:00,2026-07-27T19:55:28+00:00
workday:salesforce:Senior-Analyst--GTM-Product-Marketing---Contact-Center_JR353299,New,,,,,2026-07-27T19:55:28+00:00,2026-07-27T19:55:28+00:00
workday:salesforce:Software-Engineer-SMTS_JR338173,New,,,,,2026-07-27T19:55:28+00:00,2026-07-27T19:55:28+00:00
workday:salesforce:Aggregator-Operations-Specialist_JR344727,New,,,,,2026-07-27T19:55:28+00:00,2026-07-27T19:55:28+00:00
lever:zeta:892ad297-ed0e-4f9c-98b8-fd30358a5517,New,,,,,2026-07-27T11:37:02+00:00,2026-07-27T11:37:02+00:00
workday:nvidia:Software-Engineering-Student--Networking-Performance-Tools_JR2020903,New,,,,,2026-07-27T07:50:22+00:00,2026-07-27T07:50:22+00:00
workday:nvidia:Senior-Inference-Engineer--GPU-Kernel-Optimization_JR2021962,New,,,,,2026-07-27T07:50:22+00:00,2026-07-27T07:50:22+00:00
workday:nvidia:Senior-Program-Manager--Logistics-and-Fulfillment-Technology-Enablement_JR2021872,New,,,,,2026-07-27T07:50:22+00:00,2026-07-27T07:50:22+00:00
workday:nvidia:Senior-Chip-Design-Engineer_JR2020876,New,,,,,2026-07-27T07:50:22+00:00,2026-07-27T07:50:22+00:00
workday:nvidia:Chip-Design-Verification-Engineer_JR2018229,New,,,,,2026-07-27T07:50:22+00:00,2026-07-27T07:50:22+00:00
workday:nvidia:Senior-Sales-Account-Manager--Smart-Spaces-and-Local-Government_JR2021398,New,,,,,2026-07-27T07:50:22+00:00,2026-07-27T07:50:22+00:00
workday:nvidia:Senior-Architect--SOC-Modeling_JR2022003,New,,,,,2026-07-27T07:50:22+00:00,2026-07-27T07:50:22+00:00
workday:nvidia:Harness-and-Platform-Engineer--AI-Safety-and-Security-Engineering_JR2021886,New,,,,,2026-07-27T07:50:22+00:00,2026-07-27T07:50:22+00:00
workday:nvidia:Security-Research-Engineer--AI-Safety-and-Security-Engineering_JR2021887,New,,,,,2026-07-27T07:50:22+00:00,2026-07-27T07:50:22+00:00
workday:nvidia:Senior-Manager--AI-Safety-and-Security-Engineering_JR2021882,New,,,,,2026-07-27T07:50:22+00:00,2026-07-27T07:50:22+00:00
workday:nvidia:Distinguished-Engineer--AI-Safety-and-Security-Engineering_JR2021883,New,,,,,2026-07-27T07:50:22+00:00,2026-07-27T07:50:22+00:00
workday:nvidia:Evaluation-and-ML-Systems-Engineer--AI-Safety-and-Security-Engineering_JR2021888,New,,,,,2026-07-27T07:50:22+00:00,2026-07-27T07:50:22+00:00
workday:nvidia:Senior-Systems-Software-Engineer--Developer-Productivity-and-Cloud-Automation---GeForce-NOW_JR2021956,New,,,,,2026-07-27T07:50:22+00:00,2026-07-27T07:50:22+00:00
workday:nvidia:Full-Chip-Integration-Engineer_JR2021928,New,,,,,2026-07-27T07:50:22+00:00,2026-07-27T07:50:22+00:00
workday:nvidia:Senior-Systems-Software-Engineer--AI-Stack-and-Performance---DGX-Station_JR2019004,New,,,,,2026-07-27T07:50:22+00:00,2026-07-27T07:50:22+00:00
workday:nvidia:Custom-SOC-IP-Verification-Engineer_JR2013284,New,,,,,2026-07-27T07:50:22+00:00,2026-07-27T07:50:22+00:00
workday:nvidia:Senior-Software-Architect---Data-Center-Systems_JR1973150,New,,,,,2026-07-27T07:50:22+00:00,2026-07-27T07:50:22+00:00
workday:nvidia:Distinguished-Engineer---Data-Center-System-Software-Architect_JR1973423,New,,,,,2026-07-27T07:50:22+00:00,2026-07-27T07:50:22+00:00
workday:nvidia:Senior-Software-Program-Manager---Datacenter-Compute-Server_JR1996363,New,,,,,2026-07-27T07:50:22+00:00,2026-07-27T07:50:22+00:00
workday:nvidia:Senior-Performance-Engineer_JR1996987,New,,,,,2026-07-27T07:50:22+00:00,2026-07-27T07:50:22+00:00
workday:nvidia:Senior-Software-Engineer--GPU-Communications-and-Networking_JR1997186,New,,,,,2026-07-27T07:50:22+00:00,2026-07-27T07:50:22+00:00
workday:salesforce:Senior-Technical-Consultant---Salesforce-Field-Services_JR353601,New,,,,,2026-07-27T07:50:22+00:00,2026-07-27T07:50:22+00:00
workday:salesforce:Software-Engineering-SDET_JR312798,New,,,,,2026-07-27T07:50:22+00:00,2026-07-27T07:50:22+00:00
internshala:artificial-intelligence-ai-internship:3222054,New,,,,,2026-07-26T21:10:28+00:00,2026-07-26T21:10:28+00:00
internshala:artificial-intelligence-ai-internship:3221957,New,,,,,2026-07-26T21:10:28+00:00,2026-07-26T21:10:28+00:00
internshala:artificial-intelligence-ai-internship:3221938,New,,,,,2026-07-26T21:10:28+00:00,2026-07-26T21:10:28+00:00
internshala:artificial-intelligence-ai-internship:3221918,New,,,,,2026-07-26T21:10:28+00:00,2026-07-26T21:10:28+00:00
internshala:data-science-internship:3221979,New,,,,,2026-07-26T21:10:28+00:00,2026-07-26T21:10:28+00:00
internshala:data-science-internship:3222054,New,,,,,2026-07-26T21:10:28+00:00,2026-07-26T21:10:28+00:00
internshala:data-science-internship:3221080,New,,,,,2026-07-26T21:10:28+00:00,2026-07-26T21:10:28+00:00
internshala:data-science-internship:3221957,New,,,,,2026-07-26T21:10:28+00:00,2026-07-26T21:10:28+00:00
internshala:data-science-internship:3221938,New,,,,,2026-07-26T21:10:28+00:00,2026-07-26T21:10:28+00:00
internshala:data-science-internship:3221935,New,,,,,2026-07-26T21:10:28+00:00,2026-07-26T21:10:28+00:00
internshala:data-science-internship:3221918,New,,,,,2026-07-26T21:10:28+00:00,2026-07-26T21:10:28+00:00
internshala:data-science-internship:3221911,New,,,,,2026-07-26T21:10:28+00:00,2026-07-26T21:10:28+00:00
internshala:machine-learning-internship:3222006,New,,,,,2026-07-26T21:10:27+00:00,2026-07-26T21:10:27+00:00
internshala:machine-learning-internship:3221957,New,,,,,2026-07-26T21:10:27+00:00,2026-07-26T21:10:27+00:00
internshala:machine-learning-internship:3222054,New,,,,,2026-07-26T21:10:27+00:00,2026-07-26T21:10:27+00:00
internshala:machine-learning-internship:3221938,New,,,,,2026-07-26T21:10:27+00:00,2026-07-26T21:10:27+00:00
internshala:machine-learning-internship:3221935,New,,,,,2026-07-26T21:10:27+00:00,2026-07-26T21:10:27+00:00
internshala:machine-learning-internship:3221918,New,,,,,2026-07-26T21:10:27+00:00,2026-07-26T21:10:27+00:00
internshala:machine-learning-internship:3221908,New,,,,,2026-07-26T21:10:27+00:00,2026-07-26T21:10:27+00:00
workday:nvidia:Manager--Infra-Tools-AI_JR2016759,New,,,,,2026-07-26T19:34:52+00:00,2026-07-26T19:34:52+00:00
workday:nvidia:SoC-Modelling-Architect_JR2021696-1,New,,,,,2026-07-26T19:34:52+00:00,2026-07-26T19:34:52+00:00
workday:nvidia:Deep-Learning-Performance-Architect_JR2021807,New,,,,,2026-07-26T19:34:52+00:00,2026-07-26T19:34:52+00:00
workday:nvidia:Software-Engineer---NVLink-GPU-Networking_JR2016557,New,,,,,2026-07-26T19:34:52+00:00,2026-07-26T19:34:52+00:00
workday:nvidia:Logic-Design-Engineer--CPU-Core_JR2015261,New,,,,,2026-07-26T19:34:52+00:00,2026-07-26T19:34:52+00:00
workday:nvidia:System-Administrator_JR2019348-1,New,,,,,2026-07-26T06:49:58+00:00,2026-07-26T06:49:58+00:00
workday:nvidia:Software-Configuration-Management-Engineer---Hardware_JR2019717,New,,,,,2026-07-26T06:49:58+00:00,2026-07-26T06:49:58+00:00
internshala:data-science-internship:3221277,New,,,,,2026-07-25T21:07:53+00:00,2026-07-25T21:07:53+00:00
internshala:data-science-internship:3221434,New,,,,,2026-07-25T21:07:53+00:00,2026-07-25T21:07:53+00:00
internshala:data-science-internship:3221690,New,,,,,2026-07-25T21:07:53+00:00,2026-07-25T21:07:53+00:00
internshala:data-science-internship:3221689,New,,,,,2026-07-25T21:07:53+00:00,2026-07-25T21:07:53+00:00
internshala:data-science-internship:3221422,New,,,,,2026-07-25T21:07:53+00:00,2026-07-25T21:07:53+00:00
internshala:data-science-internship:3221333,New,,,,,2026-07-25T21:07:53+00:00,2026-07-25T21:07:53+00:00
internshala:data-science-internship:3221454,New,,,,,2026-07-25T21:07:53+00:00,2026-07-25T21:07:53+00:00
internshala:data-science-internship:3221448,New,,,,,2026-07-25T21:07:53+00:00,2026-07-25T21:07:53+00:00
internshala:data-science-internship:3221447,New,,,,,2026-07-25T21:07:53+00:00,2026-07-25T21:07:53+00:00
internshala:data-science-internship:3221410,New,,,,,2026-07-25T21:07:53+00:00,2026-07-25T21:07:53+00:00
internshala:data-science-internship:3220278,New,,,,,2026-07-25T21:07:53+00:00,2026-07-25T21:07:53+00:00
internshala:machine-learning-internship:3221410,New,,,,,2026-07-25T21:07:52+00:00,2026-07-25T21:07:52+00:00
internshala:machine-learning-internship:3221422,New,,,,,2026-07-25T21:07:52+00:00,2026-07-25T21:07:52+00:00
internshala:machine-learning-internship:3221471,New,,,,,2026-07-25T21:07:52+00:00,2026-07-25T21:07:52+00:00
internshala:machine-learning-internship:3221454,New,,,,,2026-07-25T21:07:52+00:00,2026-07-25T21:07:52+00:00
internshala:machine-learning-internship:3221448,New,,,,,2026-07-25T21:07:52+00:00,2026-07-25T21:07:52+00:00
internshala:artificial-intelligence-ai-internship:3221422,New,,,,,2026-07-25T21:07:52+00:00,2026-07-25T21:07:52+00:00
internshala:artificial-intelligence-ai-internship:3221333,New,,,,,2026-07-25T21:07:52+00:00,2026-07-25T21:07:52+00:00
internshala:artificial-intelligence-ai-internship:3221454,New,,,,,2026-07-25T21:07:52+00:00,2026-07-25T21:07:52+00:00
internshala:artificial-intelligence-ai-internship:3221448,New,,,,,2026-07-25T21:07:52+00:00,2026-07-25T21:07:52+00:00
internshala:artificial-intelligence-ai-internship:3221410,New,,,,,2026-07-25T21:07:52+00:00,2026-07-25T21:07:52+00:00
workday:salesforce:Accountant_JR349380-1,New,,,,,2026-07-25T17:15:56+00:00,2026-07-25T17:15:56+00:00
lever:zeta:5eb7a75b-312c-4759-8813-70e67b5d4109,New,,,,,2026-07-25T09:59:15+00:00,2026-07-25T09:59:15+00:00
lever:zeta:f140e9d7-8d0c-4e24-bace-8568385b6f5c,New,,,,,2026-07-25T09:59:15+00:00,2026-07-25T09:59:15+00:00
workday:nvidia:Senior-Developer-Relations-Manager--Energy---Grid--Industrial-and-Power-Automation-Ecosystem_JR2018028,New,,,,,2026-07-25T03:37:35+00:00,2026-07-25T03:37:35+00:00
workday:nvidia:Senior-NPI-Program-Manager_JR2016872,New,,,,,2026-07-25T03:37:35+00:00,2026-07-25T03:37:35+00:00
workday:nvidia:Senior-System-Software-Engineer---Local-AI-Automation_JR2021900,New,,,,,2026-07-25T03:37:35+00:00,2026-07-25T03:37:35+00:00
workday:nvidia:Senior-Signal-Integrity-Engineer---LPU-Packaging_JR2019832,New,,,,,2026-07-25T03:37:35+00:00,2026-07-25T03:37:35+00:00
workday:nvidia:Senior-Power-Integrity-Engineer---LPU-Packaging_JR2014374,New,,,,,2026-07-25T03:37:35+00:00,2026-07-25T03:37:35+00:00
workday:nvidia:Senior-ASIC-Verification-Engineer_JR2009482,New,,,,,2026-07-25T03:37:35+00:00,2026-07-25T03:37:35+00:00
workday:nvidia:Senior-System-Software-Engineer--Performance---CUDA-Driver_JR2009423,New,,,,,2026-07-25T03:37:35+00:00,2026-07-25T03:37:35+00:00
workday:nvidia:Senior-Software-Engineer--World-Model-Systems-Engineering---Autonomous-Vehicles_JR2020021,New,,,,,2026-07-25T03:37:35+00:00,2026-07-25T03:37:35+00:00
workday:nvidia:Senior-AI-Strategist---Intelligence-Community_JR2021911-1,New,,,,,2026-07-25T03:37:35+00:00,2026-07-25T03:37:35+00:00
workday:nvidia:Research-Scientist--Robotics-Research----PhD-New-College-Grad-2026_JR2011473,New,,,,,2026-07-25T03:37:35+00:00,2026-07-25T03:37:35+00:00
workday:nvidia:Data-Center-Engineering-and-Operations-EHS-Engineer_JR2018949,New,,,,,2026-07-25T03:37:35+00:00,2026-07-25T03:37:35+00:00
workday:nvidia:Senior-System-Software-Engineer---Linux-Kernel-Automotive-Cybersecurity_JR2021733,New,,,,,2026-07-25T03:37:35+00:00,2026-07-25T03:37:35+00:00
workday:nvidia:Manager--System-Software-Engineering---Local-AI_JR2021898-1,New,,,,,2026-07-25T03:37:35+00:00,2026-07-25T03:37:35+00:00
workday:nvidia:Senior-System-Software-Engineer--Automotive-Cybersecurity_JR2021732,New,,,,,2026-07-25T03:37:35+00:00,2026-07-25T03:37:35+00:00
workday:nvidia:Senior-System-Software-Engineer---LocalAI_JR2021897,New,,,,,2026-07-25T03:37:35+00:00,2026-07-25T03:37:35+00:00
workday:nvidia:Principal-Developer-Relations-Manager---Marketing-Technology-Strategic-ISVs-_JR2021139,New,,,,,2026-07-25T03:37:35+00:00,2026-07-25T03:37:35+00:00
workday:nvidia:Senior-Analyst--SOX-and-Internal-Audit_JR2019869,New,,,,,2026-07-25T03:37:35+00:00,2026-07-25T03:37:35+00:00
workday:nvidia:Senior-System-Software-Engineer---Local-AI_JR2021896,New,,,,,2026-07-25T03:37:35+00:00,2026-07-25T03:37:35+00:00
workday:nvidia:Technical-Marketing-Engineer_JR2021469-1,New,,,,,2026-07-25T03:37:35+00:00,2026-07-25T03:37:35+00:00
workday:nvidia:ASIC-Design-and-STA-Engineer_JR2021789-1,New,,,,,2026-07-25T03:37:35+00:00,2026-07-25T03:37:35+00:00
workday:nvidia:Senior-CAD-Engineer_JR2021804-1,New,,,,,2026-07-25T03:37:35+00:00,2026-07-25T03:37:35+00:00
workday:nvidia:Senior-Deep-Learning-Scientist--Multimodal-Agentic-RL_JR2022039,New,,,,,2026-07-25T03:37:35+00:00,2026-07-25T03:37:35+00:00
workday:nvidia:Machine-Learning-Engineer--AI-Safety_JR2021784-1,New,,,,,2026-07-25T03:37:35+00:00,2026-07-25T03:37:35+00:00
workday:nvidia:Senior-Technical-Program-Manager--NVIDIA-Metropolis_JR2022030,New,,,,,2026-07-25T03:37:35+00:00,2026-07-25T03:37:35+00:00
workday:nvidia:Software-Engineer--Linux-Graphics_JR2021838,New,,,,,2026-07-25T03:37:35+00:00,2026-07-25T03:37:35+00:00
workday:nvidia:System-Software-Engineering-Lead_JR2021953,New,,,,,2026-07-25T03:37:35+00:00,2026-07-25T03:37:35+00:00
workday:nvidia:Senior-Engineer--Build-and-DevOps---ADI_JR2021994,New,,,,,2026-07-25T03:37:35+00:00,2026-07-25T03:37:35+00:00
workday:nvidia:Senior-Deep-Learning-Hardware-Modeling-Architect---LPU_JR2019216,New,,,,,2026-07-25T03:37:35+00:00,2026-07-25T03:37:35+00:00
workday:nvidia:Power-Micro-Architecture-Engineer_JR2021810-1,New,,,,,2026-07-25T03:37:35+00:00,2026-07-25T03:37:35+00:00
workday:nvidia:Senior-Learning-Developer_JR2021709,New,,,,,2026-07-25T03:37:35+00:00,2026-07-25T03:37:35+00:00
workday:nvidia:AI-Research-Engineer---Applied-Scientist-Compilers_JR2016804-1,New,,,,,2026-07-25T03:37:35+00:00,2026-07-25T03:37:35+00:00
workday:nvidia:System-Software-Engineer--Profiler---GPU_JR2011622,New,,,,,2026-07-25T03:37:35+00:00,2026-07-25T03:37:35+00:00
workday:nvidia:Senior-Developer-Technology-Engineer---Agentic-SoC-Performance_JR2021919,New,,,,,2026-07-25T03:37:35+00:00,2026-07-25T03:37:35+00:00
workday:nvidia:Director--AI-for-Productivity_JR2009808-1,New,,,,,2026-07-25T03:37:35+00:00,2026-07-25T03:37:35+00:00
workday:nvidia:Director--AI-for-Tools_JR2018232,New,,,,,2026-07-25T03:37:35+00:00,2026-07-25T03:37:35+00:00
workday:nvidia:Senior-Engineer--Local-AI---Agents-and-Systems_JR2021986,New,,,,,2026-07-25T03:37:35+00:00,2026-07-25T03:37:35+00:00
workday:nvidia:Senior-Software-Engineer---GPU-Local-AI-Platforms_JR2021851,New,,,,,2026-07-25T03:37:35+00:00,2026-07-25T03:37:35+00:00
workday:salesforce:Director--Product---Pricing-Operations_JR353506,New,,,,,2026-07-25T03:37:35+00:00,2026-07-25T03:37:35+00:00
internshala:artificial-intelligence-ai-internship:3221160,New,,,,,2026-07-24T19:44:56+00:00,2026-07-24T19:44:56+00:00
internshala:artificial-intelligence-ai-internship:3221025,New,,,,,2026-07-24T19:44:56+00:00,2026-07-24T19:44:56+00:00
internshala:artificial-intelligence-ai-internship:3221015,New,,,,,2026-07-24T19:44:56+00:00,2026-07-24T19:44:56+00:00
internshala:artificial-intelligence-ai-internship:3220275,New,,,,,2026-07-24T19:44:56+00:00,2026-07-24T19:44:56+00:00
internshala:artificial-intelligence-ai-internship:3221024,New,,,,,2026-07-24T19:44:56+00:00,2026-07-24T19:44:56+00:00
internshala:artificial-intelligence-ai-internship:3221022,New,,,,,2026-07-24T19:44:56+00:00,2026-07-24T19:44:56+00:00
internshala:artificial-intelligence-ai-internship:3221092,New,,,,,2026-07-24T19:44:56+00:00,2026-07-24T19:44:56+00:00
internshala:artificial-intelligence-ai-internship:3220421,New,,,,,2026-07-24T19:44:56+00:00,2026-07-24T19:44:56+00:00
internshala:artificial-intelligence-ai-internship:3221202,New,,,,,2026-07-24T19:44:56+00:00,2026-07-24T19:44:56+00:00
internshala:artificial-intelligence-ai-internship:3220276,New,,,,,2026-07-24T19:44:56+00:00,2026-07-24T19:44:56+00:00
internshala:artificial-intelligence-ai-internship:3211172,New,,,,,2026-07-24T19:44:56+00:00,2026-07-24T19:44:56+00:00
internshala:artificial-intelligence-ai-internship:3220445,New,,,,,2026-07-24T19:44:56+00:00,2026-07-24T19:44:56+00:00
internshala:artificial-intelligence-ai-internship:3220439,New,,,,,2026-07-24T19:44:56+00:00,2026-07-24T19:44:56+00:00
internshala:artificial-intelligence-ai-internship:3220311,New,,,,,2026-07-24T19:44:56+00:00,2026-07-24T19:44:56+00:00
internshala:artificial-intelligence-ai-internship:3220206,New,,,,,2026-07-24T19:44:56+00:00,2026-07-24T19:44:56+00:00
internshala:artificial-intelligence-ai-internship:3220301,New,,,,,2026-07-24T19:44:56+00:00,2026-07-24T19:44:56+00:00
internshala:artificial-intelligence-ai-internship:3213381,New,,,,,2026-07-24T19:44:56+00:00,2026-07-24T19:44:56+00:00
internshala:data-science-internship:3221015,New,,,,,2026-07-24T19:44:56+00:00,2026-07-24T19:44:56+00:00
internshala:data-science-internship:3221025,New,,,,,2026-07-24T19:44:56+00:00,2026-07-24T19:44:56+00:00
internshala:data-science-internship:3208742,New,,,,,2026-07-24T19:44:56+00:00,2026-07-24T19:44:56+00:00
internshala:data-science-internship:3221283,New,,,,,2026-07-24T19:44:56+00:00,2026-07-24T19:44:56+00:00
internshala:data-science-internship:3221024,New,,,,,2026-07-24T19:44:56+00:00,2026-07-24T19:44:56+00:00
internshala:data-science-internship:3221022,New,,,,,2026-07-24T19:44:56+00:00,2026-07-24T19:44:56+00:00
internshala:data-science-internship:3221177,New,,,,,2026-07-24T19:44:56+00:00,2026-07-24T19:44:56+00:00
internshala:data-science-internship:3221092,New,,,,,2026-07-24T19:44:56+00:00,2026-07-24T19:44:56+00:00
internshala:data-science-internship:3221160,New,,,,,2026-07-24T19:44:56+00:00,2026-07-24T19:44:56+00:00
internshala:data-science-internship:3220275,New,,,,,2026-07-24T19:44:56+00:00,2026-07-24T19:44:56+00:00
internshala:data-science-internship:3221104,New,,,,,2026-07-24T19:44:56+00:00,2026-07-24T19:44:56+00:00
internshala:data-science-internship:3220123,New,,,,,2026-07-24T19:44:56+00:00,2026-07-24T19:44:56+00:00
internshala:data-science-internship:3220421,New,,,,,2026-07-24T19:44:56+00:00,2026-07-24T19:44:56+00:00
internshala:data-science-internship:3221202,New,,,,,2026-07-24T19:44:56+00:00,2026-07-24T19:44:56+00:00
internshala:data-science-internship:3220276,New,,,,,2026-07-24T19:44:56+00:00,2026-07-24T19:44:56+00:00
internshala:data-science-internship:3211172,New,,,,,2026-07-24T19:44:56+00:00,2026-07-24T19:44:56+00:00
internshala:data-science-internship:3220083,New,,,,,2026-07-24T19:44:56+00:00,2026-07-24T19:44:56+00:00
internshala:data-science-internship:3221300,New,,,,,2026-07-24T19:44:56+00:00,2026-07-24T19:44:56+00:00
internshala:data-science-internship:3221249,New,,,,,2026-07-24T19:44:56+00:00,2026-07-24T19:44:56+00:00
internshala:data-science-internship:3221090,New,,,,,2026-07-24T19:44:56+00:00,2026-07-24T19:44:56+00:00
internshala:data-science-internship:3220955,New,,,,,2026-07-24T19:44:56+00:00,2026-07-24T19:44:56+00:00
internshala:data-science-internship:3220445,New,,,,,2026-07-24T19:44:56+00:00,2026-07-24T19:44:56+00:00
internshala:data-science-internship:3220439,New,,,,,2026-07-24T19:44:56+00:00,2026-07-24T19:44:56+00:00
internshala:data-science-internship:3220007,New,,,,,2026-07-24T19:44:56+00:00,2026-07-24T19:44:56+00:00
internshala:data-science-internship:3220317,New,,,,,2026-07-24T19:44:56+00:00,2026-07-24T19:44:56+00:00
internshala:data-science-internship:3220255,New,,,,,2026-07-24T19:44:56+00:00,2026-07-24T19:44:56+00:00
internshala:data-science-internship:3220311,New,,,,,2026-07-24T19:44:56+00:00,2026-07-24T19:44:56+00:00
internshala:data-science-internship:3220206,New,,,,,2026-07-24T19:44:56+00:00,2026-07-24T19:44:56+00:00
internshala:data-science-internship:3220301,New,,,,,2026-07-24T19:44:56+00:00,2026-07-24T19:44:56+00:00
internshala:data-science-internship:3213381,New,,,,,2026-07-24T19:44:56+00:00,2026-07-24T19:44:56+00:00
internshala:machine-learning-internship:3221160,New,,,,,2026-07-24T19:44:55+00:00,2026-07-24T19:44:55+00:00
internshala:machine-learning-internship:3221202,New,,,,,2026-07-24T19:44:55+00:00,2026-07-24T19:44:55+00:00
internshala:machine-learning-internship:3221025,New,,,,,2026-07-24T19:44:55+00:00,2026-07-24T19:44:55+00:00
internshala:machine-learning-internship:3221015,New,,,,,2026-07-24T19:44:55+00:00,2026-07-24T19:44:55+00:00
internshala:machine-learning-internship:3221092,New,,,,,2026-07-24T19:44:55+00:00,2026-07-24T19:44:55+00:00
internshala:machine-learning-internship:3220421,New,,,,,2026-07-24T19:44:55+00:00,2026-07-24T19:44:55+00:00
internshala:machine-learning-internship:3220319,New,,,,,2026-07-24T19:44:55+00:00,2026-07-24T19:44:55+00:00
internshala:machine-learning-internship:3220311,New,,,,,2026-07-24T19:44:55+00:00,2026-07-24T19:44:55+00:00
internshala:machine-learning-internship:3220301,New,,,,,2026-07-24T19:44:55+00:00,2026-07-24T19:44:55+00:00
internshala:machine-learning-internship:3213381,New,,,,,2026-07-24T19:44:55+00:00,2026-07-24T19:44:55+00:00
internshala:machine-learning-internship:3217162,New,,,,,2026-07-24T19:44:55+00:00,2026-07-24T19:44:55+00:00
workday:nvidia:Fulfillment-and-Logistics-Program-Manager_JR2021093,New,,,,,2026-07-24T14:11:58+00:00,2026-07-24T14:11:58+00:00
workday:nvidia:System-Design-Validation-Intern---2027_JR2021783,New,,,,,2026-07-24T14:11:58+00:00,2026-07-24T14:11:58+00:00
workday:nvidia:Senior-Solutions-Architect--HPC-and-AI_JR2007074,New,,,,,2026-07-24T14:11:58+00:00,2026-07-24T14:11:58+00:00
workday:nvidia:Full-Stack-Solution-Engineer--Humanoid-Whole-Body-Control-and-Loco-manipulation_JR2018290,New,,,,,2026-07-24T14:11:58+00:00,2026-07-24T14:11:58+00:00
workday:nvidia:OEM-Enterprise-Manager-UAE_JR2021873,New,,,,,2026-07-24T14:11:58+00:00,2026-07-24T14:11:58+00:00
workday:nvidia:Senior-Technical-Product-Marketing-Manager---AI-Infrastructure_JR2021774,New,,,,,2026-07-24T14:11:58+00:00,2026-07-24T14:11:58+00:00
workday:nvidia:Senior-DFX-Engineer---HSIO_JR2021652,New,,,,,2026-07-24T14:11:58+00:00,2026-07-24T14:11:58+00:00
workday:nvidia:Incident-Response-Engineer-Facility-Operations-Center_JR2020253-1,New,,,,,2026-07-24T14:11:58+00:00,2026-07-24T14:11:58+00:00
workday:nvidia:Global-AI-Natives-Sales-Lead--GTM_JR2021602-1,New,,,,,2026-07-24T14:11:58+00:00,2026-07-24T14:11:58+00:00
workday:nvidia:Senior-ASIC-Front-End-Infrastructure-Engineer_JR2018704-1,New,,,,,2026-07-24T14:11:58+00:00,2026-07-24T14:11:58+00:00
workday:nvidia:Mechanical-and-Thermal-Supply-Base-Engineer_JR2021220,New,,,,,2026-07-24T14:11:58+00:00,2026-07-24T14:11:58+00:00
workday:nvidia:ASIC-Verification-Engineer_JR2021909,New,,,,,2026-07-24T14:11:58+00:00,2026-07-24T14:11:58+00:00
workday:nvidia:Senior-Software-Engineer--CUDA-Core-Libraries_JR2021170,New,,,,,2026-07-24T14:11:58+00:00,2026-07-24T14:11:58+00:00
workday:nvidia:Senior-Developer-Relations-Manager---AgentOps_JR2014797,New,,,,,2026-07-24T14:11:58+00:00,2026-07-24T14:11:58+00:00
workday:nvidia:Developer-Relations-Manager--CAE_JR2021932-1,New,,,,,2026-07-24T14:11:58+00:00,2026-07-24T14:11:58+00:00
workday:nvidia:Senior-Technical-Program-Manager--Software-Compute-Platform_JR2021628,New,,,,,2026-07-24T14:11:58+00:00,2026-07-24T14:11:58+00:00
workday:nvidia:Senior-Software-Engineer--L4---Autonomous-Vehicles_JR2021766-1,New,,,,,2026-07-24T14:11:58+00:00,2026-07-24T14:11:58+00:00
workday:nvidia:Software-Engineer--Performance-Lab-and-Tools_JR2014711,New,,,,,2026-07-24T14:11:58+00:00,2026-07-24T14:11:58+00:00
workday:salesforce:Senior-Salesforce-Technical-Architect--Life-Sciences--Pharmaceutical-_JR343604,New,,,,,2026-07-24T14:11:58+00:00,2026-07-24T14:11:58+00:00
workday:salesforce:Senior-Technical-Consultant_JR329862,New,,,,,2026-07-24T14:11:58+00:00,2026-07-24T14:11:58+00:00
workday:salesforce:Executive-Assistant_JR340339-1,New,,,,,2026-07-24T14:11:58+00:00,2026-07-24T14:11:58+00:00
workday:salesforce:Data-Engineering-MTS_JR350293,New,,,,,2026-07-24T14:11:58+00:00,2026-07-24T14:11:58+00:00
workday:salesforce:Senior-Data-Scientist_JR353414,New,,,,,2026-07-24T14:11:58+00:00,2026-07-24T14:11:58+00:00
workday:salesforce:Salesforce-Senior-Architect_JR322959,New,,,,,2026-07-24T14:11:58+00:00,2026-07-24T14:11:58+00:00
workday:salesforce:Specialist-Account-Executive_JR353243-1,New,,,,,2026-07-24T14:11:58+00:00,2026-07-24T14:11:58+00:00
workday:salesforce:Software-Engineering-PMTS_JR351648,New,,,,,2026-07-24T14:11:58+00:00,2026-07-24T14:11:58+00:00
lever:zeta:f43a76bd-ec4e-4b4b-a331-93d5d85434a5,New,,,,,2026-07-24T10:27:53+00:00,2026-07-24T10:27:53+00:00
greenhouse:razorpaysoftwareprivatelimited:4717369005,New,,,,,2026-07-24T06:38:15+00:00,2026-07-24T06:38:15+00:00
greenhouse:postman:7814498003,New,,,,,2026-07-24T03:40:38+00:00,2026-07-24T03:40:38+00:00
greenhouse:postman:7814508003,New,,,,,2026-07-24T03:40:38+00:00,2026-07-24T03:40:38+00:00
workday:nvidia:Principal-Product-Manager--AI-Frameworks_JR2021715,New,,,,,2026-07-23T23:12:33+00:00,2026-07-23T23:12:33+00:00
workday:nvidia:Senior-Hardware-Systems-Engineer---LPU-Platforms_JR2014698,New,,,,,2026-07-23T23:12:33+00:00,2026-07-23T23:12:33+00:00
workday:nvidia:Senior-Package-Layout-Engineer---Hardware_JR2014749,New,,,,,2026-07-23T23:12:33+00:00,2026-07-23T23:12:33+00:00
workday:nvidia:Global-Immigration-Speciaist_JR2021601,New,,,,,2026-07-23T23:12:33+00:00,2026-07-23T23:12:33+00:00
workday:nvidia:PR-Manager--Datacenter-Architecture_JR2021259,New,,,,,2026-07-23T23:12:33+00:00,2026-07-23T23:12:33+00:00
workday:nvidia:Senior-Manager--Business-Operations---Global-Events-and-Experiences_JR2021639,New,,,,,2026-07-23T23:12:33+00:00,2026-07-23T23:12:33+00:00
workday:nvidia:Global-Commodity-Manager---Interconnects-and-Cables_JR2021719,New,,,,,2026-07-23T23:12:33+00:00,2026-07-23T23:12:33+00:00
workday:nvidia:Senior-Silicon-Reliability-Engineer_JR2021616,New,,,,,2026-07-23T23:12:33+00:00,2026-07-23T23:12:33+00:00
workday:nvidia:Supply-Chain-Network-Analyst_JR2017742,New,,,,,2026-07-23T23:12:33+00:00,2026-07-23T23:12:33+00:00
workday:nvidia:System-Test-Engineer_JR2021175,New,,,,,2026-07-23T23:12:33+00:00,2026-07-23T23:12:33+00:00
workday:nvidia:Senior-Software-Engineer--AI-Agent-Compute_JR2021516-1,New,,,,,2026-07-23T23:12:33+00:00,2026-07-23T23:12:33+00:00
workday:nvidia:AI-and-ML-Infra-Software-Engineer--GPU-Clusters---New-College-Grad-2026_JR2021591,New,,,,,2026-07-23T23:12:33+00:00,2026-07-23T23:12:33+00:00
workday:nvidia:Human-Resources-Business-Partner_JR2016467,New,,,,,2026-07-23T23:12:33+00:00,2026-07-23T23:12:33+00:00
workday:nvidia:Senior-Power-Engineer_JR2018092,New,,,,,2026-07-23T23:12:33+00:00,2026-07-23T23:12:33+00:00
workday:nvidia:Software-Engineer--Neural-Graphics-Developer-Tools_JR2015681,New,,,,,2026-07-23T23:12:33+00:00,2026-07-23T23:12:33+00:00
workday:nvidia:Senior-Electro-Optical-Lab-Engineer_JR2021306,New,,,,,2026-07-23T23:12:33+00:00,2026-07-23T23:12:33+00:00
workday:nvidia:Senior-CPO-System-Hardware-Engineer_JR2020085,New,,,,,2026-07-23T23:12:33+00:00,2026-07-23T23:12:33+00:00
workday:nvidia:Senior-Software-Engineer--DGX-Cloud-Orchestration_JR2020967-1,New,,,,,2026-07-23T23:12:33+00:00,2026-07-23T23:12:33+00:00
workday:nvidia:Manager--ASIC-Chip---GPU_JR2021748,New,,,,,2026-07-23T23:12:33+00:00,2026-07-23T23:12:33+00:00
workday:nvidia:Senior-Software-Engineer---Server-Manageability_JR2015959,New,,,,,2026-07-23T23:12:33+00:00,2026-07-23T23:12:33+00:00
workday:nvidia:Senior-QA-Software-Engineer---Networking_JR2020567,New,,,,,2026-07-23T23:12:33+00:00,2026-07-23T23:12:33+00:00
workday:nvidia:Senior-Systems-Software-Engineer--Data-Center-Platform-Enablement_JR2019870,New,,,,,2026-07-23T23:12:33+00:00,2026-07-23T23:12:33+00:00
workday:nvidia:Senior-ASIC-Physical-Design-Engineer--Netlisting_JR2021166,New,,,,,2026-07-23T23:12:33+00:00,2026-07-23T23:12:33+00:00
workday:nvidia:Senior-I-O-Subsystem-Architect_JR2012554,New,,,,,2026-07-23T23:12:33+00:00,2026-07-23T23:12:33+00:00
workday:nvidia:System-and-Scheduling-Architect---GPU_JR2016105,New,,,,,2026-07-23T23:12:33+00:00,2026-07-23T23:12:33+00:00
workday:nvidia:Lead-Post-Silicon-Validation-Engineer_JR2017357,New,,,,,2026-07-23T23:12:33+00:00,2026-07-23T23:12:33+00:00
workday:nvidia:Hardware-Program-Manager---Custom-Silicon_JR2014569-1,New,,,,,2026-07-23T23:12:33+00:00,2026-07-23T23:12:33+00:00
workday:nvidia:Senior-Solutions-Architect--Ethernet-Networking---NVIS_JR2016460,New,,,,,2026-07-23T23:12:33+00:00,2026-07-23T23:12:33+00:00
workday:nvidia:Senior-Compiler-Engineer---PVA_JR2020159,New,,,,,2026-07-23T23:12:33+00:00,2026-07-23T23:12:33+00:00
workday:nvidia:Senior-Memory-Controller-Verification-Engineer_JR2021156,New,,,,,2026-07-23T23:12:33+00:00,2026-07-23T23:12:33+00:00
workday:nvidia:Developer-Technology-Engineer--AI---New-College-Grad-2026_JR2014130-1,New,,,,,2026-07-23T23:12:33+00:00,2026-07-23T23:12:33+00:00
workday:nvidia:Software-Engineer--Physical-Design-Infrastructure---New-College-Grad-2026_JR2021823,New,,,,,2026-07-23T23:12:33+00:00,2026-07-23T23:12:33+00:00
workday:nvidia:Developer-Tools-DevOps-Engineer_JR2013314,New,,,,,2026-07-23T23:12:33+00:00,2026-07-23T23:12:33+00:00
workday:nvidia:Mechanical-Engineer_JR2018381,New,,,,,2026-07-23T23:12:33+00:00,2026-07-23T23:12:33+00:00
workday:nvidia:Senior-Product-Engineer---Board-Products_JR2015843,New,,,,,2026-07-23T23:12:33+00:00,2026-07-23T23:12:33+00:00
workday:nvidia:Senior-Product-Engineer---Board-Products_JR2014212,New,,,,,2026-07-23T23:12:33+00:00,2026-07-23T23:12:33+00:00
workday:nvidia:Mechanical-Data-and-PLM-Specialist_JR2017975,New,,,,,2026-07-23T23:12:33+00:00,2026-07-23T23:12:33+00:00
workday:salesforce:Lead-Software-Engineer--Workday-Finance-Integrations_JR347374,New,,,,,2026-07-23T23:12:33+00:00,2026-07-23T23:12:33+00:00
workday:salesforce:Senior-Software-Engineer--Event-Technology_JR351110,New,,,,,2026-07-23T23:12:33+00:00,2026-07-23T23:12:33+00:00
workday:salesforce:Anti-Corruption-Manager_JR352072,New,,,,,2026-07-23T23:12:33+00:00,2026-07-23T23:12:33+00:00
workday:salesforce:Account-Executive---Data-Foundation--MuleSoft---Informatica---Higher-Education_JR351949,New,,,,,2026-07-23T23:12:33+00:00,2026-07-23T23:12:33+00:00
workday:salesforce:Business-Process---Tools_JR353188,New,,,,,2026-07-23T23:12:33+00:00,2026-07-23T23:12:33+00:00
workday:salesforce:Senior-Technical-Architect_JR349406,New,,,,,2026-07-23T23:12:33+00:00,2026-07-23T23:12:33+00:00
workday:salesforce:Software-Engineering-MTS_JR352343,New,,,,,2026-07-23T23:12:33+00:00,2026-07-23T23:12:33+00:00
workday:salesforce:Account-Executive---Public-Sector_JR352484,New,,,,,2026-07-23T23:12:33+00:00,2026-07-23T23:12:33+00:00
workday:salesforce:Salesforce-Technical-Architect--Education-Cloud-_JR352789,New,,,,,2026-07-23T23:12:33+00:00,2026-07-23T23:12:33+00:00
workday:salesforce:Technical-Architect_JR353244,New,,,,,2026-07-23T23:12:33+00:00,2026-07-23T23:12:33+00:00
workday:salesforce:Senior-Financial-Analyst--AI---Process-Transformation-_JR339990,New,,,,,2026-07-23T23:12:33+00:00,2026-07-23T23:12:33+00:00
workday:salesforce:AI-Forward-Deployed-Engineer--Senior-Lead-Principal-_JR346878-1,New,,,,,2026-07-23T23:12:33+00:00,2026-07-23T23:12:33+00:00
internshala:artificial-intelligence-ai-internship:3219297,New,,,,,2026-07-23T19:44:27+00:00,2026-07-23T19:44:27+00:00
internshala:artificial-intelligence-ai-internship:3220021,New,,,,,2026-07-23T19:44:27+00:00,2026-07-23T19:44:27+00:00
internshala:artificial-intelligence-ai-internship:3219240,New,,,,,2026-07-23T19:44:27+00:00,2026-07-23T19:44:27+00:00
internshala:artificial-intelligence-ai-internship:3220028,New,,,,,2026-07-23T19:44:27+00:00,2026-07-23T19:44:27+00:00
internshala:artificial-intelligence-ai-internship:3219770,New,,,,,2026-07-23T19:44:27+00:00,2026-07-23T19:44:27+00:00
internshala:artificial-intelligence-ai-internship:3219238,New,,,,,2026-07-23T19:44:27+00:00,2026-07-23T19:44:27+00:00
internshala:artificial-intelligence-ai-internship:3219180,New,,,,,2026-07-23T19:44:27+00:00,2026-07-23T19:44:27+00:00
internshala:artificial-intelligence-ai-internship:3219177,New,,,,,2026-07-23T19:44:27+00:00,2026-07-23T19:44:27+00:00
internshala:artificial-intelligence-ai-internship:3219278,New,,,,,2026-07-23T19:44:27+00:00,2026-07-23T19:44:27+00:00
internshala:artificial-intelligence-ai-internship:3220075,New,,,,,2026-07-23T19:44:27+00:00,2026-07-23T19:44:27+00:00
internshala:artificial-intelligence-ai-internship:3220066,New,,,,,2026-07-23T19:44:27+00:00,2026-07-23T19:44:27+00:00
internshala:artificial-intelligence-ai-internship:3207485,New,,,,,2026-07-23T19:44:27+00:00,2026-07-23T19:44:27+00:00
internshala:artificial-intelligence-ai-internship:3220033,New,,,,,2026-07-23T19:44:27+00:00,2026-07-23T19:44:27+00:00
internshala:artificial-intelligence-ai-internship:3219777,New,,,,,2026-07-23T19:44:27+00:00,2026-07-23T19:44:27+00:00
internshala:artificial-intelligence-ai-internship:3219772,New,,,,,2026-07-23T19:44:27+00:00,2026-07-23T19:44:27+00:00
internshala:artificial-intelligence-ai-internship:3219764,New,,,,,2026-07-23T19:44:27+00:00,2026-07-23T19:44:27+00:00
internshala:artificial-intelligence-ai-internship:3219170,New,,,,,2026-07-23T19:44:27+00:00,2026-07-23T19:44:27+00:00
internshala:artificial-intelligence-ai-internship:3219163,New,,,,,2026-07-23T19:44:27+00:00,2026-07-23T19:44:27+00:00
internshala:artificial-intelligence-ai-internship:3219149,New,,,,,2026-07-23T19:44:27+00:00,2026-07-23T19:44:27+00:00
internshala:artificial-intelligence-ai-internship:3218898,New,,,,,2026-07-23T19:44:27+00:00,2026-07-23T19:44:27+00:00
internshala:data-science-internship:3220028,New,,,,,2026-07-23T19:44:27+00:00,2026-07-23T19:44:27+00:00
internshala:data-science-internship:3220021,New,,,,,2026-07-23T19:44:27+00:00,2026-07-23T19:44:27+00:00
internshala:data-science-internship:3219959,New,,,,,2026-07-23T19:44:27+00:00,2026-07-23T19:44:27+00:00
internshala:data-science-internship:3219854,New,,,,,2026-07-23T19:44:27+00:00,2026-07-23T19:44:27+00:00
internshala:data-science-internship:3219297,New,,,,,2026-07-23T19:44:27+00:00,2026-07-23T19:44:27+00:00
internshala:data-science-internship:3219240,New,,,,,2026-07-23T19:44:27+00:00,2026-07-23T19:44:27+00:00
internshala:data-science-internship:3219770,New,,,,,2026-07-23T19:44:27+00:00,2026-07-23T19:44:27+00:00
internshala:data-science-internship:3219238,New,,,,,2026-07-23T19:44:27+00:00,2026-07-23T19:44:27+00:00
internshala:data-science-internship:3219180,New,,,,,2026-07-23T19:44:27+00:00,2026-07-23T19:44:27+00:00
internshala:data-science-internship:3219177,New,,,,,2026-07-23T19:44:27+00:00,2026-07-23T19:44:27+00:00
internshala:data-science-internship:3219278,New,,,,,2026-07-23T19:44:27+00:00,2026-07-23T19:44:27+00:00
internshala:data-science-internship:3219799,New,,,,,2026-07-23T19:44:27+00:00,2026-07-23T19:44:27+00:00
internshala:data-science-internship:3219760,New,,,,,2026-07-23T19:44:27+00:00,2026-07-23T19:44:27+00:00
internshala:data-science-internship:3220075,New,,,,,2026-07-23T19:44:27+00:00,2026-07-23T19:44:27+00:00
internshala:data-science-internship:3220068,New,,,,,2026-07-23T19:44:27+00:00,2026-07-23T19:44:27+00:00
internshala:data-science-internship:3220066,New,,,,,2026-07-23T19:44:27+00:00,2026-07-23T19:44:27+00:00
internshala:data-science-internship:3220033,New,,,,,2026-07-23T19:44:27+00:00,2026-07-23T19:44:27+00:00
internshala:data-science-internship:3220019,New,,,,,2026-07-23T19:44:27+00:00,2026-07-23T19:44:27+00:00
internshala:data-science-internship:3219947,New,,,,,2026-07-23T19:44:27+00:00,2026-07-23T19:44:27+00:00
internshala:data-science-internship:3219299,New,,,,,2026-07-23T19:44:27+00:00,2026-07-23T19:44:27+00:00
internshala:data-science-internship:3219777,New,,,,,2026-07-23T19:44:27+00:00,2026-07-23T19:44:27+00:00
internshala:data-science-internship:3219772,New,,,,,2026-07-23T19:44:27+00:00,2026-07-23T19:44:27+00:00
internshala:data-science-internship:3219764,New,,,,,2026-07-23T19:44:27+00:00,2026-07-23T19:44:27+00:00
internshala:data-science-internship:3219170,New,,,,,2026-07-23T19:44:27+00:00,2026-07-23T19:44:27+00:00
internshala:data-science-internship:3219163,New,,,,,2026-07-23T19:44:27+00:00,2026-07-23T19:44:27+00:00
internshala:data-science-internship:3219160,New,,,,,2026-07-23T19:44:27+00:00,2026-07-23T19:44:27+00:00
internshala:data-science-internship:3219149,New,,,,,2026-07-23T19:44:27+00:00,2026-07-23T19:44:27+00:00
internshala:data-science-internship:3219049,New,,,,,2026-07-23T19:44:27+00:00,2026-07-23T19:44:27+00:00
internshala:data-science-internship:3218354,New,,,,,2026-07-23T19:44:27+00:00,2026-07-23T19:44:27+00:00
internshala:machine-learning-internship:3220028,New,,,,,2026-07-23T19:44:26+00:00,2026-07-23T19:44:26+00:00
internshala:machine-learning-internship:3220021,New,,,,,2026-07-23T19:44:26+00:00,2026-07-23T19:44:26+00:00
internshala:machine-learning-internship:3220017,New,,,,,2026-07-23T19:44:26+00:00,2026-07-23T19:44:26+00:00
internshala:machine-learning-internship:3219938,New,,,,,2026-07-23T19:44:26+00:00,2026-07-23T19:44:26+00:00
internshala:machine-learning-internship:3220066,New,,,,,2026-07-23T19:44:26+00:00,2026-07-23T19:44:26+00:00
internshala:machine-learning-internship:3207485,New,,,,,2026-07-23T19:44:26+00:00,2026-07-23T19:44:26+00:00
internshala:machine-learning-internship:3220033,New,,,,,2026-07-23T19:44:26+00:00,2026-07-23T19:44:26+00:00
internshala:machine-learning-internship:3219777,New,,,,,2026-07-23T19:44:26+00:00,2026-07-23T19:44:26+00:00
internshala:machine-learning-internship:3219163,New,,,,,2026-07-23T19:44:26+00:00,2026-07-23T19:44:26+00:00
internshala:machine-learning-internship:3219156,New,,,,,2026-07-23T19:44:26+00:00,2026-07-23T19:44:26+00:00
internshala:machine-learning-internship:3219149,New,,,,,2026-07-23T19:44:26+00:00,2026-07-23T19:44:26+00:00
internshala:machine-learning-internship:3218898,New,,,,,2026-07-23T19:44:26+00:00,2026-07-23T19:44:26+00:00
workday:nvidia:Physical-Design-Backend-Engineer_JR2015705,New,,,,,2026-07-23T10:36:50+00:00,2026-07-23T10:36:50+00:00
workday:nvidia:Senior-NPI-Materials-Planner_JR2017310,New,,,,,2026-07-23T10:36:50+00:00,2026-07-23T10:36:50+00:00
workday:nvidia:NCX-Senior-Engineer_JR2021935-1,New,,,,,2026-07-23T10:36:50+00:00,2026-07-23T10:36:50+00:00
workday:nvidia:Senior-DGX-Cloud-Automation-Engineer_JR2021647,New,,,,,2026-07-23T10:36:50+00:00,2026-07-23T10:36:50+00:00
workday:nvidia:Senior-Software-Engineer---Applied-Research-in-Robotics_JR2021411,New,,,,,2026-07-23T10:36:50+00:00,2026-07-23T10:36:50+00:00
workday:nvidia:Senior-Omniverse-Engineer--Physical-Simulation--Digital-Twins-and-Robotics_JR2021289,New,,,,,2026-07-23T10:36:50+00:00,2026-07-23T10:36:50+00:00
workday:nvidia:Sales-Operation-Specialist_JR2021781-1,New,,,,,2026-07-23T10:36:50+00:00,2026-07-23T10:36:50+00:00
workday:nvidia:Senior-Software-Engineer--Humanoid-Robotics_JR2021777,New,,,,,2026-07-23T10:36:50+00:00,2026-07-23T10:36:50+00:00
workday:nvidia:Solution-Architect-Manager---Intern-Program_JR2021277,New,,,,,2026-07-23T10:36:50+00:00,2026-07-23T10:36:50+00:00
workday:nvidia:Infrastructure-Software-Engineer--Deep-Learning-Libraries_JR2020990,New,,,,,2026-07-23T10:36:50+00:00,2026-07-23T10:36:50+00:00
workday:nvidia:Senior-Technical-Program-Manager--Deep-Learning-Frameworks_JR2021332,New,,,,,2026-07-23T10:36:50+00:00,2026-07-23T10:36:50+00:00
workday:nvidia:Applied-Research-Engineer--Chip-Design_JR2021814,New,,,,,2026-07-23T10:36:50+00:00,2026-07-23T10:36:50+00:00
workday:nvidia:Senior-Verification-Engineer_JR2021700-1,New,,,,,2026-07-23T10:36:50+00:00,2026-07-23T10:36:50+00:00
workday:nvidia:Customer-Program-Manager---Generative-AI_JR2017408,New,,,,,2026-07-23T10:36:50+00:00,2026-07-23T10:36:50+00:00
workday:nvidia:Senior-Firmware-Engineer_JR2001870,New,,,,,2026-07-23T10:36:50+00:00,2026-07-23T10:36:50+00:00
workday:nvidia:Senior-Developer-Relations-Manager--Telecom_JR2003377,New,,,,,2026-07-23T10:36:50+00:00,2026-07-23T10:36:50+00:00
workday:nvidia:Release-Manager-Firmware_JR2021068,New,,,,,2026-07-23T10:36:50+00:00,2026-07-23T10:36:50+00:00
workday:nvidia:Software-Networking-Engineer_JR2020449,New,,,,,2026-07-23T10:36:50+00:00,2026-07-23T10:36:50+00:00
workday:nvidia:Senior-Director--PCB-and-PCBA-Group-Leader_JR2008482,New,,,,,2026-07-23T10:36:50+00:00,2026-07-23T10:36:50+00:00
workday:nvidia:Product-Development-Engineer_JR2014693,New,,,,,2026-07-23T10:36:50+00:00,2026-07-23T10:36:50+00:00
workday:nvidia:Developer-Relations-Manager--Telecom_JR2003375,New,,,,,2026-07-23T10:36:50+00:00,2026-07-23T10:36:50+00:00
workday:nvidia:Director--Metropolis-Accelerated-and-Inferencing-Software_JR2011299,New,,,,,2026-07-23T10:36:50+00:00,2026-07-23T10:36:50+00:00
workday:nvidia:Senior-Manager--Abstraction-Layer-Engineering---Autonomous-Platform_JR2002272,New,,,,,2026-07-23T10:36:50+00:00,2026-07-23T10:36:50+00:00
workday:nvidia:Software-Engineer--Production-Engineering_JR2020074-1,New,,,,,2026-07-23T10:36:50+00:00,2026-07-23T10:36:50+00:00
workday:nvidia:Senior-Deep-Learning-Algorithm-Engineer_JR2010095,New,,,,,2026-07-23T10:36:50+00:00,2026-07-23T10:36:50+00:00
workday:nvidia:ECAD-PCB-Tools-Developer_JR2021476,New,,,,,2026-07-23T10:36:50+00:00,2026-07-23T10:36:50+00:00
workday:nvidia:Senior-MGX-Ecosystem-Engineer_JR2021582,New,,,,,2026-07-23T10:36:50+00:00,2026-07-23T10:36:50+00:00
workday:nvidia:System-Level-Test-Engineer_JR2018821,New,,,,,2026-07-23T10:36:50+00:00,2026-07-23T10:36:50+00:00
workday:nvidia:Deep-Learning-Software-Engineer--Inference---New-College-Grad-2026_JR2021742,New,,,,,2026-07-23T10:36:50+00:00,2026-07-23T10:36:50+00:00
workday:nvidia:Senior-Solutions-Architect--Infiniband-and-Networking-Ethernet---NVIS_JR2010544,New,,,,,2026-07-23T10:36:50+00:00,2026-07-23T10:36:50+00:00
workday:nvidia:Senior-Compute-Kernel-Architect--GPU-Power_JR2015788,New,,,,,2026-07-23T10:36:50+00:00,2026-07-23T10:36:50+00:00
workday:nvidia:Senior-Staff-Software-Engineer---AI-Agent-Platform_JR2016997,New,,,,,2026-07-23T10:36:50+00:00,2026-07-23T10:36:50+00:00
workday:nvidia:Senior-Developer-Technology-Engineer---Edge-Agentic-AI_JR2021914,New,,,,,2026-07-23T10:36:50+00:00,2026-07-23T10:36:50+00:00
workday:nvidia:Senior-System-Software-Engineer----Halos-Core-and-Robotics-Platform_JR2021313,New,,,,,2026-07-23T10:36:50+00:00,2026-07-23T10:36:50+00:00
workday:nvidia:Senior-System-Software-Engineer----Halos_JR2021297,New,,,,,2026-07-23T10:36:50+00:00,2026-07-23T10:36:50+00:00
workday:nvidia:Senior-Networking-Electrical-Validation-Engineer_JR2008783,New,,,,,2026-07-23T10:36:50+00:00,2026-07-23T10:36:50+00:00
workday:nvidia:Network-Solutions-Architect---NVIDIA-AI-Cloud-Partners_JR2021610-1,New,,,,,2026-07-23T10:36:50+00:00,2026-07-23T10:36:50+00:00
workday:nvidia:Senior-Electrical-Product-Engineer---Datacenter_JR2006674,New,,,,,2026-07-23T10:36:50+00:00,2026-07-23T10:36:50+00:00
workday:nvidia:Senior-Technical-Program-Manager--Cloud-Infrastructure_JR2019595,New,,,,,2026-07-23T10:36:50+00:00,2026-07-23T10:36:50+00:00
workday:salesforce:Practice---Domain-Overlay-Senior-Manager_JR344175,New,,,,,2026-07-23T10:36:50+00:00,2026-07-23T10:36:50+00:00
workday:salesforce:Employee-Relations-Manager_JR353248,New,,,,,2026-07-23T10:36:50+00:00,2026-07-23T10:36:50+00:00
workday:salesforce:Lead-User-Experience-Designer_JR334796,New,,,,,2026-07-23T10:36:50+00:00,2026-07-23T10:36:50+00:00
workday:salesforce:Customer-Success-Manager_JR352327,New,,,,,2026-07-23T10:36:50+00:00,2026-07-23T10:36:50+00:00
workday:salesforce:Senior-Success-Architect_JR320532-1,New,,,,,2026-07-23T10:36:50+00:00,2026-07-23T10:36:50+00:00
greenhouse:razorpaysoftwareprivatelimited:4717790005,New,,,,,2026-07-23T10:34:35+00:00,2026-07-23T10:34:35+00:00
greenhouse:razorpaysoftwareprivatelimited:4704952005,New,,,,,2026-07-23T06:39:01+00:00,2026-07-23T06:39:01+00:00
greenhouse:razorpaysoftwareprivatelimited:4713401005,New,,,,,2026-07-23T06:39:01+00:00,2026-07-23T06:39:01+00:00
workday:nvidia:Senior-Deep-Learning-Performance-Architect_JR2012736,New,,,,,2026-07-22T19:43:55+00:00,2026-07-22T19:43:55+00:00
workday:nvidia:Senior-Manager--Business-Operations_JR2012082,New,,,,,2026-07-22T19:43:55+00:00,2026-07-22T19:43:55+00:00
workday:nvidia:Field-Application-Engineer_JR2010881,New,,,,,2026-07-22T19:43:55+00:00,2026-07-22T19:43:55+00:00
workday:nvidia:Senior-SoC-Subsystem-and-I-O-Architect---LPU_JR2020327,New,,,,,2026-07-22T19:43:55+00:00,2026-07-22T19:43:55+00:00
workday:nvidia:Senior-ASIC-Verification-Engineer--Coherent-High-Speed-Interconnect_JR2017175-1,New,,,,,2026-07-22T19:43:55+00:00,2026-07-22T19:43:55+00:00
workday:nvidia:Senior-Formal-Verification-Engineer_JR2015149,New,,,,,2026-07-22T19:43:55+00:00,2026-07-22T19:43:55+00:00
workday:nvidia:Hardware-Engineering-Lab-Manager---LPU_JR2019555,New,,,,,2026-07-22T19:43:55+00:00,2026-07-22T19:43:55+00:00
workday:nvidia:Senior-System-Software-Engineer---Autonomous-Vehicles_JR2012685,New,,,,,2026-07-22T19:43:55+00:00,2026-07-22T19:43:55+00:00
workday:nvidia:System-Test-Engineer_JR2018095,New,,,,,2026-07-22T19:43:55+00:00,2026-07-22T19:43:55+00:00
workday:nvidia:Software-Engineer--GPU-Performance-Tools_JR2017424,New,,,,,2026-07-22T19:43:55+00:00,2026-07-22T19:43:55+00:00
workday:nvidia:Software-Engineer--GPU-Design-Automation_JR2017504,New,,,,,2026-07-22T19:43:55+00:00,2026-07-22T19:43:55+00:00
workday:nvidia:Systems-Quality-and-Reliability-Engineer---LPU_JR2018660,New,,,,,2026-07-22T19:43:55+00:00,2026-07-22T19:43:55+00:00
workday:nvidia:Senior-ASIC-Design-Engineer---GPU_JR2011295,New,,,,,2026-07-22T19:43:55+00:00,2026-07-22T19:43:55+00:00
workday:nvidia:Senior-Design-Engineer--Coherent-High-Speed-Interconnect_JR2015857,New,,,,,2026-07-22T19:43:55+00:00,2026-07-22T19:43:55+00:00
workday:nvidia:Senior-Solutions-Architect--Agentic-AI_JR2021625,New,,,,,2026-07-22T19:43:55+00:00,2026-07-22T19:43:55+00:00
workday:nvidia:Compensation-Analyst_JR2021092-1,New,,,,,2026-07-22T19:43:55+00:00,2026-07-22T19:43:55+00:00
workday:nvidia:ASIC-Design-Engineer--Hardware-Tools-and-Methodology-Development_JR2008177,New,,,,,2026-07-22T19:43:55+00:00,2026-07-22T19:43:55+00:00
workday:nvidia:ASIC-Verification-Engineer_JR2015873,New,,,,,2026-07-22T19:43:55+00:00,2026-07-22T19:43:55+00:00
workday:nvidia:Senior-ASIC-Verification-Engineer---Global-IP_JR2006265-1,New,,,,,2026-07-22T19:43:55+00:00,2026-07-22T19:43:55+00:00
workday:nvidia:Senior-Memory-Subsystem-Firmware-Engineer_JR2020258,New,,,,,2026-07-22T19:43:55+00:00,2026-07-22T19:43:55+00:00
workday:nvidia:Senior-Memory-Subsystem-Firmware-Engineer_JR2020259,New,,,,,2026-07-22T19:43:55+00:00,2026-07-22T19:43:55+00:00
workday:nvidia:ASIC-Design-Engineer---Hardware_JR2019840,New,,,,,2026-07-22T19:43:55+00:00,2026-07-22T19:43:55+00:00
workday:nvidia:Software-QA-Engineer--Linux-Drivers_JR2021703,New,,,,,2026-07-22T19:43:55+00:00,2026-07-22T19:43:55+00:00
workday:nvidia:Senior-HPC-Cluster-Administrator---Deep-Learning-Frameworks-Infrastructure_JR2015529,New,,,,,2026-07-22T19:43:55+00:00,2026-07-22T19:43:55+00:00
workday:nvidia:Senior-Solution-Architect---Telco-Network-Automation_JR2016901,New,,,,,2026-07-22T19:43:55+00:00,2026-07-22T19:43:55+00:00
workday:nvidia:Chip-Modeling-Architect_JR2020707,New,,,,,2026-07-22T19:43:55+00:00,2026-07-22T19:43:55+00:00
workday:nvidia:Senior-Solutions-Architect--AI-Cloud-Services_JR2018018,New,,,,,2026-07-22T19:43:55+00:00,2026-07-22T19:43:55+00:00
workday:nvidia:Senior-Software-Engineer--Profiling-Services_JR2014709,New,,,,,2026-07-22T19:43:55+00:00,2026-07-22T19:43:55+00:00
workday:nvidia:Senior-Software-Architect---Deep-Learning-and-HPC-Communications_JR2001099-1,New,,,,,2026-07-22T19:43:55+00:00,2026-07-22T19:43:55+00:00
workday:nvidia:Distinguished-Software-Architect---Deep-Learning-and-HPC-Communications_JR1980127,New,,,,,2026-07-22T19:43:55+00:00,2026-07-22T19:43:55+00:00
workday:nvidia:Firmware-Design-Engineer_JR2001631,New,,,,,2026-07-22T19:43:55+00:00,2026-07-22T19:43:55+00:00
workday:nvidia:Senior-Program-Manager_JR2020294,New,,,,,2026-07-22T19:43:55+00:00,2026-07-22T19:43:55+00:00
workday:nvidia:Senior-Applied-AI-Engineer_JR2019905,New,,,,,2026-07-22T19:43:55+00:00,2026-07-22T19:43:55+00:00
workday:nvidia:Senior-Mixed-Signal-and-Analog-Circuit-Designer_JR2021649,New,,,,,2026-07-22T19:43:55+00:00,2026-07-22T19:43:55+00:00
workday:nvidia:Senior-Mask-Design-Engineer---Hardware_JR2021558,New,,,,,2026-07-22T19:43:55+00:00,2026-07-22T19:43:55+00:00
workday:nvidia:Senior-System-Software-Engineer_JR2021723,New,,,,,2026-07-22T19:43:55+00:00,2026-07-22T19:43:55+00:00
workday:salesforce:Digital-Success---Operations-Senior-Lead---Events-Technology-Platform_JR347898,New,,,,,2026-07-22T19:43:55+00:00,2026-07-22T19:43:55+00:00
workday:salesforce:Software-Engineering-MTS_JR351520-1,New,,,,,2026-07-22T19:43:55+00:00,2026-07-22T19:43:55+00:00
workday:salesforce:Product-Manager_JR352794,New,,,,,2026-07-22T19:43:55+00:00,2026-07-22T19:43:55+00:00
workday:salesforce:CSG-Product-Manager_JR337156,New,,,,,2026-07-22T19:43:55+00:00,2026-07-22T19:43:55+00:00
workday:salesforce:Salesforce-Senior-Technical-Architect_JR353024,New,,,,,2026-07-22T19:43:55+00:00,2026-07-22T19:43:55+00:00
workday:salesforce:Senior-Technical-Consultant_JR347355,New,,,,,2026-07-22T19:43:55+00:00,2026-07-22T19:43:55+00:00
workday:salesforce:Director--AI-Learning-and-Enablement_JR347566,New,,,,,2026-07-22T19:43:55+00:00,2026-07-22T19:43:55+00:00
workday:salesforce:Enterprise-Corporate-Sales---Account-Executive_JR352831,New,,,,,2026-07-22T19:43:55+00:00,2026-07-22T19:43:55+00:00
workday:salesforce:Success-Architect---SFMC--SFMC-experience-mandatory-_JR353031,New,,,,,2026-07-22T19:43:55+00:00,2026-07-22T19:43:55+00:00
internshala:machine-learning-internship:3218802,New,,,,,2026-07-22T19:41:36+00:00,2026-07-22T19:41:36+00:00
internshala:machine-learning-internship:2834507,New,,,,,2026-07-22T19:41:36+00:00,2026-07-22T19:41:36+00:00
internshala:machine-learning-internship:3218817,New,,,,,2026-07-22T19:41:36+00:00,2026-07-22T19:41:36+00:00
internshala:machine-learning-internship:3218220,New,,,,,2026-07-22T19:41:36+00:00,2026-07-22T19:41:36+00:00
internshala:machine-learning-internship:3217774,New,,,,,2026-07-22T19:41:36+00:00,2026-07-22T19:41:36+00:00
internshala:machine-learning-internship:3218557,New,,,,,2026-07-22T19:41:36+00:00,2026-07-22T19:41:36+00:00
internshala:machine-learning-internship:3218818,New,,,,,2026-07-22T19:41:36+00:00,2026-07-22T19:41:36+00:00
internshala:machine-learning-internship:3218671,New,,,,,2026-07-22T19:41:36+00:00,2026-07-22T19:41:36+00:00
internshala:machine-learning-internship:3217994,New,,,,,2026-07-22T19:41:36+00:00,2026-07-22T19:41:36+00:00
internshala:machine-learning-internship:3218741,New,,,,,2026-07-22T19:41:36+00:00,2026-07-22T19:41:36+00:00
internshala:machine-learning-internship:3218837,New,,,,,2026-07-22T19:41:36+00:00,2026-07-22T19:41:36+00:00
internshala:machine-learning-internship:3218667,New,,,,,2026-07-22T19:41:36+00:00,2026-07-22T19:41:36+00:00
internshala:machine-learning-internship:3218653,New,,,,,2026-07-22T19:41:36+00:00,2026-07-22T19:41:36+00:00
internshala:machine-learning-internship:3218278,New,,,,,2026-07-22T19:41:36+00:00,2026-07-22T19:41:36+00:00
internshala:machine-learning-internship:3218273,New,,,,,2026-07-22T19:41:36+00:00,2026-07-22T19:41:36+00:00
internshala:machine-learning-internship:3218264,New,,,,,2026-07-22T19:41:36+00:00,2026-07-22T19:41:36+00:00
internshala:machine-learning-internship:3218154,New,,,,,2026-07-22T19:41:36+00:00,2026-07-22T19:41:36+00:00
internshala:artificial-intelligence-ai-internship:3218802,New,,,,,2026-07-22T19:41:36+00:00,2026-07-22T19:41:36+00:00
internshala:artificial-intelligence-ai-internship:3218123,New,,,,,2026-07-22T19:41:36+00:00,2026-07-22T19:41:36+00:00
internshala:artificial-intelligence-ai-internship:3218144,New,,,,,2026-07-22T19:41:36+00:00,2026-07-22T19:41:36+00:00
internshala:artificial-intelligence-ai-internship:3218786,New,,,,,2026-07-22T19:41:36+00:00,2026-07-22T19:41:36+00:00
internshala:artificial-intelligence-ai-internship:3218784,New,,,,,2026-07-22T19:41:36+00:00,2026-07-22T19:41:36+00:00
internshala:artificial-intelligence-ai-internship:3218220,New,,,,,2026-07-22T19:41:36+00:00,2026-07-22T19:41:36+00:00
internshala:artificial-intelligence-ai-internship:3218817,New,,,,,2026-07-22T19:41:36+00:00,2026-07-22T19:41:36+00:00
internshala:artificial-intelligence-ai-internship:3218557,New,,,,,2026-07-22T19:41:36+00:00,2026-07-22T19:41:36+00:00
internshala:artificial-intelligence-ai-internship:3217994,New,,,,,2026-07-22T19:41:36+00:00,2026-07-22T19:41:36+00:00
internshala:artificial-intelligence-ai-internship:3217774,New,,,,,2026-07-22T19:41:36+00:00,2026-07-22T19:41:36+00:00
internshala:artificial-intelligence-ai-internship:3218741,New,,,,,2026-07-22T19:41:36+00:00,2026-07-22T19:41:36+00:00
internshala:artificial-intelligence-ai-internship:3218837,New,,,,,2026-07-22T19:41:36+00:00,2026-07-22T19:41:36+00:00
internshala:artificial-intelligence-ai-internship:3218643,New,,,,,2026-07-22T19:41:36+00:00,2026-07-22T19:41:36+00:00
internshala:artificial-intelligence-ai-internship:3218667,New,,,,,2026-07-22T19:41:36+00:00,2026-07-22T19:41:36+00:00
internshala:artificial-intelligence-ai-internship:3218278,New,,,,,2026-07-22T19:41:36+00:00,2026-07-22T19:41:36+00:00
internshala:artificial-intelligence-ai-internship:3218264,New,,,,,2026-07-22T19:41:36+00:00,2026-07-22T19:41:36+00:00
internshala:artificial-intelligence-ai-internship:3218231,New,,,,,2026-07-22T19:41:36+00:00,2026-07-22T19:41:36+00:00
internshala:artificial-intelligence-ai-internship:3218154,New,,,,,2026-07-22T19:41:36+00:00,2026-07-22T19:41:36+00:00
internshala:data-science-internship:3218802,New,,,,,2026-07-22T19:41:36+00:00,2026-07-22T19:41:36+00:00
internshala:data-science-internship:3218817,New,,,,,2026-07-22T19:41:36+00:00,2026-07-22T19:41:36+00:00
internshala:data-science-internship:3218786,New,,,,,2026-07-22T19:41:36+00:00,2026-07-22T19:41:36+00:00
internshala:data-science-internship:3218220,New,,,,,2026-07-22T19:41:36+00:00,2026-07-22T19:41:36+00:00
internshala:data-science-internship:3218784,New,,,,,2026-07-22T19:41:36+00:00,2026-07-22T19:41:36+00:00
internshala:data-science-internship:3218398,New,,,,,2026-07-22T19:41:36+00:00,2026-07-22T19:41:36+00:00
internshala:data-science-internship:3218123,New,,,,,2026-07-22T19:41:36+00:00,2026-07-22T19:41:36+00:00
internshala:data-science-internship:3218855,New,,,,,2026-07-22T19:41:36+00:00,2026-07-22T19:41:36+00:00
internshala:data-science-internship:3218411,New,,,,,2026-07-22T19:41:36+00:00,2026-07-22T19:41:36+00:00
internshala:data-science-internship:2834507,New,,,,,2026-07-22T19:41:36+00:00,2026-07-22T19:41:36+00:00
internshala:data-science-internship:3218144,New,,,,,2026-07-22T19:41:36+00:00,2026-07-22T19:41:36+00:00
internshala:data-science-internship:3218557,New,,,,,2026-07-22T19:41:36+00:00,2026-07-22T19:41:36+00:00
internshala:data-science-internship:3218671,New,,,,,2026-07-22T19:41:36+00:00,2026-07-22T19:41:36+00:00
internshala:data-science-internship:3218330,New,,,,,2026-07-22T19:41:36+00:00,2026-07-22T19:41:36+00:00
internshala:data-science-internship:3217994,New,,,,,2026-07-22T19:41:36+00:00,2026-07-22T19:41:36+00:00
internshala:data-science-internship:3217774,New,,,,,2026-07-22T19:41:36+00:00,2026-07-22T19:41:36+00:00
internshala:data-science-internship:3218946,New,,,,,2026-07-22T19:41:36+00:00,2026-07-22T19:41:36+00:00
internshala:data-science-internship:3218741,New,,,,,2026-07-22T19:41:36+00:00,2026-07-22T19:41:36+00:00
internshala:data-science-internship:3218837,New,,,,,2026-07-22T19:41:36+00:00,2026-07-22T19:41:36+00:00
internshala:data-science-internship:3218799,New,,,,,2026-07-22T19:41:36+00:00,2026-07-22T19:41:36+00:00
internshala:data-science-internship:3218413,New,,,,,2026-07-22T19:41:36+00:00,2026-07-22T19:41:36+00:00
internshala:data-science-internship:3218736,New,,,,,2026-07-22T19:41:36+00:00,2026-07-22T19:41:36+00:00
internshala:data-science-internship:3218643,New,,,,,2026-07-22T19:41:36+00:00,2026-07-22T19:41:36+00:00
internshala:data-science-internship:3218667,New,,,,,2026-07-22T19:41:36+00:00,2026-07-22T19:41:36+00:00
internshala:data-science-internship:3218653,New,,,,,2026-07-22T19:41:36+00:00,2026-07-22T19:41:36+00:00
internshala:data-science-internship:3218279,New,,,,,2026-07-22T19:41:36+00:00,2026-07-22T19:41:36+00:00
internshala:data-science-internship:3218278,New,,,,,2026-07-22T19:41:36+00:00,2026-07-22T19:41:36+00:00
internshala:data-science-internship:3218264,New,,,,,2026-07-22T19:41:36+00:00,2026-07-22T19:41:36+00:00
internshala:data-science-internship:3218259,New,,,,,2026-07-22T19:41:36+00:00,2026-07-22T19:41:36+00:00
internshala:data-science-internship:3218231,New,,,,,2026-07-22T19:41:36+00:00,2026-07-22T19:41:36+00:00
internshala:data-science-internship:3218154,New,,,,,2026-07-22T19:41:36+00:00,2026-07-22T19:41:36+00:00
internshala:data-science-internship:3217963,New,,,,,2026-07-22T19:41:36+00:00,2026-07-22T19:41:36+00:00
greenhouse:razorpaysoftwareprivatelimited:4717436005,New,,,,,2026-07-22T14:20:20+00:00,2026-07-22T14:20:20+00:00
lever:zeta:803792f5-0e9c-45bc-82ce-c0a552ce0cf8,New,,,,,2026-07-22T14:20:19+00:00,2026-07-22T14:20:19+00:00
greenhouse:razorpaysoftwareprivatelimited:4715768005,New,,,,,2026-07-22T10:34:09+00:00,2026-07-22T10:34:09+00:00
greenhouse:razorpaysoftwareprivatelimited:4715755005,New,,,,,2026-07-22T10:34:09+00:00,2026-07-22T10:34:09+00:00
lever:zeta:e21ca17d-7bf2-4781-94bb-bcfc8943aae0,New,,,,,2026-07-22T10:34:07+00:00,2026-07-22T10:34:07+00:00
lever:zeta:45ff5e5b-cf5d-4a95-8f4d-866fbae542c2,New,,,,,2026-07-22T10:34:07+00:00,2026-07-22T10:34:07+00:00
workday:nvidia:System-Software-Engineer---GPU-Profiling_JR2020625,New,,,,,2026-07-22T06:43:37+00:00,2026-07-22T06:43:37+00:00
workday:nvidia:Senior-Chip-Design-Verification-Engineer_JR2012348,New,,,,,2026-07-22T06:43:37+00:00,2026-07-22T06:43:37+00:00
workday:nvidia:Senior-Chip-Design-Engineer_JR2012350,New,,,,,2026-07-22T06:43:37+00:00,2026-07-22T06:43:37+00:00
workday:nvidia:Senior-DFT-Engineer_JR1995824,New,,,,,2026-07-22T06:43:37+00:00,2026-07-22T06:43:37+00:00
workday:nvidia:STA-Engineer_JR2016441,New,,,,,2026-07-22T06:43:37+00:00,2026-07-22T06:43:37+00:00
workday:nvidia:DFT-ATPG-Engineer_JR1998055,New,,,,,2026-07-22T06:43:37+00:00,2026-07-22T06:43:37+00:00
workday:nvidia:IC-Test-Program-Validation-and-Verification-Engineer_JR2018715,New,,,,,2026-07-22T06:43:37+00:00,2026-07-22T06:43:37+00:00
workday:nvidia:Senior-Mask-Design-Engineer_JR2015937,New,,,,,2026-07-22T06:43:37+00:00,2026-07-22T06:43:37+00:00
workday:nvidia:Circuit-Silicon-Correlation-DFT-Engineer_JR2012806,New,,,,,2026-07-22T06:43:37+00:00,2026-07-22T06:43:37+00:00
workday:nvidia:Senior-Technical-Program-Manager_JR2021406,New,,,,,2026-07-22T06:43:37+00:00,2026-07-22T06:43:37+00:00
workday:nvidia:Senior-Compiler-Engineer---Rust-GPU_JR2021852,New,,,,,2026-07-22T06:43:37+00:00,2026-07-22T06:43:37+00:00
workday:nvidia:Director-of-Engineering---Autonomous-Vehicles_JR2009924,New,,,,,2026-07-22T06:43:37+00:00,2026-07-22T06:43:37+00:00
workday:nvidia:Senior-Systems-Software-Engineer---Wireless_JR2021459,New,,,,,2026-07-22T06:43:37+00:00,2026-07-22T06:43:37+00:00
workday:nvidia:Senior-System-Software-Engineer--Interactive-World-Models_JR2021612,New,,,,,2026-07-22T06:43:37+00:00,2026-07-22T06:43:37+00:00
workday:nvidia:RTL-Power-Optimization-Engineer---New-College-Grad-2026_JR2021841,New,,,,,2026-07-22T06:43:37+00:00,2026-07-22T06:43:37+00:00
workday:nvidia:GPU-Architecture-Engineer---New-College-Grad-2026_JR2021615,New,,,,,2026-07-22T06:43:37+00:00,2026-07-22T06:43:37+00:00
workday:nvidia:Senior-Developer-Relations--AI---Security_JR2021765-1,New,,,,,2026-07-22T06:43:37+00:00,2026-07-22T06:43:37+00:00
workday:nvidia:Senior-Technical-Program-Manager---VLSI_JR2013354,New,,,,,2026-07-22T06:43:37+00:00,2026-07-22T06:43:37+00:00
workday:nvidia:Manager--Software-Architecture_JR2016110,New,,,,,2026-07-22T06:43:37+00:00,2026-07-22T06:43:37+00:00
workday:nvidia:Senior-Networking-Architect_JR1994884,New,,,,,2026-07-22T06:43:37+00:00,2026-07-22T06:43:37+00:00
workday:nvidia:Networking-Architect_JR1996377,New,,,,,2026-07-22T06:43:37+00:00,2026-07-22T06:43:37+00:00
workday:nvidia:Senior-DFT-Engineer_JR2017657,New,,,,,2026-07-22T06:43:37+00:00,2026-07-22T06:43:37+00:00
workday:nvidia:Senior-Software-Engineer--Networking-Software_JR1998106,New,,,,,2026-07-22T06:43:37+00:00,2026-07-22T06:43:37+00:00
workday:nvidia:HR-Business-Partner_JR2015914-1,New,,,,,2026-07-22T06:43:37+00:00,2026-07-22T06:43:37+00:00
workday:nvidia:Senior-Developer-Relations-Manager--Digital-Health-Enterprise-Developers_JR2020068,New,,,,,2026-07-22T06:43:37+00:00,2026-07-22T06:43:37+00:00
workday:nvidia:Director--NVIDIA-Compute-Sales_JR2021360,New,,,,,2026-07-22T06:43:37+00:00,2026-07-22T06:43:37+00:00
workday:nvidia:Senior-Manager--Product---Perception-Data_JR2021066,New,,,,,2026-07-22T06:43:37+00:00,2026-07-22T06:43:37+00:00
workday:nvidia:Senior-Software-Engineer---RDMA-and-Doca_JR2015006,New,,,,,2026-07-22T06:43:37+00:00,2026-07-22T06:43:37+00:00
workday:nvidia:Senior-Solutions-Architect--Networking_JR2021466,New,,,,,2026-07-22T06:43:37+00:00,2026-07-22T06:43:37+00:00
workday:salesforce:Salesforce-Manager-Senior-Technical-Manager--Salesforce-Technical-Architect-experience-is-mandatory-_JR353016,New,,,,,2026-07-22T06:43:37+00:00,2026-07-22T06:43:37+00:00
workday:salesforce:Senior-Manager--Software-Engineering_JR349577,New,,,,,2026-07-22T06:43:37+00:00,2026-07-22T06:43:37+00:00
workday:salesforce:AI-Engineer-Backend---LMTS-SMTS-MTS_JR340189-1,New,,,,,2026-07-22T06:43:37+00:00,2026-07-22T06:43:37+00:00
workday:salesforce:Licensing-Consultant_JR351307,New,,,,,2026-07-22T06:43:37+00:00,2026-07-22T06:43:37+00:00
greenhouse:razorpaysoftwareprivatelimited:4716967005,New,,,,,2026-07-22T06:41:16+00:00,2026-07-22T06:41:16+00:00
greenhouse:razorpaysoftwareprivatelimited:4716514005,New,,,,,2026-07-22T03:43:05+00:00,2026-07-22T03:43:05+00:00
workday:nvidia:North-America-OEM-Partner-Business-Manager_JR2021086,New,,,,,2026-07-21T17:45:40+00:00,2026-07-21T17:45:40+00:00
workday:nvidia:Senior-Account-Manager--Hyperscale-and-AI-Natives_JR2021513,New,,,,,2026-07-21T17:45:40+00:00,2026-07-21T17:45:40+00:00
workday:nvidia:Cloud-Sales-Enablement-Manager_JR2020098,New,,,,,2026-07-21T17:45:40+00:00,2026-07-21T17:45:40+00:00
workday:nvidia:Manager--Solutions-Architecture---NVIDIA-AI-Cloud-Partners_JR2021611,New,,,,,2026-07-21T17:45:40+00:00,2026-07-21T17:45:40+00:00
workday:nvidia:Cyber-Security-Analyst_JR2013392,New,,,,,2026-07-21T17:45:40+00:00,2026-07-21T17:45:40+00:00
workday:nvidia:System-Co-Design-Manager_JR2020856,New,,,,,2026-07-21T17:45:40+00:00,2026-07-21T17:45:40+00:00
workday:nvidia:Senior-Linux-Kernel-Software-Engineer_JR2015068,New,,,,,2026-07-21T17:45:40+00:00,2026-07-21T17:45:40+00:00
workday:nvidia:Senior-Manager--DGX-Cloud-Technical-Program-Management_JR2017452-1,New,,,,,2026-07-21T17:45:40+00:00,2026-07-21T17:45:40+00:00
workday:nvidia:Cybersecurity-Manager---India_JR2016815,New,,,,,2026-07-21T17:45:40+00:00,2026-07-21T17:45:40+00:00
workday:nvidia:Physical-Design-Engineer_JR2020281,New,,,,,2026-07-21T17:45:40+00:00,2026-07-21T17:45:40+00:00
workday:nvidia:Senior-Factory-Support-Firmware-Engineer_JR2013228,New,,,,,2026-07-21T17:45:40+00:00,2026-07-21T17:45:40+00:00
workday:nvidia:Chip-Design-and-Verification-Engineer_JR2009523,New,,,,,2026-07-21T17:45:40+00:00,2026-07-21T17:45:40+00:00
workday:nvidia:Senior-Chip-Design-Verification-Engineer_JR1995903,New,,,,,2026-07-21T17:45:40+00:00,2026-07-21T17:45:40+00:00
workday:nvidia:Senior-Chip-Design-Engineer_JR2003703,New,,,,,2026-07-21T17:45:40+00:00,2026-07-21T17:45:40+00:00
workday:nvidia:Business-Development-Manager--Global-Public-Sector_JR2021362,New,,,,,2026-07-21T17:45:40+00:00,2026-07-21T17:45:40+00:00
workday:nvidia:Senior-Hardware-Quality-Engineer_JR2021134,New,,,,,2026-07-21T17:45:40+00:00,2026-07-21T17:45:40+00:00
workday:nvidia:Practical-Hardware-Electronics-Test-Engineer_JR2021705,New,,,,,2026-07-21T17:45:40+00:00,2026-07-21T17:45:40+00:00
workday:nvidia:Senior-DevOps-Engineer--AI-Agent-Platforms_JR2021704,New,,,,,2026-07-21T17:45:40+00:00,2026-07-21T17:45:40+00:00
workday:nvidia:Physical-Layer-Architecture-Engineer_JR2021592,New,,,,,2026-07-21T17:45:40+00:00,2026-07-21T17:45:40+00:00
workday:nvidia:Robotics-Software-Engineer---Sim-to-Real_JR2021727,New,,,,,2026-07-21T17:45:40+00:00,2026-07-21T17:45:40+00:00
workday:nvidia:Senior-Firmware-Design-Engineer--Optics_JR2013122,New,,,,,2026-07-21T17:45:40+00:00,2026-07-21T17:45:40+00:00
workday:nvidia:Senior-Mechanical-Engineer_JR2002154,New,,,,,2026-07-21T17:45:40+00:00,2026-07-21T17:45:40+00:00
workday:nvidia:Software-Verification-Engineer_JR2006923,New,,,,,2026-07-21T17:45:40+00:00,2026-07-21T17:45:40+00:00
workday:nvidia:Senior-Software-and-System-Architect_JR1997578,New,,,,,2026-07-21T17:45:40+00:00,2026-07-21T17:45:40+00:00
workday:nvidia:Senior-System-Software-Engineer----Halos-Core-and-Robotics-Platform_JR2021341,New,,,,,2026-07-21T17:45:40+00:00,2026-07-21T17:45:40+00:00
workday:nvidia:Board-Design-Engineer--Sustain_JR2020983,New,,,,,2026-07-21T17:45:40+00:00,2026-07-21T17:45:40+00:00
workday:salesforce:Contract-Specialist_JR345336,New,,,,,2026-07-21T17:45:40+00:00,2026-07-21T17:45:40+00:00
workday:salesforce:Senior-Corporate-Counsel_JR340000,New,,,,,2026-07-21T17:45:40+00:00,2026-07-21T17:45:40+00:00
workday:salesforce:Support-Engineer-Industry-Cloud-Immediate-Joiner-_JR321330,New,,,,,2026-07-21T17:45:40+00:00,2026-07-21T17:45:40+00:00
workday:salesforce:Salesforce-Technical-Architect--Auto-MFG-Retail-Industry-_JR352786,New,,,,,2026-07-21T17:45:40+00:00,2026-07-21T17:45:40+00:00
workday:salesforce:Senior-Product-Manager--Tableau_JR318182,New,,,,,2026-07-21T17:45:40+00:00,2026-07-21T17:45:40+00:00
workday:salesforce:Software-Engineering-SMTS--Storage---Data-Protection-Engineer_JR350932,New,,,,,2026-07-21T17:45:40+00:00,2026-07-21T17:45:40+00:00
internshala:artificial-intelligence-ai-internship:3213339,New,,,,,2026-07-21T17:43:17+00:00,2026-07-21T17:43:17+00:00
internshala:artificial-intelligence-ai-internship:3217392,New,,,,,2026-07-21T17:43:17+00:00,2026-07-21T17:43:17+00:00
internshala:artificial-intelligence-ai-internship:3193349,New,,,,,2026-07-21T17:43:17+00:00,2026-07-21T17:43:17+00:00
internshala:artificial-intelligence-ai-internship:3217493,New,,,,,2026-07-21T17:43:17+00:00,2026-07-21T17:43:17+00:00
internshala:artificial-intelligence-ai-internship:3218028,New,,,,,2026-07-21T17:43:17+00:00,2026-07-21T17:43:17+00:00
internshala:artificial-intelligence-ai-internship:3217776,New,,,,,2026-07-21T17:43:17+00:00,2026-07-21T17:43:17+00:00
internshala:artificial-intelligence-ai-internship:3217512,New,,,,,2026-07-21T17:43:17+00:00,2026-07-21T17:43:17+00:00
internshala:artificial-intelligence-ai-internship:3217362,New,,,,,2026-07-21T17:43:17+00:00,2026-07-21T17:43:17+00:00
internshala:data-science-internship:3217392,New,,,,,2026-07-21T17:43:17+00:00,2026-07-21T17:43:17+00:00
internshala:data-science-internship:3216938,New,,,,,2026-07-21T17:43:17+00:00,2026-07-21T17:43:17+00:00
internshala:data-science-internship:3217472,New,,,,,2026-07-21T17:43:17+00:00,2026-07-21T17:43:17+00:00
internshala:data-science-internship:3193349,New,,,,,2026-07-21T17:43:17+00:00,2026-07-21T17:43:17+00:00
internshala:data-science-internship:3217493,New,,,,,2026-07-21T17:43:17+00:00,2026-07-21T17:43:17+00:00
internshala:data-science-internship:3217603,New,,,,,2026-07-21T17:43:17+00:00,2026-07-21T17:43:17+00:00
internshala:data-science-internship:3213339,New,,,,,2026-07-21T17:43:17+00:00,2026-07-21T17:43:17+00:00
internshala:data-science-internship:3217449,New,,,,,2026-07-21T17:43:17+00:00,2026-07-21T17:43:17+00:00
internshala:data-science-internship:3218028,New,,,,,2026-07-21T17:43:17+00:00,2026-07-21T17:43:17+00:00
internshala:data-science-internship:3217776,New,,,,,2026-07-21T17:43:17+00:00,2026-07-21T17:43:17+00:00
internshala:data-science-internship:3217471,New,,,,,2026-07-21T17:43:17+00:00,2026-07-21T17:43:17+00:00
internshala:data-science-internship:3217512,New,,,,,2026-07-21T17:43:17+00:00,2026-07-21T17:43:17+00:00
internshala:data-science-internship:3217501,New,,,,,2026-07-21T17:43:17+00:00,2026-07-21T17:43:17+00:00
internshala:data-science-internship:3217404,New,,,,,2026-07-21T17:43:17+00:00,2026-07-21T17:43:17+00:00
internshala:data-science-internship:3217362,New,,,,,2026-07-21T17:43:17+00:00,2026-07-21T17:43:17+00:00
internshala:data-science-internship:3217346,New,,,,,2026-07-21T17:43:17+00:00,2026-07-21T17:43:17+00:00
internshala:machine-learning-internship:3217603,New,,,,,2026-07-21T17:43:16+00:00,2026-07-21T17:43:16+00:00
internshala:machine-learning-internship:3217472,New,,,,,2026-07-21T17:43:16+00:00,2026-07-21T17:43:16+00:00
internshala:machine-learning-internship:3217392,New,,,,,2026-07-21T17:43:16+00:00,2026-07-21T17:43:16+00:00
internshala:machine-learning-internship:3217390,New,,,,,2026-07-21T17:43:16+00:00,2026-07-21T17:43:16+00:00
internshala:machine-learning-internship:3218028,New,,,,,2026-07-21T17:43:16+00:00,2026-07-21T17:43:16+00:00
internshala:machine-learning-internship:3217776,New,,,,,2026-07-21T17:43:16+00:00,2026-07-21T17:43:16+00:00
internshala:machine-learning-internship:3217512,New,,,,,2026-07-21T17:43:16+00:00,2026-07-21T17:43:16+00:00
internshala:machine-learning-internship:3217362,New,,,,,2026-07-21T17:43:16+00:00,2026-07-21T17:43:16+00:00
internshala:machine-learning-internship:3217344,New,,,,,2026-07-21T17:43:16+00:00,2026-07-21T17:43:16+00:00
greenhouse:razorpaysoftwareprivatelimited:4702163005,New,,,,,2026-07-21T17:43:14+00:00,2026-07-21T17:43:14+00:00
greenhouse:razorpaysoftwareprivatelimited:4716960005,New,,,,,2026-07-21T14:19:35+00:00,2026-07-21T14:19:35+00:00
greenhouse:postman:7802294003,New,,,,,2026-07-21T10:33:39+00:00,2026-07-21T10:33:39+00:00
greenhouse:razorpaysoftwareprivatelimited:4716152005,New,,,,,2026-07-21T10:33:39+00:00,2026-07-21T10:33:39+00:00
workday:nvidia:Engineering-Manager--AI-Developer-Technology_JR1995883,New,,,,,2026-07-21T03:44:35+00:00,2026-07-21T03:44:35+00:00
workday:nvidia:Senior-Developer-Technology-Engineer---AI_JR1996103,New,,,,,2026-07-21T03:44:35+00:00,2026-07-21T03:44:35+00:00
workday:nvidia:Senior-Software-Engineer--Fabric-Networking---GPU_JR2015216,New,,,,,2026-07-21T03:44:35+00:00,2026-07-21T03:44:35+00:00
workday:nvidia:Compiler-Engineer--Infrastructure----New-College-Grad-2026_JR2021228,New,,,,,2026-07-21T03:44:35+00:00,2026-07-21T03:44:35+00:00
workday:nvidia:Senior-System-Software-Engineer---Halos-Core-and-Robotics-Platform_JR2021368,New,,,,,2026-07-21T03:44:35+00:00,2026-07-21T03:44:35+00:00
workday:nvidia:Senior-Compiler-Optimization-Engineer---MLIR_JR2021622,New,,,,,2026-07-21T03:44:35+00:00,2026-07-21T03:44:35+00:00
workday:nvidia:Senior-Manager--Customer-Program-Management--Datacenter-Engineering-and-Operations_JR2021754,New,,,,,2026-07-21T03:44:35+00:00,2026-07-21T03:44:35+00:00
workday:nvidia:Principal-Software-Engineer--E2E-Performance-and-Goodput---CSP-Engagements_JR2020321,New,,,,,2026-07-21T03:44:35+00:00,2026-07-21T03:44:35+00:00
workday:nvidia:Principal-Software-Engineer--Rack-Scale-System-Software---CSP-Engagements_JR2020316,New,,,,,2026-07-21T03:44:35+00:00,2026-07-21T03:44:35+00:00
workday:nvidia:Mechanical-Product-Engineer_JR2021485,New,,,,,2026-07-21T03:44:35+00:00,2026-07-21T03:44:35+00:00
workday:nvidia:Analog-Mask-Design-Engineer_JR2021551,New,,,,,2026-07-21T03:44:35+00:00,2026-07-21T03:44:35+00:00
workday:nvidia:Senior-Systems-Software-Engineer---Fleet-Debuggability_JR2021461,New,,,,,2026-07-21T03:44:35+00:00,2026-07-21T03:44:35+00:00
workday:nvidia:Senior-System-Software-Engineer----Halos-Core-and-Robotics-Platform_JR2021314,New,,,,,2026-07-21T03:44:35+00:00,2026-07-21T03:44:35+00:00
workday:nvidia:System-Software-Engineer---GeForce-NOW-Low-Latency-Streaming_JR2021605,New,,,,,2026-07-21T03:44:35+00:00,2026-07-21T03:44:35+00:00
workday:nvidia:Senior-Software-Engineer---GeForce-NOW-Video-Streaming_JR2021603,New,,,,,2026-07-21T03:44:35+00:00,2026-07-21T03:44:35+00:00
workday:nvidia:Senior-Systems-Architect---Datacenter_JR2019127,New,,,,,2026-07-21T03:44:35+00:00,2026-07-21T03:44:35+00:00
workday:nvidia:Senior-Frontend-Engineer--NVIDIA-Marketplace_JR2021196,New,,,,,2026-07-21T03:44:35+00:00,2026-07-21T03:44:35+00:00
workday:nvidia:Senior-Software-Engineer---Streaming_JR2021692,New,,,,,2026-07-21T03:44:35+00:00,2026-07-21T03:44:35+00:00
workday:nvidia:Senior-Firmware-Engineer_JR2007787,New,,,,,2026-07-21T03:44:35+00:00,2026-07-21T03:44:35+00:00
workday:nvidia:Senior-Manager--Systems-Software-Engineering---GeForce-NOW-Cloud_JR2014496,New,,,,,2026-07-21T03:44:35+00:00,2026-07-21T03:44:35+00:00
workday:nvidia:Senior-Deep-Learning-and-Computer-Vision-Engineer---Autonomous-Vehicles_JR2021240,New,,,,,2026-07-21T03:44:35+00:00,2026-07-21T03:44:35+00:00
workday:nvidia:Senior-System-Software-Engineer---CPU-Platform-Pre-Silicon-Systems-Validation-Lead_JR2021366,New,,,,,2026-07-21T03:44:35+00:00,2026-07-21T03:44:35+00:00
workday:nvidia:Training-Advisor--Technical---NVIDIA-Deep-Learning-Institute_JR2020039,New,,,,,2026-07-21T03:44:35+00:00,2026-07-21T03:44:35+00:00
workday:nvidia:Senior-Software-Engineer--Deep-Learning-Inference_JR2016753,New,,,,,2026-07-21T03:44:35+00:00,2026-07-21T03:44:35+00:00
workday:nvidia:Senior-Staff-Engineer---Enterprise-Messaging-and-Exchange_JR2021443,New,,,,,2026-07-21T03:44:35+00:00,2026-07-21T03:44:35+00:00
workday:nvidia:Senior-Physical-Design-and-Timing-Engineer_JR2020717,New,,,,,2026-07-21T03:44:35+00:00,2026-07-21T03:44:35+00:00
workday:nvidia:Senior-Chip-Design-Verification-Engineer_JR2021491,New,,,,,2026-07-21T03:44:35+00:00,2026-07-21T03:44:35+00:00
workday:nvidia:Senior-System-Software-Engineer----Halos-Core-and-Robotics-Platform_JR2021237,New,,,,,2026-07-21T03:44:35+00:00,2026-07-21T03:44:35+00:00
workday:nvidia:Senior-System-Software-Engineer---Dynamo-Tools_JR2021520,New,,,,,2026-07-21T03:44:35+00:00,2026-07-21T03:44:35+00:00
workday:nvidia:Director--Rack-Scale-Software-Architecture_JR2012499,New,,,,,2026-07-21T03:44:35+00:00,2026-07-21T03:44:35+00:00
workday:nvidia:Senior-Deep-Learning-Framework-Communications-Engineer_JR2011908,New,,,,,2026-07-21T03:44:35+00:00,2026-07-21T03:44:35+00:00
workday:nvidia:Senior-Platform-and-EngOps-Engineer---Cluster-Operations_JR2014633,New,,,,,2026-07-21T03:44:35+00:00,2026-07-21T03:44:35+00:00
workday:nvidia:Performance-Engineer--Deep-Learning-and-HPC_JR2012264,New,,,,,2026-07-21T03:44:35+00:00,2026-07-21T03:44:35+00:00
workday:nvidia:Distinguished-Engineer---Rack-Scale-Architecture_JR2012293,New,,,,,2026-07-21T03:44:35+00:00,2026-07-21T03:44:35+00:00
workday:nvidia:Senior-Formal-Verification-Engineer_JR2019948,New,,,,,2026-07-21T03:44:35+00:00,2026-07-21T03:44:35+00:00
workday:salesforce:Software-Engineering-SMTS--LLM-Model-building_JR350260,New,,,,,2026-07-21T03:44:35+00:00,2026-07-21T03:44:35+00:00
workday:salesforce:HLS-Program-Executive_JR350807,New,,,,,2026-07-21T03:44:35+00:00,2026-07-21T03:44:35+00:00
workday:salesforce:Communications-Designer_JR349799,New,,,,,2026-07-21T03:44:35+00:00,2026-07-21T03:44:35+00:00
workday:salesforce:Renewals-Manager_JR347852,New,,,,,2026-07-21T03:44:35+00:00,2026-07-21T03:44:35+00:00
workday:salesforce:Messaging-Strategy---Operations---Analytics-Lead_JR339427,New,,,,,2026-07-21T03:44:35+00:00,2026-07-21T03:44:35+00:00
workday:salesforce:Product-Marketing-Senior-Lead---Data-Governance---Privacy-_JR351274,New,,,,,2026-07-21T03:44:35+00:00,2026-07-21T03:44:35+00:00
workday:salesforce:Product-Marketing-Manager---Data-Governance_JR351624-1,New,,,,,2026-07-21T03:44:35+00:00,2026-07-21T03:44:35+00:00
workday:salesforce:Product-Marketing-Manager---Data-Integration_JR351613,New,,,,,2026-07-21T03:44:35+00:00,2026-07-21T03:44:35+00:00
workday:salesforce:Customer-Success-Manager--Director---Core--Sales---Service--Clouds_JR333752,New,,,,,2026-07-21T03:44:35+00:00,2026-07-21T03:44:35+00:00
workday:salesforce:Principal--Specialist-SE_JR336031,New,,,,,2026-07-21T03:44:35+00:00,2026-07-21T03:44:35+00:00
workday:salesforce:Named-Account-Executive---Enterprise---Healthcare-Real-Estate-Education_JR351737,New,,,,,2026-07-21T03:44:35+00:00,2026-07-21T03:44:35+00:00
greenhouse:postman:7810518003,New,,,,,2026-07-21T03:42:17+00:00,2026-07-21T03:42:17+00:00
greenhouse:razorpaysoftwareprivatelimited:4715751005,New,,,,,2026-07-20T18:17:51+00:00,2026-07-20T18:17:51+00:00
internshala:data-science-internship:3205185,New,,,,,2026-07-20T14:32:17+00:00,2026-07-20T14:32:17+00:00
internshala:data-science-internship:3216975,New,,,,,2026-07-20T14:32:17+00:00,2026-07-20T14:32:17+00:00
internshala:data-science-internship:3217039,New,,,,,2026-07-20T14:32:17+00:00,2026-07-20T14:32:17+00:00
internshala:data-science-internship:3216907,New,,,,,2026-07-20T14:32:17+00:00,2026-07-20T14:32:17+00:00
internshala:data-science-internship:3216977,New,,,,,2026-07-20T14:32:17+00:00,2026-07-20T14:32:17+00:00
internshala:data-science-internship:3216968,New,,,,,2026-07-20T14:32:17+00:00,2026-07-20T14:32:17+00:00
internshala:data-science-internship:3189433,New,,,,,2026-07-20T14:32:17+00:00,2026-07-20T14:32:17+00:00
internshala:data-science-internship:3216981,New,,,,,2026-07-20T14:32:17+00:00,2026-07-20T14:32:17+00:00
internshala:data-science-internship:3216672,New,,,,,2026-07-20T14:32:17+00:00,2026-07-20T14:32:17+00:00
internshala:data-science-internship:3216858,New,,,,,2026-07-20T14:32:17+00:00,2026-07-20T14:32:17+00:00
internshala:data-science-internship:3216743,New,,,,,2026-07-20T14:32:17+00:00,2026-07-20T14:32:17+00:00
internshala:data-science-internship:3216520,New,,,,,2026-07-20T14:32:17+00:00,2026-07-20T14:32:17+00:00
internshala:data-science-internship:3216715,New,,,,,2026-07-20T14:32:17+00:00,2026-07-20T14:32:17+00:00
internshala:data-science-internship:3216620,New,,,,,2026-07-20T14:32:17+00:00,2026-07-20T14:32:17+00:00
internshala:data-science-internship:3216867,New,,,,,2026-07-20T14:32:17+00:00,2026-07-20T14:32:17+00:00
internshala:data-science-internship:3216089,New,,,,,2026-07-20T14:32:17+00:00,2026-07-20T14:32:17+00:00
internshala:data-science-internship:3215378,New,,,,,2026-07-20T14:32:17+00:00,2026-07-20T14:32:17+00:00
internshala:data-science-internship:3205880,New,,,,,2026-07-20T14:32:17+00:00,2026-07-20T14:32:17+00:00
internshala:data-science-internship:3216633,New,,,,,2026-07-20T14:32:17+00:00,2026-07-20T14:32:17+00:00
internshala:data-science-internship:3216825,New,,,,,2026-07-20T14:32:17+00:00,2026-07-20T14:32:17+00:00
internshala:data-science-internship:3215523,New,,,,,2026-07-20T14:32:17+00:00,2026-07-20T14:32:17+00:00
internshala:data-science-internship:3217121,New,,,,,2026-07-20T14:32:17+00:00,2026-07-20T14:32:17+00:00
internshala:data-science-internship:3217052,New,,,,,2026-07-20T14:32:17+00:00,2026-07-20T14:32:17+00:00
internshala:data-science-internship:3215456,New,,,,,2026-07-20T14:32:17+00:00,2026-07-20T14:32:17+00:00
internshala:data-science-internship:3216758,New,,,,,2026-07-20T14:32:17+00:00,2026-07-20T14:32:17+00:00
internshala:data-science-internship:3216613,New,,,,,2026-07-20T14:32:17+00:00,2026-07-20T14:32:17+00:00
internshala:data-science-internship:3216188,New,,,,,2026-07-20T14:32:17+00:00,2026-07-20T14:32:17+00:00
internshala:data-science-internship:3180600,New,,,,,2026-07-20T14:32:17+00:00,2026-07-20T14:32:17+00:00
internshala:data-science-internship:3216170,New,,,,,2026-07-20T14:32:17+00:00,2026-07-20T14:32:17+00:00
internshala:data-science-internship:3216547,New,,,,,2026-07-20T14:32:17+00:00,2026-07-20T14:32:17+00:00
internshala:data-science-internship:3216542,New,,,,,2026-07-20T14:32:17+00:00,2026-07-20T14:32:17+00:00
internshala:data-science-internship:3216540,New,,,,,2026-07-20T14:32:17+00:00,2026-07-20T14:32:17+00:00
internshala:data-science-internship:3216539,New,,,,,2026-07-20T14:32:17+00:00,2026-07-20T14:32:17+00:00
internshala:data-science-internship:3216538,New,,,,,2026-07-20T14:32:17+00:00,2026-07-20T14:32:17+00:00
internshala:data-science-internship:3216519,New,,,,,2026-07-20T14:32:17+00:00,2026-07-20T14:32:17+00:00
internshala:data-science-internship:3216517,New,,,,,2026-07-20T14:32:17+00:00,2026-07-20T14:32:17+00:00
internshala:data-science-internship:3216516,New,,,,,2026-07-20T14:32:17+00:00,2026-07-20T14:32:17+00:00
internshala:machine-learning-internship:3216515,New,,,,,2026-07-20T14:32:16+00:00,2026-07-20T14:32:16+00:00
internshala:machine-learning-internship:3216089,New,,,,,2026-07-20T14:32:16+00:00,2026-07-20T14:32:16+00:00
internshala:machine-learning-internship:3217052,New,,,,,2026-07-20T14:32:16+00:00,2026-07-20T14:32:16+00:00
internshala:machine-learning-internship:3217121,New,,,,,2026-07-20T14:32:16+00:00,2026-07-20T14:32:16+00:00
internshala:machine-learning-internship:3205880,New,,,,,2026-07-20T14:32:16+00:00,2026-07-20T14:32:16+00:00
internshala:machine-learning-internship:3216968,New,,,,,2026-07-20T14:32:16+00:00,2026-07-20T14:32:16+00:00
internshala:machine-learning-internship:3216613,New,,,,,2026-07-20T14:32:16+00:00,2026-07-20T14:32:16+00:00
internshala:machine-learning-internship:3216188,New,,,,,2026-07-20T14:32:16+00:00,2026-07-20T14:32:16+00:00
internshala:machine-learning-internship:3216555,New,,,,,2026-07-20T14:32:16+00:00,2026-07-20T14:32:16+00:00
internshala:machine-learning-internship:3216547,New,,,,,2026-07-20T14:32:16+00:00,2026-07-20T14:32:16+00:00
internshala:machine-learning-internship:3216519,New,,,,,2026-07-20T14:32:16+00:00,2026-07-20T14:32:16+00:00
internshala:machine-learning-internship:3214191,New,,,,,2026-07-20T14:32:16+00:00,2026-07-20T14:32:16+00:00
internshala:artificial-intelligence-ai-internship:3216867,New,,,,,2026-07-20T14:32:16+00:00,2026-07-20T14:32:16+00:00
internshala:artificial-intelligence-ai-internship:3216981,New,,,,,2026-07-20T14:32:16+00:00,2026-07-20T14:32:16+00:00
internshala:artificial-intelligence-ai-internship:3216975,New,,,,,2026-07-20T14:32:16+00:00,2026-07-20T14:32:16+00:00
internshala:artificial-intelligence-ai-internship:3216968,New,,,,,2026-07-20T14:32:16+00:00,2026-07-20T14:32:16+00:00
internshala:artificial-intelligence-ai-internship:3216977,New,,,,,2026-07-20T14:32:16+00:00,2026-07-20T14:32:16+00:00
internshala:artificial-intelligence-ai-internship:3216907,New,,,,,2026-07-20T14:32:16+00:00,2026-07-20T14:32:16+00:00
internshala:artificial-intelligence-ai-internship:3216089,New,,,,,2026-07-20T14:32:16+00:00,2026-07-20T14:32:16+00:00
internshala:artificial-intelligence-ai-internship:3215378,New,,,,,2026-07-20T14:32:16+00:00,2026-07-20T14:32:16+00:00
internshala:artificial-intelligence-ai-internship:3216633,New,,,,,2026-07-20T14:32:16+00:00,2026-07-20T14:32:16+00:00
internshala:artificial-intelligence-ai-internship:3217121,New,,,,,2026-07-20T14:32:16+00:00,2026-07-20T14:32:16+00:00
internshala:artificial-intelligence-ai-internship:3217052,New,,,,,2026-07-20T14:32:16+00:00,2026-07-20T14:32:16+00:00
internshala:artificial-intelligence-ai-internship:3215456,New,,,,,2026-07-20T14:32:16+00:00,2026-07-20T14:32:16+00:00
internshala:artificial-intelligence-ai-internship:3180600,New,,,,,2026-07-20T14:32:16+00:00,2026-07-20T14:32:16+00:00
internshala:artificial-intelligence-ai-internship:3216547,New,,,,,2026-07-20T14:32:16+00:00,2026-07-20T14:32:16+00:00
internshala:artificial-intelligence-ai-internship:3216519,New,,,,,2026-07-20T14:32:16+00:00,2026-07-20T14:32:16+00:00
internshala:artificial-intelligence-ai-internship:3216516,New,,,,,2026-07-20T14:32:16+00:00,2026-07-20T14:32:16+00:00
internshala:artificial-intelligence-ai-internship:3216515,New,,,,,2026-07-20T14:32:16+00:00,2026-07-20T14:32:16+00:00
internshala:artificial-intelligence-ai-internship:3216153,New,,,,,2026-07-20T14:32:16+00:00,2026-07-20T14:32:16+00:00
internshala:artificial-intelligence-ai-internship:3214191,New,,,,,2026-07-20T14:32:16+00:00,2026-07-20T14:32:16+00:00
workday:nvidia:Executive-Assistant--EMEA---WWFO_JR2018790,New,,,,,2026-07-20T11:14:08+00:00,2026-07-20T11:14:08+00:00
workday:nvidia:Senior-Software-Infra-Architect_JR2021261,New,,,,,2026-07-20T11:14:08+00:00,2026-07-20T11:14:08+00:00
workday:nvidia:Network-Solution-Verification-Engineer_JR2021397,New,,,,,2026-07-20T11:14:08+00:00,2026-07-20T11:14:08+00:00
workday:nvidia:Network-Solution-Verification-Manager_JR2021399,New,,,,,2026-07-20T11:14:08+00:00,2026-07-20T11:14:08+00:00
workday:nvidia:Senior-Managed-Runtime-Compiler-Engineer_JR2021372,New,,,,,2026-07-20T11:14:08+00:00,2026-07-20T11:14:08+00:00
workday:nvidia:Senior-PCB-Fab-Supplier-and-Quality-Engineer_JR2020407,New,,,,,2026-07-20T11:14:08+00:00,2026-07-20T11:14:08+00:00
workday:nvidia:Mechanical-and-Thermal-Supply-Base-Engineer_JR2021210,New,,,,,2026-07-20T11:14:08+00:00,2026-07-20T11:14:08+00:00
workday:nvidia:GPU-Architect_JR2020964,New,,,,,2026-07-20T11:14:08+00:00,2026-07-20T11:14:08+00:00
workday:nvidia:Embedded-Software-Engineer---RISCV_JR2021486,New,,,,,2026-07-20T11:14:08+00:00,2026-07-20T11:14:08+00:00
workday:nvidia:Senior-Systems-Software-Engineer--Compute-Stack-Acceleration_JR2021549,New,,,,,2026-07-20T11:14:08+00:00,2026-07-20T11:14:08+00:00
workday:nvidia:Senior-Manufacturing-Product-Engineer_JR2020980,New,,,,,2026-07-20T11:14:08+00:00,2026-07-20T11:14:08+00:00
workday:nvidia:Senior-Technical-Program-Manager---Windows-Client-AI_JR2021480,New,,,,,2026-07-20T11:14:08+00:00,2026-07-20T11:14:08+00:00
workday:nvidia:Distinguished-AI-Researcher--Advanced-Development-Engineer_JR2021288,New,,,,,2026-07-20T11:14:08+00:00,2026-07-20T11:14:08+00:00
workday:nvidia:Senior-Product-Marketing-Manager_JR2020940,New,,,,,2026-07-20T11:14:08+00:00,2026-07-20T11:14:08+00:00
workday:nvidia:Senior-Technical-Product-Marketing-Manager---AI-Infrastructure_JR2021528,New,,,,,2026-07-20T11:14:08+00:00,2026-07-20T11:14:08+00:00
workday:nvidia:Senior-System-Administrator_JR2020601,New,,,,,2026-07-20T11:14:08+00:00,2026-07-20T11:14:08+00:00
workday:nvidia:Senior-Software-Engineer--NSV-Group_JR2020879,New,,,,,2026-07-20T11:14:08+00:00,2026-07-20T11:14:08+00:00
workday:nvidia:Senior-Software-Engineer--AI-Agent-Platforms_JR2021522,New,,,,,2026-07-20T11:14:08+00:00,2026-07-20T11:14:08+00:00
workday:nvidia:Senior-High-Performance-System-Architect_JR2021493,New,,,,,2026-07-20T11:14:08+00:00,2026-07-20T11:14:08+00:00
workday:nvidia:Senior-Network-Simulation-Software-Engineer_JR2021495,New,,,,,2026-07-20T11:14:08+00:00,2026-07-20T11:14:08+00:00
workday:nvidia:Senior-Applications-Software-Engineer--Planning-and-Control_JR2021548,New,,,,,2026-07-20T11:14:08+00:00,2026-07-20T11:14:08+00:00
workday:nvidia:Senior-System-Software-Engineer---CPU-Platform-SBIOS-Technical-Delivery-Lead_JR2021364,New,,,,,2026-07-20T11:14:08+00:00,2026-07-20T11:14:08+00:00
workday:nvidia:Product-Program-Manager_JR2021547,New,,,,,2026-07-20T11:14:08+00:00,2026-07-20T11:14:08+00:00
workday:nvidia:Senior-Mixed-Signal-Circuit-Design-Engineer_JR2020356,New,,,,,2026-07-20T11:14:08+00:00,2026-07-20T11:14:08+00:00
workday:nvidia:Manager--System-Software-Engineering---Factory_JR2021001,New,,,,,2026-07-20T11:14:08+00:00,2026-07-20T11:14:08+00:00
workday:nvidia:Senior-Platform-Software-Engineer---Factory_JR2012307,New,,,,,2026-07-20T11:14:08+00:00,2026-07-20T11:14:08+00:00
workday:nvidia:Senior-Technical-Program-Manager--Data-Center---Engineering-Operations_JR2001987-1,New,,,,,2026-07-20T11:14:08+00:00,2026-07-20T11:14:08+00:00
workday:salesforce:Customer-Success-Manager--Salesforce-technical-exp-mandatory-_JR323967,New,,,,,2026-07-20T11:14:08+00:00,2026-07-20T11:14:08+00:00
workday:salesforce:Senior-Manager--Software-Engineering_JR350942-1,New,,,,,2026-07-20T11:14:08+00:00,2026-07-20T11:14:08+00:00
workday:salesforce:ES-Workday-Integrations-Specialist_JR347054,New,,,,,2026-07-20T11:14:08+00:00,2026-07-20T11:14:08+00:00
workday:salesforce:Forward-Deployed-Engineer--Salesforce-Experience-Must-_JR351000,New,,,,,2026-07-20T11:14:08+00:00,2026-07-20T11:14:08+00:00
workday:salesforce:Software-Engineering-MTS--Tableau_JR327532,New,,,,,2026-07-20T11:14:08+00:00,2026-07-20T11:14:08+00:00
workday:salesforce:Position-Management-Ops-Sr-Analyst_JR346146,New,,,,,2026-07-20T11:14:08+00:00,2026-07-20T11:14:08+00:00
workday:salesforce:Marketplace-Operations-Analyst_JR347544,New,,,,,2026-07-20T11:14:08+00:00,2026-07-20T11:14:08+00:00
workday:salesforce:Senior-Full-Stack-Developer_JR352311,New,,,,,2026-07-20T11:14:08+00:00,2026-07-20T11:14:08+00:00
workday:salesforce:Senior-Technical-Consultant_JR352318,New,,,,,2026-07-20T11:14:08+00:00,2026-07-20T11:14:08+00:00
workday:salesforce:Software-Engineering-LMTS_JR338174,New,,,,,2026-07-20T11:14:08+00:00,2026-07-20T11:14:08+00:00
workday:salesforce:Senior-Technical-Architect_JR352317,New,,,,,2026-07-20T11:14:08+00:00,2026-07-20T11:14:08+00:00
workday:salesforce:SMTS--Senior-Software-Backend-Engineer_JR312327,New,,,,,2026-07-20T11:14:08+00:00,2026-07-20T11:14:08+00:00
workday:salesforce:Software-Engineering-SMTS_JR351176,New,,,,,2026-07-20T11:14:08+00:00,2026-07-20T11:14:08+00:00
greenhouse:razorpaysoftwareprivatelimited:4715778005,New,,,,,2026-07-20T11:11:47+00:00,2026-07-20T11:11:47+00:00
lever:zeta:500c585f-65ba-4f6a-b515-7d73680038c3,New,,,,,2026-07-20T11:11:45+00:00,2026-07-20T11:11:45+00:00
greenhouse:razorpaysoftwareprivatelimited:4716521005,New,,,,,2026-07-20T07:27:24+00:00,2026-07-20T07:27:24+00:00
greenhouse:razorpaysoftwareprivatelimited:4716524005,New,,,,,2026-07-20T07:27:24+00:00,2026-07-20T07:27:24+00:00
workday:nvidia:Solutions-Architect--Data-Center-MEP_JR2021050,New,,,,,2026-07-19T19:32:47+00:00,2026-07-19T19:32:47+00:00
workday:nvidia:Senior-Software-Engineer--Kubernetes-and-Virtualization---DGX-Cloud_JR2007944,New,,,,,2026-07-19T19:32:47+00:00,2026-07-19T19:32:47+00:00
workday:nvidia:Senior-Chip-Design-Hardware-Emulation-Engineer_JR2011419-1,New,,,,,2026-07-19T19:32:47+00:00,2026-07-19T19:32:47+00:00
workday:nvidia:Firmware-Engineer---NVLink_JR2016524,New,,,,,2026-07-19T19:32:47+00:00,2026-07-19T19:32:47+00:00
workday:nvidia:Senior-VLSI-Integration-Engineer_JR1989467,New,,,,,2026-07-19T19:32:47+00:00,2026-07-19T19:32:47+00:00
workday:nvidia:Chip-Design-Verification-Engineer_JR2020119,New,,,,,2026-07-19T19:32:47+00:00,2026-07-19T19:32:47+00:00
workday:nvidia:Senior-Chip-Design-Verification-Engineer_JR2016427,New,,,,,2026-07-19T19:32:47+00:00,2026-07-19T19:32:47+00:00
workday:nvidia:Senior-Power-and-Performance-Architect_JR2018842-1,New,,,,,2026-07-19T19:32:47+00:00,2026-07-19T19:32:47+00:00
workday:salesforce:Operations-Manager_JR351126,New,,,,,2026-07-19T19:32:47+00:00,2026-07-19T19:32:47+00:00
internshala:machine-learning-internship:3216035,New,,,,,2026-07-19T13:51:20+00:00,2026-07-19T13:51:20+00:00
internshala:machine-learning-internship:3216075,New,,,,,2026-07-19T13:51:20+00:00,2026-07-19T13:51:20+00:00
internshala:machine-learning-internship:3215967,New,,,,,2026-07-19T13:51:20+00:00,2026-07-19T13:51:20+00:00
internshala:machine-learning-internship:3215963,New,,,,,2026-07-19T13:51:20+00:00,2026-07-19T13:51:20+00:00
internshala:artificial-intelligence-ai-internship:3216035,New,,,,,2026-07-19T13:51:20+00:00,2026-07-19T13:51:20+00:00
internshala:artificial-intelligence-ai-internship:3216012,New,,,,,2026-07-19T13:51:20+00:00,2026-07-19T13:51:20+00:00
internshala:artificial-intelligence-ai-internship:3215963,New,,,,,2026-07-19T13:51:20+00:00,2026-07-19T13:51:20+00:00
internshala:data-science-internship:3216035,New,,,,,2026-07-19T13:51:20+00:00,2026-07-19T13:51:20+00:00
internshala:data-science-internship:3215487,New,,,,,2026-07-19T13:51:20+00:00,2026-07-19T13:51:20+00:00
internshala:data-science-internship:3216012,New,,,,,2026-07-19T13:51:20+00:00,2026-07-19T13:51:20+00:00
internshala:data-science-internship:3216075,New,,,,,2026-07-19T13:51:20+00:00,2026-07-19T13:51:20+00:00
internshala:data-science-internship:3215964,New,,,,,2026-07-19T13:51:20+00:00,2026-07-19T13:51:20+00:00
internshala:data-science-internship:3215963,New,,,,,2026-07-19T13:51:20+00:00,2026-07-19T13:51:20+00:00
internshala:data-science-internship:3215551,New,,,,,2026-07-19T13:51:20+00:00,2026-07-19T13:51:20+00:00
workday:nvidia:AI-and-Automation-Infrastructure-Student_JR2020296,New,,,,,2026-07-19T06:44:31+00:00,2026-07-19T06:44:31+00:00
workday:nvidia:Software-Advanced-Developer-Student_JR2017523,New,,,,,2026-07-19T06:44:31+00:00,2026-07-19T06:44:31+00:00
workday:nvidia:Chip-Design-Verification-Student_JR2020525,New,,,,,2026-07-19T06:44:31+00:00,2026-07-19T06:44:31+00:00
workday:nvidia:Software-Engineer---Networking_JR2006779,New,,,,,2026-07-19T06:44:31+00:00,2026-07-19T06:44:31+00:00
workday:nvidia:Principal-Architect--System-Software---Orbital-Data-Center_JR2019010,New,,,,,2026-07-19T06:44:31+00:00,2026-07-19T06:44:31+00:00
workday:nvidia:Senior-Systems-Software-Engineer---NVLink_JR2007807,New,,,,,2026-07-19T06:44:31+00:00,2026-07-19T06:44:31+00:00
workday:nvidia:Senior-System-Software-Engineer-Platform---Server-Embedded-Firmware_JR2014509,New,,,,,2026-07-19T06:44:31+00:00,2026-07-19T06:44:31+00:00
workday:nvidia:Senior-System-Firmware-Engineer---BIOS-UEFI_JR2014710,New,,,,,2026-07-19T06:44:31+00:00,2026-07-19T06:44:31+00:00
workday:nvidia:Principal-Firmware-Engineer---Server-Manageability-and-Observability_JR2001996,New,,,,,2026-07-19T06:44:31+00:00,2026-07-19T06:44:31+00:00
workday:nvidia:Principal-Platform-Software-Engineer---Data-Center-Server-Management_JR1978573,New,,,,,2026-07-19T06:44:31+00:00,2026-07-19T06:44:31+00:00
workday:nvidia:Senior-HPC-Performance-Engineer_JR1997214,New,,,,,2026-07-19T06:44:31+00:00,2026-07-19T06:44:31+00:00
workday:nvidia:Senior-System-Software-Engineer-Platform---OpenBMC_JR1999525,New,,,,,2026-07-19T06:44:31+00:00,2026-07-19T06:44:31+00:00
workday:nvidia:Senior-HPC-Architect_JR1999579,New,,,,,2026-07-19T06:44:31+00:00,2026-07-19T06:44:31+00:00
workday:nvidia:Distinguished-Software-Engineer---NVLink-Fusion-Software_JR2000295,New,,,,,2026-07-19T06:44:31+00:00,2026-07-19T06:44:31+00:00
workday:nvidia:Senior-Software-Engineer---Manufacturing-and-Factory_JR2020348-1,New,,,,,2026-07-19T06:44:31+00:00,2026-07-19T06:44:31+00:00
workday:nvidia:Chip-Design-Verification-Engineer_JR2013845,New,,,,,2026-07-19T06:44:31+00:00,2026-07-19T06:44:31+00:00
workday:nvidia:System-Software-Engineer--Calibration---Autonomous-Vehicles_JR2014856,New,,,,,2026-07-18T17:15:39+00:00,2026-07-18T17:15:39+00:00
workday:nvidia:Principal-Software-Engineer---CSP-Engagements_JR1998405,New,,,,,2026-07-18T17:15:39+00:00,2026-07-18T17:15:39+00:00
workday:nvidia:Manager--Software-TPM---Server-Firmware-and-System-Software_JR2007277-1,New,,,,,2026-07-18T17:15:39+00:00,2026-07-18T17:15:39+00:00
internshala:data-science-internship:3215341,New,,,,,2026-07-18T13:46:42+00:00,2026-07-18T13:46:42+00:00
internshala:data-science-internship:3215481,New,,,,,2026-07-18T13:46:42+00:00,2026-07-18T13:46:42+00:00
internshala:data-science-internship:3214557,New,,,,,2026-07-18T13:46:42+00:00,2026-07-18T13:46:42+00:00
internshala:data-science-internship:3214548,New,,,,,2026-07-18T13:46:42+00:00,2026-07-18T13:46:42+00:00
internshala:data-science-internship:3210171,New,,,,,2026-07-18T13:46:42+00:00,2026-07-18T13:46:42+00:00
internshala:data-science-internship:3214717,New,,,,,2026-07-18T13:46:42+00:00,2026-07-18T13:46:42+00:00
internshala:data-science-internship:3215144,New,,,,,2026-07-18T13:46:42+00:00,2026-07-18T13:46:42+00:00
internshala:data-science-internship:3215143,New,,,,,2026-07-18T13:46:42+00:00,2026-07-18T13:46:42+00:00
internshala:data-science-internship:3214728,New,,,,,2026-07-18T13:46:42+00:00,2026-07-18T13:46:42+00:00
internshala:data-science-internship:3214637,New,,,,,2026-07-18T13:46:42+00:00,2026-07-18T13:46:42+00:00
internshala:data-science-internship:3214627,New,,,,,2026-07-18T13:46:42+00:00,2026-07-18T13:46:42+00:00
internshala:data-science-internship:3214567,New,,,,,2026-07-18T13:46:42+00:00,2026-07-18T13:46:42+00:00
internshala:machine-learning-internship:3214560,New,,,,,2026-07-18T13:46:41+00:00,2026-07-18T13:46:41+00:00
internshala:machine-learning-internship:3210171,New,,,,,2026-07-18T13:46:41+00:00,2026-07-18T13:46:41+00:00
internshala:machine-learning-internship:3214548,New,,,,,2026-07-18T13:46:41+00:00,2026-07-18T13:46:41+00:00
internshala:machine-learning-internship:3214717,New,,,,,2026-07-18T13:46:41+00:00,2026-07-18T13:46:41+00:00
internshala:machine-learning-internship:3215143,New,,,,,2026-07-18T13:46:41+00:00,2026-07-18T13:46:41+00:00
internshala:machine-learning-internship:3215138,New,,,,,2026-07-18T13:46:41+00:00,2026-07-18T13:46:41+00:00
internshala:machine-learning-internship:3214613,New,,,,,2026-07-18T13:46:41+00:00,2026-07-18T13:46:41+00:00
internshala:machine-learning-internship:3214637,New,,,,,2026-07-18T13:46:41+00:00,2026-07-18T13:46:41+00:00
internshala:machine-learning-internship:3214627,New,,,,,2026-07-18T13:46:41+00:00,2026-07-18T13:46:41+00:00
internshala:artificial-intelligence-ai-internship:3214560,New,,,,,2026-07-18T13:46:41+00:00,2026-07-18T13:46:41+00:00
internshala:artificial-intelligence-ai-internship:3215481,New,,,,,2026-07-18T13:46:41+00:00,2026-07-18T13:46:41+00:00
internshala:artificial-intelligence-ai-internship:3210171,New,,,,,2026-07-18T13:46:41+00:00,2026-07-18T13:46:41+00:00
internshala:artificial-intelligence-ai-internship:3214588,New,,,,,2026-07-18T13:46:41+00:00,2026-07-18T13:46:41+00:00
internshala:artificial-intelligence-ai-internship:3214717,New,,,,,2026-07-18T13:46:41+00:00,2026-07-18T13:46:41+00:00
internshala:artificial-intelligence-ai-internship:3215143,New,,,,,2026-07-18T13:46:41+00:00,2026-07-18T13:46:41+00:00
internshala:artificial-intelligence-ai-internship:3214728,New,,,,,2026-07-18T13:46:41+00:00,2026-07-18T13:46:41+00:00
internshala:artificial-intelligence-ai-internship:3214637,New,,,,,2026-07-18T13:46:41+00:00,2026-07-18T13:46:41+00:00
internshala:artificial-intelligence-ai-internship:3214567,New,,,,,2026-07-18T13:46:41+00:00,2026-07-18T13:46:41+00:00
internshala:data-science-internship:3214560,New,,,,,2026-07-18T13:46:41+00:00,2026-07-18T13:46:41+00:00
internshala:data-science-internship:3213999,New,,,,,2026-07-18T13:46:41+00:00,2026-07-18T13:46:41+00:00
internshala:data-science-internship:3214588,New,,,,,2026-07-18T13:46:41+00:00,2026-07-18T13:46:41+00:00
internshala:data-science-internship:3214580,New,,,,,2026-07-18T13:46:41+00:00,2026-07-18T13:46:41+00:00
workday:nvidia:Senior-Software-Engineer--GoLang---DSX-MaxQ_JR2017740-1,New,,,,,2026-07-18T03:31:37+00:00,2026-07-18T03:31:37+00:00
workday:nvidia:Senior-Engineering-Manager--Object-Storage---DGX-Cloud_JR2021079-1,New,,,,,2026-07-18T03:31:37+00:00,2026-07-18T03:31:37+00:00
workday:nvidia:Photography-Digital-Operator--DigiTech_JR2010433,New,,,,,2026-07-18T03:31:37+00:00,2026-07-18T03:31:37+00:00
workday:nvidia:Senior-Manager--Engineering---Data-Center-Firmware_JR2019986,New,,,,,2026-07-18T03:31:37+00:00,2026-07-18T03:31:37+00:00
workday:nvidia:Senior-Data-Center-Performance-Engineer---Benchmarking-and-Optimization_JR2008808,New,,,,,2026-07-18T03:31:37+00:00,2026-07-18T03:31:37+00:00
workday:nvidia:Senior-Backend-Platform-Engineer_JR2021162,New,,,,,2026-07-18T03:31:37+00:00,2026-07-18T03:31:37+00:00
workday:nvidia:Senior-System-Software-Engineer---AV-Platform_JR2021284,New,,,,,2026-07-18T03:31:37+00:00,2026-07-18T03:31:37+00:00
workday:nvidia:Solutions-Architect--GenAI_JR2010247,New,,,,,2026-07-18T03:31:37+00:00,2026-07-18T03:31:37+00:00
workday:nvidia:Senior-Solutions-Architect--AI-Infrastructure_JR2021235,New,,,,,2026-07-18T03:31:37+00:00,2026-07-18T03:31:37+00:00
workday:nvidia:Lead-Systems-Software-Test-Engineer---CSP-Engagements_JR2020107,New,,,,,2026-07-18T03:31:37+00:00,2026-07-18T03:31:37+00:00
workday:nvidia:Business-Development-Manager--Ecosystem-GTM---Retail-and-Supply-Chain_JR2020131,New,,,,,2026-07-18T03:31:37+00:00,2026-07-18T03:31:37+00:00
workday:nvidia:Global-Account-Manager---AI-and-Accelerated-Computing-Solutions_JR2021401,New,,,,,2026-07-18T03:31:37+00:00,2026-07-18T03:31:37+00:00
workday:nvidia:Global-Account-Manager---Enterprise-and-NPN-Software-Sales_JR2021404,New,,,,,2026-07-18T03:31:37+00:00,2026-07-18T03:31:37+00:00
workday:nvidia:Solutions-Architect--Energy-OT-and-Industrial-AI_JR2021478,New,,,,,2026-07-18T03:31:37+00:00,2026-07-18T03:31:37+00:00
workday:nvidia:Principal-Software-Engineer--Vehicle-Dynamics-Simulation---AV_JR2020644-1,New,,,,,2026-07-18T03:31:37+00:00,2026-07-18T03:31:37+00:00
workday:nvidia:Senior-Security-Software-Engineer---AV-Platform_JR2021254,New,,,,,2026-07-18T03:31:37+00:00,2026-07-18T03:31:37+00:00
workday:nvidia:Senior-System-Software-Engineer---AV-Platform_JR2021102,New,,,,,2026-07-18T03:31:37+00:00,2026-07-18T03:31:37+00:00
workday:nvidia:Senior-DevOps-Engineer--Cloud-Simulation-Infrastructure_JR2021039,New,,,,,2026-07-18T03:31:37+00:00,2026-07-18T03:31:37+00:00
workday:nvidia:Senior-System-Software-Engineer---AV-Platform_JR2021287,New,,,,,2026-07-18T03:31:37+00:00,2026-07-18T03:31:37+00:00
workday:nvidia:Senior-IT-Auditor---Contract-Manufacturing-Partners_JR2019156,New,,,,,2026-07-18T03:31:37+00:00,2026-07-18T03:31:37+00:00
workday:nvidia:Senior-Manager--Datacenter-Software---Firmware-Release_JR2017131,New,,,,,2026-07-18T03:31:37+00:00,2026-07-18T03:31:37+00:00
workday:nvidia:Solutions-Architect--Agentic-AI_JR2002855,New,,,,,2026-07-18T03:31:37+00:00,2026-07-18T03:31:37+00:00
workday:nvidia:Senior-Network-Deployment-Engineer--PoP-Management---DGX-Cloud_JR2021543,New,,,,,2026-07-18T03:31:37+00:00,2026-07-18T03:31:37+00:00
workday:nvidia:Senior-Storage-Production-Engineer---DGX-Cloud_JR2021335,New,,,,,2026-07-18T03:31:37+00:00,2026-07-18T03:31:37+00:00
workday:nvidia:Systems-Software-Engineer--Accelerated-Kubernetes-Performance-and-Scale---New-College-Grad-2026_JR2020957,New,,,,,2026-07-18T03:31:37+00:00,2026-07-18T03:31:37+00:00
workday:nvidia:Senior-Technical-Program-Manager---Silicon-Co-Design_JR2021529,New,,,,,2026-07-18T03:31:37+00:00,2026-07-18T03:31:37+00:00
workday:nvidia:ASIC-Design-Engineer---New-College-Grad-2026_JR2021534,New,,,,,2026-07-18T03:31:37+00:00,2026-07-18T03:31:37+00:00
workday:nvidia:Product-Program-Manager_JR2021525,New,,,,,2026-07-18T03:31:37+00:00,2026-07-18T03:31:37+00:00
workday:nvidia:Senior-Firmware-Engineer---CSP-Engagements_JR1999599,New,,,,,2026-07-18T03:31:37+00:00,2026-07-18T03:31:37+00:00
workday:nvidia:Principal-Software-Engineer---Rack-Scale-Systems-Infrastructure_JR2017966,New,,,,,2026-07-18T03:31:37+00:00,2026-07-18T03:31:37+00:00
workday:nvidia:XMLNAME--Principal-Platform-Software-Engineer---RAS_JR2011909,New,,,,,2026-07-18T03:31:37+00:00,2026-07-18T03:31:37+00:00
workday:nvidia:Distinguished-Engineer--Storage---AI-Cloud_JR2018037,New,,,,,2026-07-18T03:31:37+00:00,2026-07-18T03:31:37+00:00
workday:nvidia:Senior-Applied-AI-Engineer_JR2021231-1,New,,,,,2026-07-18T03:31:37+00:00,2026-07-18T03:31:37+00:00
workday:nvidia:Senior-Software-Engineer--ASIC-Design-and-Verification-Tools_JR2012173,New,,,,,2026-07-18T03:31:37+00:00,2026-07-18T03:31:37+00:00
workday:nvidia:Senior-Software-Engineer--Compute-Sanitizer---GPU_JR2012501,New,,,,,2026-07-18T03:31:37+00:00,2026-07-18T03:31:37+00:00
workday:nvidia:System-Software-Engineer--GPU-Development-Tools_JR2015188,New,,,,,2026-07-18T03:31:37+00:00,2026-07-18T03:31:37+00:00
workday:nvidia:Senior-NPI-Technical-Program-Manager---Operations_JR2018403,New,,,,,2026-07-18T03:31:37+00:00,2026-07-18T03:31:37+00:00
workday:nvidia:Senior-Systems-Software-Security-Engineer---Data-Center-Systems_JR2004966-1,New,,,,,2026-07-18T03:31:37+00:00,2026-07-18T03:31:37+00:00
workday:salesforce:Technical-Architect---Data-Cloud_JR352405,New,,,,,2026-07-18T03:31:37+00:00,2026-07-18T03:31:37+00:00
workday:salesforce:Director--Customer-Success-Manager_JR343227,New,,,,,2026-07-18T03:31:37+00:00,2026-07-18T03:31:37+00:00
workday:salesforce:AI-GTM-Developer_JR352222,New,,,,,2026-07-18T03:31:37+00:00,2026-07-18T03:31:37+00:00
workday:salesforce:Mulesoft-Technical-Manager_JR327156,New,,,,,2026-07-18T03:31:37+00:00,2026-07-18T03:31:37+00:00
workday:salesforce:Salesforce-Technical-Architect--Revenue-Cloud-Or-Salesforce-CPQ-_JR327393,New,,,,,2026-07-18T03:31:37+00:00,2026-07-18T03:31:37+00:00
workday:salesforce:SFMC-Salesforce-Marketing-Cloud-Technical-Architect_JR328379,New,,,,,2026-07-18T03:31:37+00:00,2026-07-18T03:31:37+00:00
workday:salesforce:Salesforce-Technical-Architect--Consumer-goods--REX-or-TPM-or-CG-Cloud-exp-mandatory-_JR327810,New,,,,,2026-07-18T03:31:37+00:00,2026-07-18T03:31:37+00:00
workday:salesforce:Manager-Senior-Manager-Technical-Consulting--Salesforce-Experience-mandatory-_JR332873,New,,,,,2026-07-18T03:31:37+00:00,2026-07-18T03:31:37+00:00
workday:salesforce:Director--Delivery-Management_JR340412,New,,,,,2026-07-18T03:31:37+00:00,2026-07-18T03:31:37+00:00
workday:salesforce:Salesforce-SFS-Architect_JR344226,New,,,,,2026-07-18T03:31:37+00:00,2026-07-18T03:31:37+00:00
workday:salesforce:Agentforce-Technical-Architect_JR346147,New,,,,,2026-07-18T03:31:37+00:00,2026-07-18T03:31:37+00:00
workday:salesforce:Business-Development-Representative_JR351554,New,,,,,2026-07-18T03:31:37+00:00,2026-07-18T03:31:37+00:00
workday:salesforce:Technical-Architect---Agentforce-Revenue-Management_JR350992-1,New,,,,,2026-07-18T03:31:37+00:00,2026-07-18T03:31:37+00:00
workday:nvidia:Advanced-Software-Development-Engineer_JR2020678,New,,,,,2026-07-17T11:41:34+00:00,2026-07-17T11:41:34+00:00
workday:nvidia:Senior-Platform-Engineer--Network-Infrastructure_JR2021500,New,,,,,2026-07-17T11:41:34+00:00,2026-07-17T11:41:34+00:00
workday:nvidia:Senior-CPU-Compiler-Performance-Engineer_JR2021384,New,,,,,2026-07-17T11:41:34+00:00,2026-07-17T11:41:34+00:00
workday:nvidia:Business-Development-Lead--Automotive_JR2020859,New,,,,,2026-07-17T11:41:34+00:00,2026-07-17T11:41:34+00:00
workday:nvidia:Global-Account-Manager--Automotive_JR2020862,New,,,,,2026-07-17T11:41:34+00:00,2026-07-17T11:41:34+00:00
workday:nvidia:DFT-Verification-Engineer_JR2020895,New,,,,,2026-07-17T11:41:34+00:00,2026-07-17T11:41:34+00:00
workday:nvidia:Senior-Factory-Planner_JR2021320,New,,,,,2026-07-17T11:41:34+00:00,2026-07-17T11:41:34+00:00
workday:nvidia:Cyber-Security-Analyst_JR2015853,New,,,,,2026-07-17T11:41:34+00:00,2026-07-17T11:41:34+00:00
workday:nvidia:System-Performance-Analysis-Engineer--Silicon-Co-Design-Group_JR2019210,New,,,,,2026-07-17T11:41:34+00:00,2026-07-17T11:41:34+00:00
workday:nvidia:Senior-Software-Engineer--AI-Storage_JR2014785,New,,,,,2026-07-17T11:41:34+00:00,2026-07-17T11:41:34+00:00
workday:nvidia:Senior-Software-Engineer--DGXC-Data-Services_JR2003389,New,,,,,2026-07-17T11:41:34+00:00,2026-07-17T11:41:34+00:00
workday:nvidia:Senior-Solutions-Architect--Autonomous-Vehicles-and-Robotics_JR1995134,New,,,,,2026-07-17T11:41:34+00:00,2026-07-17T11:41:34+00:00
workday:nvidia:Senior-Network-Deployment-Engineer--Circuit-Management---DGX-Cloud_JR2021524,New,,,,,2026-07-17T11:41:34+00:00,2026-07-17T11:41:34+00:00
workday:nvidia:Senior-Solutions-Architect--Networking---Hyperscale_JR2008541,New,,,,,2026-07-17T11:41:34+00:00,2026-07-17T11:41:34+00:00
workday:nvidia:Senior-Network-Security-Engineer---DGX-Cloud_JR2021512,New,,,,,2026-07-17T11:41:34+00:00,2026-07-17T11:41:34+00:00
workday:nvidia:Solutions-Architect--Hyperscale_JR2002548,New,,,,,2026-07-17T11:41:34+00:00,2026-07-17T11:41:34+00:00
workday:nvidia:Software-Engineer--DOCA-SDK_JR2021303,New,,,,,2026-07-17T11:41:34+00:00,2026-07-17T11:41:34+00:00
workday:nvidia:Senior-Software-Engineer--Spatial-Intelligence-and-Foundation-Models_JR2021311-1,New,,,,,2026-07-17T11:41:34+00:00,2026-07-17T11:41:34+00:00
workday:nvidia:Senior-Solutions-Architect--Financial-Services_JR1999789,New,,,,,2026-07-17T11:41:34+00:00,2026-07-17T11:41:34+00:00
workday:nvidia:CPU-Performance-Architect_JR2016788,New,,,,,2026-07-17T11:41:34+00:00,2026-07-17T11:41:34+00:00
workday:salesforce:Summer-2027-Intern---Software-Engineer_JR337715,New,,,,,2026-07-17T11:41:34+00:00,2026-07-17T11:41:34+00:00
workday:salesforce:Salesforce-Senior-Technical-Architect--CTA-Aspirants-_JR347031,New,,,,,2026-07-17T11:41:34+00:00,2026-07-17T11:41:34+00:00
workday:salesforce:Product-Manager---Commerce-Platform--Hyderabad-_JR321301,New,,,,,2026-07-17T11:41:34+00:00,2026-07-17T11:41:34+00:00
workday:salesforce:Salesforce-Senior-Advisory-Architect_JR336979,New,,,,,2026-07-17T11:41:34+00:00,2026-07-17T11:41:34+00:00
workday:salesforce:Senior-Technical-Architect_JR332599,New,,,,,2026-07-17T11:41:34+00:00,2026-07-17T11:41:34+00:00
workday:salesforce:Salesforce-Senior-Technical-Architect--Technical-Architect_JR342766,New,,,,,2026-07-17T11:41:34+00:00,2026-07-17T11:41:34+00:00
workday:salesforce:Success-Guide_JR344925-1,New,,,,,2026-07-17T11:41:34+00:00,2026-07-17T11:41:34+00:00
workday:salesforce:Salesforce-Technical-Manager_JR334118,New,,,,,2026-07-17T11:41:34+00:00,2026-07-17T11:41:34+00:00
workday:salesforce:Salesforce-Technical-Architect_JR331971,New,,,,,2026-07-17T11:41:34+00:00,2026-07-17T11:41:34+00:00
workday:salesforce:Technical-Consultant_JR347562-1,New,,,,,2026-07-17T11:41:34+00:00,2026-07-17T11:41:34+00:00
workday:salesforce:Salesforce-Technical-Architect_JR326554-1,New,,,,,2026-07-17T11:41:34+00:00,2026-07-17T11:41:34+00:00
workday:salesforce:Director--Salesforce-Project-Management_JR317907-1,New,,,,,2026-07-17T11:41:34+00:00,2026-07-17T11:41:34+00:00
workday:salesforce:Performance-Engineer--MTS-SMTS-_JR312773,New,,,,,2026-07-17T11:41:34+00:00,2026-07-17T11:41:34+00:00
workday:salesforce:Senior-Technical-Consultant---B2B_JR352283,New,,,,,2026-07-17T11:41:34+00:00,2026-07-17T11:41:34+00:00
workday:salesforce:Manager-Technical-Consulting---Consumer-Goods---Retail_JR283555,New,,,,,2026-07-17T11:41:34+00:00,2026-07-17T11:41:34+00:00
workday:salesforce:Principal-Software-Engineer---PMTS---Bangalore_JR282414,New,,,,,2026-07-17T11:41:34+00:00,2026-07-17T11:41:34+00:00
workday:salesforce:Field-Marketing-Sr-Analyst---Executive-Programs--India_JR346747,New,,,,,2026-07-17T11:41:34+00:00,2026-07-17T11:41:34+00:00
workday:salesforce:Product-Manager--Billing---Operations_JR351178-1,New,,,,,2026-07-17T11:41:34+00:00,2026-07-17T11:41:34+00:00
workday:salesforce:Principal-Software-Engineer---PMTS_JR338244,New,,,,,2026-07-17T11:41:34+00:00,2026-07-17T11:41:34+00:00
workday:salesforce:Network-Security-Software-Development---SMTS_JR347776,New,,,,,2026-07-17T11:41:34+00:00,2026-07-17T11:41:34+00:00
internshala:artificial-intelligence-ai-internship:3214068,New,,,,,2026-07-17T11:39:16+00:00,2026-07-17T11:39:16+00:00
internshala:artificial-intelligence-ai-internship:3213598,New,,,,,2026-07-17T11:39:16+00:00,2026-07-17T11:39:16+00:00
internshala:artificial-intelligence-ai-internship:3213226,New,,,,,2026-07-17T11:39:16+00:00,2026-07-17T11:39:16+00:00
internshala:artificial-intelligence-ai-internship:3214491,New,,,,,2026-07-17T11:39:16+00:00,2026-07-17T11:39:16+00:00
internshala:artificial-intelligence-ai-internship:3213557,New,,,,,2026-07-17T11:39:16+00:00,2026-07-17T11:39:16+00:00
internshala:artificial-intelligence-ai-internship:3205689,New,,,,,2026-07-17T11:39:16+00:00,2026-07-17T11:39:16+00:00
internshala:artificial-intelligence-ai-internship:3213555,New,,,,,2026-07-17T11:39:16+00:00,2026-07-17T11:39:16+00:00
internshala:artificial-intelligence-ai-internship:3213971,New,,,,,2026-07-17T11:39:16+00:00,2026-07-17T11:39:16+00:00
internshala:artificial-intelligence-ai-internship:3203251,New,,,,,2026-07-17T11:39:16+00:00,2026-07-17T11:39:16+00:00
internshala:artificial-intelligence-ai-internship:3213151,New,,,,,2026-07-17T11:39:16+00:00,2026-07-17T11:39:16+00:00
internshala:artificial-intelligence-ai-internship:3214513,New,,,,,2026-07-17T11:39:16+00:00,2026-07-17T11:39:16+00:00
internshala:artificial-intelligence-ai-internship:3214512,New,,,,,2026-07-17T11:39:16+00:00,2026-07-17T11:39:16+00:00
internshala:artificial-intelligence-ai-internship:3214003,New,,,,,2026-07-17T11:39:16+00:00,2026-07-17T11:39:16+00:00
internshala:artificial-intelligence-ai-internship:3210923,New,,,,,2026-07-17T11:39:16+00:00,2026-07-17T11:39:16+00:00
internshala:artificial-intelligence-ai-internship:3213973,New,,,,,2026-07-17T11:39:16+00:00,2026-07-17T11:39:16+00:00
internshala:artificial-intelligence-ai-internship:3213227,New,,,,,2026-07-17T11:39:16+00:00,2026-07-17T11:39:16+00:00
internshala:artificial-intelligence-ai-internship:3210912,New,,,,,2026-07-17T11:39:16+00:00,2026-07-17T11:39:16+00:00
internshala:data-science-internship:3214068,New,,,,,2026-07-17T11:39:16+00:00,2026-07-17T11:39:16+00:00
internshala:data-science-internship:3214398,New,,,,,2026-07-17T11:39:16+00:00,2026-07-17T11:39:16+00:00
internshala:data-science-internship:3213226,New,,,,,2026-07-17T11:39:16+00:00,2026-07-17T11:39:16+00:00
internshala:data-science-internship:3214491,New,,,,,2026-07-17T11:39:16+00:00,2026-07-17T11:39:16+00:00
internshala:data-science-internship:3213971,New,,,,,2026-07-17T11:39:16+00:00,2026-07-17T11:39:16+00:00
internshala:data-science-internship:3214494,New,,,,,2026-07-17T11:39:16+00:00,2026-07-17T11:39:16+00:00
internshala:data-science-internship:3213992,New,,,,,2026-07-17T11:39:16+00:00,2026-07-17T11:39:16+00:00
internshala:data-science-internship:3214492,New,,,,,2026-07-17T11:39:16+00:00,2026-07-17T11:39:16+00:00
internshala:data-science-internship:3205689,New,,,,,2026-07-17T11:39:16+00:00,2026-07-17T11:39:16+00:00
internshala:data-science-internship:3214077,New,,,,,2026-07-17T11:39:16+00:00,2026-07-17T11:39:16+00:00
internshala:data-science-internship:3214251,New,,,,,2026-07-17T11:39:16+00:00,2026-07-17T11:39:16+00:00
internshala:data-science-internship:3213317,New,,,,,2026-07-17T11:39:16+00:00,2026-07-17T11:39:16+00:00
internshala:data-science-internship:3213598,New,,,,,2026-07-17T11:39:16+00:00,2026-07-17T11:39:16+00:00
internshala:data-science-internship:3213557,New,,,,,2026-07-17T11:39:16+00:00,2026-07-17T11:39:16+00:00
internshala:data-science-internship:3213555,New,,,,,2026-07-17T11:39:16+00:00,2026-07-17T11:39:16+00:00
internshala:data-science-internship:3213348,New,,,,,2026-07-17T11:39:16+00:00,2026-07-17T11:39:16+00:00
internshala:data-science-internship:3203251,New,,,,,2026-07-17T11:39:16+00:00,2026-07-17T11:39:16+00:00
internshala:data-science-internship:3213151,New,,,,,2026-07-17T11:39:16+00:00,2026-07-17T11:39:16+00:00
internshala:data-science-internship:3214513,New,,,,,2026-07-17T11:39:16+00:00,2026-07-17T11:39:16+00:00
internshala:data-science-internship:3214512,New,,,,,2026-07-17T11:39:16+00:00,2026-07-17T11:39:16+00:00
internshala:data-science-internship:3213551,New,,,,,2026-07-17T11:39:16+00:00,2026-07-17T11:39:16+00:00
internshala:data-science-internship:3214003,New,,,,,2026-07-17T11:39:16+00:00,2026-07-17T11:39:16+00:00
internshala:data-science-internship:3210923,New,,,,,2026-07-17T11:39:16+00:00,2026-07-17T11:39:16+00:00
internshala:data-science-internship:3213973,New,,,,,2026-07-17T11:39:16+00:00,2026-07-17T11:39:16+00:00
internshala:data-science-internship:3213589,New,,,,,2026-07-17T11:39:16+00:00,2026-07-17T11:39:16+00:00
internshala:data-science-internship:3213364,New,,,,,2026-07-17T11:39:16+00:00,2026-07-17T11:39:16+00:00
internshala:data-science-internship:3213363,New,,,,,2026-07-17T11:39:16+00:00,2026-07-17T11:39:16+00:00
internshala:data-science-internship:3213329,New,,,,,2026-07-17T11:39:16+00:00,2026-07-17T11:39:16+00:00
internshala:data-science-internship:3213350,New,,,,,2026-07-17T11:39:16+00:00,2026-07-17T11:39:16+00:00
internshala:data-science-internship:3213252,New,,,,,2026-07-17T11:39:16+00:00,2026-07-17T11:39:16+00:00
internshala:data-science-internship:3213227,New,,,,,2026-07-17T11:39:16+00:00,2026-07-17T11:39:16+00:00
internshala:machine-learning-internship:3213151,New,,,,,2026-07-17T11:39:15+00:00,2026-07-17T11:39:15+00:00
internshala:machine-learning-internship:3214068,New,,,,,2026-07-17T11:39:15+00:00,2026-07-17T11:39:15+00:00
internshala:machine-learning-internship:3213557,New,,,,,2026-07-17T11:39:15+00:00,2026-07-17T11:39:15+00:00
internshala:machine-learning-internship:3203251,New,,,,,2026-07-17T11:39:15+00:00,2026-07-17T11:39:15+00:00
internshala:machine-learning-internship:3213556,New,,,,,2026-07-17T11:39:15+00:00,2026-07-17T11:39:15+00:00
internshala:machine-learning-internship:3213971,New,,,,,2026-07-17T11:39:15+00:00,2026-07-17T11:39:15+00:00
internshala:machine-learning-internship:3213555,New,,,,,2026-07-17T11:39:15+00:00,2026-07-17T11:39:15+00:00
internshala:machine-learning-internship:3214491,New,,,,,2026-07-17T11:39:15+00:00,2026-07-17T11:39:15+00:00
internshala:machine-learning-internship:3214512,New,,,,,2026-07-17T11:39:15+00:00,2026-07-17T11:39:15+00:00
internshala:machine-learning-internship:3214003,New,,,,,2026-07-17T11:39:15+00:00,2026-07-17T11:39:15+00:00
internshala:machine-learning-internship:3214073,New,,,,,2026-07-17T11:39:15+00:00,2026-07-17T11:39:15+00:00
internshala:machine-learning-internship:3210923,New,,,,,2026-07-17T11:39:15+00:00,2026-07-17T11:39:15+00:00
internshala:machine-learning-internship:3213973,New,,,,,2026-07-17T11:39:15+00:00,2026-07-17T11:39:15+00:00
greenhouse:razorpaysoftwareprivatelimited:4695252005,New,,,,,2026-07-17T10:10:45+00:00,2026-07-17T10:10:45+00:00
greenhouse:razorpaysoftwareprivatelimited:4715361005,New,,,,,2026-07-17T10:10:45+00:00,2026-07-17T10:10:45+00:00
greenhouse:postman:7770445003,New,,,,,2026-07-17T03:34:58+00:00,2026-07-17T03:34:58+00:00
workday:nvidia:Senior-Solutions-Architect--Cluster-Design-and-Architecture---Networking_JR2008988,New,,,,,2026-07-16T23:12:19+00:00,2026-07-16T23:12:19+00:00
workday:nvidia:Manager--Deep-Learning-Algorithms_JR2020646,New,,,,,2026-07-16T23:12:19+00:00,2026-07-16T23:12:19+00:00
workday:nvidia:Senior-AI-Solutions-Architect---Industrial-Engineering_JR2020233-1,New,,,,,2026-07-16T23:12:19+00:00,2026-07-16T23:12:19+00:00
workday:nvidia:Senior-Solutions-Architect--NVIDIA-Cloud-Partners---Mexico_JR2016689,New,,,,,2026-07-16T23:12:19+00:00,2026-07-16T23:12:19+00:00
workday:nvidia:Senior-AI-and-Machine-Learning-Specialist_JR2021375,New,,,,,2026-07-16T23:12:19+00:00,2026-07-16T23:12:19+00:00
workday:nvidia:Senior-Machine-Learning-Graphics-Engineer--AI-for-Experiences_JR2021505,New,,,,,2026-07-16T23:12:19+00:00,2026-07-16T23:12:19+00:00
workday:nvidia:Senior-Network-Modeling-Engineer_JR2021295,New,,,,,2026-07-16T23:12:19+00:00,2026-07-16T23:12:19+00:00
workday:nvidia:Manager--Solutions-Architecture---Retail_JR2018905-1,New,,,,,2026-07-16T23:12:19+00:00,2026-07-16T23:12:19+00:00
workday:nvidia:ASIC-Verification-Engineer---GPU_JR2019813,New,,,,,2026-07-16T23:12:19+00:00,2026-07-16T23:12:19+00:00
workday:nvidia:Solutions-Architect--Model-Builder---LATAM_JR2016016,New,,,,,2026-07-16T23:12:19+00:00,2026-07-16T23:12:19+00:00
workday:nvidia:Hardware-Failure-Analysis-Engineer---Electro-Optic-Interconnect_JR2021380-1,New,,,,,2026-07-16T23:12:19+00:00,2026-07-16T23:12:19+00:00
workday:nvidia:Solutions-Architect--Supercomputing_JR2015686,New,,,,,2026-07-16T23:12:19+00:00,2026-07-16T23:12:19+00:00
workday:nvidia:Senior-Account-Manager---Financial-Services_JR2017589,New,,,,,2026-07-16T23:12:19+00:00,2026-07-16T23:12:19+00:00
workday:nvidia:Hardware-Failure-Analysis-Engineer---Physical-Failure-Analysis_JR2021383,New,,,,,2026-07-16T23:12:19+00:00,2026-07-16T23:12:19+00:00
workday:nvidia:Senior-Software-Engineer--AI-Performance-Analysis_JR2017417,New,,,,,2026-07-16T23:12:19+00:00,2026-07-16T23:12:19+00:00
workday:nvidia:Senior-Quantum-Computing-Libraries-Engineer_JR2012496,New,,,,,2026-07-16T23:12:19+00:00,2026-07-16T23:12:19+00:00
workday:nvidia:Senior-Software-Engineer---AI-Inference_JR2016392,New,,,,,2026-07-16T23:12:19+00:00,2026-07-16T23:12:19+00:00
workday:nvidia:Senior-Solutions-Architect--AI---Accelerated-Physics_JR2019849,New,,,,,2026-07-16T23:12:19+00:00,2026-07-16T23:12:19+00:00
workday:nvidia:VLSI-Design-Automation-Software-Engineer_JR2021481,New,,,,,2026-07-16T23:12:19+00:00,2026-07-16T23:12:19+00:00
workday:nvidia:Senior-ASIC-Verification-Engineer_JR2015156,New,,,,,2026-07-16T23:12:19+00:00,2026-07-16T23:12:19+00:00
workday:nvidia:Senior-Robotics-Research-Scientist_JR2000652,New,,,,,2026-07-16T23:12:19+00:00,2026-07-16T23:12:19+00:00
workday:nvidia:Solution-Architect---Telco-Network_JR2015234-1,New,,,,,2026-07-16T23:12:19+00:00,2026-07-16T23:12:19+00:00
workday:nvidia:Senior-Signal-and-Power-Integrity-Engineer---Hardware_JR1996397,New,,,,,2026-07-16T23:12:19+00:00,2026-07-16T23:12:19+00:00
workday:nvidia:Senior-AI-Solutions-Architect_JR2016565,New,,,,,2026-07-16T23:12:19+00:00,2026-07-16T23:12:19+00:00
workday:nvidia:Senior-Platform-Telemetry-Engineer_JR2002276,New,,,,,2026-07-16T23:12:19+00:00,2026-07-16T23:12:19+00:00
workday:nvidia:Senior-Software-Engineer--Cloud-Native-Stack---CSP-Engagements_JR2001098,New,,,,,2026-07-16T23:12:19+00:00,2026-07-16T23:12:19+00:00
workday:nvidia:Senior-Circuit-Design-Engineer_JR2014591,New,,,,,2026-07-16T23:12:19+00:00,2026-07-16T23:12:19+00:00
workday:nvidia:Senior-AI-Solutions-Architect---Semiconductors_JR2020230,New,,,,,2026-07-16T23:12:19+00:00,2026-07-16T23:12:19+00:00
workday:nvidia:SLT-Test-Engineer_JR2017506,New,,,,,2026-07-16T23:12:19+00:00,2026-07-16T23:12:19+00:00
workday:salesforce:Software-Engineering-SMTS--Enterprise-IAM_JR338885,New,,,,,2026-07-16T23:12:19+00:00,2026-07-16T23:12:19+00:00
workday:salesforce:Manager-Sr-Analyst--Finance-Predictive-Analytics_JR352065,New,,,,,2026-07-16T23:12:19+00:00,2026-07-16T23:12:19+00:00
workday:salesforce:Forward-Deployed-Engineer--FDE----Public-Sector--Nonprofit---Education_JR352223,New,,,,,2026-07-16T23:12:19+00:00,2026-07-16T23:12:19+00:00
workday:salesforce:Engagement-Delivery-Director---HLS---Health---Life-Sciences_JR352235,New,,,,,2026-07-16T23:12:19+00:00,2026-07-16T23:12:19+00:00
workday:salesforce:Account-Partner-Director_JR352178,New,,,,,2026-07-16T23:12:19+00:00,2026-07-16T23:12:19+00:00
workday:salesforce:Customer-Success-Manager---Global-Public-Sector--Education-_JR350308-1,New,,,,,2026-07-16T23:12:19+00:00,2026-07-16T23:12:19+00:00
workday:salesforce:Venture-Capital-Operations-Sr-Lead_JR345699,New,,,,,2026-07-16T23:12:19+00:00,2026-07-16T23:12:19+00:00
workday:salesforce:Customer-Success-Product-Adoption-Director_JR347093,New,,,,,2026-07-16T23:12:19+00:00,2026-07-16T23:12:19+00:00
workday:salesforce:Marketing-Specialist-Account-Executive--Non-Profit_JR351796,New,,,,,2026-07-16T23:12:19+00:00,2026-07-16T23:12:19+00:00
workday:salesforce:Lead-Qualified-Success-Architect_JR352183,New,,,,,2026-07-16T23:12:19+00:00,2026-07-16T23:12:19+00:00
workday:salesforce:Agentforce-Success-Architect_JR336652,New,,,,,2026-07-16T23:12:19+00:00,2026-07-16T23:12:19+00:00
workday:salesforce:Customer-Success-Manager--Senior-Manager---Core-Clouds--Sales---Service-_JR349284,New,,,,,2026-07-16T23:12:19+00:00,2026-07-16T23:12:19+00:00
workday:salesforce:Customer-Success-Manager---Core--Sales---Service--Clouds_JR332336-1,New,,,,,2026-07-16T23:12:19+00:00,2026-07-16T23:12:19+00:00
workday:salesforce:Senior-AI-and-Data-Architect_JR342472-1,New,,,,,2026-07-16T23:12:19+00:00,2026-07-16T23:12:19+00:00
workday:salesforce:Account-Partner_JR352194,New,,,,,2026-07-16T23:12:19+00:00,2026-07-16T23:12:19+00:00
workday:salesforce:Deployment-Strategist---Public-Sector--Nonprofit---Education_JR352189,New,,,,,2026-07-16T23:12:19+00:00,2026-07-16T23:12:19+00:00
workday:salesforce:Senior-Lead-Solution-Engineer--Higher-Education-_JR340428,New,,,,,2026-07-16T23:12:19+00:00,2026-07-16T23:12:19+00:00
workday:salesforce:Workday-Software-Engineer---MTS_JR344779,New,,,,,2026-07-16T23:12:19+00:00,2026-07-16T23:12:19+00:00
workday:salesforce:Senior-Product-Manager---Agentforce-IT_JR347614,New,,,,,2026-07-16T23:12:19+00:00,2026-07-16T23:12:19+00:00
workday:salesforce:ES-Workday-Integrations-Analyst_JR349958,New,,,,,2026-07-16T23:12:19+00:00,2026-07-16T23:12:19+00:00
workday:salesforce:Senior-Director--Customer-Success-Management_JR350012,New,,,,,2026-07-16T23:12:19+00:00,2026-07-16T23:12:19+00:00
workday:salesforce:Analytics-Business-Partner_JR350648,New,,,,,2026-07-16T23:12:19+00:00,2026-07-16T23:12:19+00:00
workday:nvidia:Data-Administrator--Intellectual-Property-Records_JR2019316,New,,,,,2026-07-16T23:12:18+00:00,2026-07-16T23:12:18+00:00
workday:nvidia:Senior-Network-Modeling-Architect_JR2021271,New,,,,,2026-07-16T23:12:18+00:00,2026-07-16T23:12:18+00:00
workday:nvidia:Senior-Solutions-Architect--Generative-AI-Deployment-and-AIOps_JR2015676,New,,,,,2026-07-16T23:12:18+00:00,2026-07-16T23:12:18+00:00
workday:nvidia:Technical-Project-Manager---Data-Center-Construction_JR2021251,New,,,,,2026-07-16T23:12:18+00:00,2026-07-16T23:12:18+00:00
workday:nvidia:Senior-Hardware-Applications-Engineer--Data-Center_JR2018094,New,,,,,2026-07-16T23:12:18+00:00,2026-07-16T23:12:18+00:00
workday:nvidia:Principal-Power-and-Thermal-Innovation-Architect_JR2019347-1,New,,,,,2026-07-16T23:12:18+00:00,2026-07-16T23:12:18+00:00
workday:nvidia:Staff-System-Software-Engineer--RTL-to-GDS-Flow-Platform_JR2018368,New,,,,,2026-07-16T23:12:18+00:00,2026-07-16T23:12:18+00:00
workday:nvidia:Senior-Solutions-Architect--NVIDIA-Cloud-Partners---Telco_JR2020710,New,,,,,2026-07-16T23:12:18+00:00,2026-07-16T23:12:18+00:00
greenhouse:razorpaysoftwareprivatelimited:4715775005,New,,,,,2026-07-16T14:19:48+00:00,2026-07-16T14:19:48+00:00
workday:salesforce:Business-Development-Representative_JR351731,New,,,,,2026-07-16T10:23:20+00:00,2026-07-16T10:23:20+00:00
workday:salesforce:Software-Engineering-SMTS---DevOps_JR347004,New,,,,,2026-07-16T10:23:20+00:00,2026-07-16T10:23:20+00:00
workday:salesforce:Senior-Technical-Writer_JR336886,New,,,,,2026-07-16T10:23:20+00:00,2026-07-16T10:23:20+00:00
workday:salesforce:Success-Architect---DevOps---Industries_JR329680,New,,,,,2026-07-16T10:23:20+00:00,2026-07-16T10:23:20+00:00
workday:salesforce:Software-Engineering-MTS_JR338172-1,New,,,,,2026-07-16T10:23:20+00:00,2026-07-16T10:23:20+00:00
workday:salesforce:Senior-Director--Builder-SE_JR350005,New,,,,,2026-07-16T10:23:20+00:00,2026-07-16T10:23:20+00:00
workday:salesforce:Solution-Architect---Sr-Solution-Architect---Regulated-Industries_JR352048,New,,,,,2026-07-16T10:23:20+00:00,2026-07-16T10:23:20+00:00
workday:salesforce:Qualified-Success-Architect_JR345291,New,,,,,2026-07-16T10:23:20+00:00,2026-07-16T10:23:20+00:00
workday:nvidia:Senior-Solutions-Architect--AI-Infrastructure-Enterprise-ISVs_JR2021244,New,,,,,2026-07-16T10:23:19+00:00,2026-07-16T10:23:19+00:00
workday:nvidia:Solutions-Architect--Physical-AI-and-Omniverse_JR2021416,New,,,,,2026-07-16T10:23:19+00:00,2026-07-16T10:23:19+00:00
workday:nvidia:Senior-Foundry-Development-Engineer_JR2021546,New,,,,,2026-07-16T10:23:19+00:00,2026-07-16T10:23:19+00:00
workday:nvidia:Senior-Solutions-Architect--Agentic-AI_JR2021199,New,,,,,2026-07-16T10:23:19+00:00,2026-07-16T10:23:19+00:00
workday:nvidia:CPU-Performance-Developer-Technology-Engineer_JR2019416,New,,,,,2026-07-16T10:23:19+00:00,2026-07-16T10:23:19+00:00
workday:nvidia:Senior-Verification-Engineer--Switch-SoC_JR2021393,New,,,,,2026-07-16T10:23:19+00:00,2026-07-16T10:23:19+00:00
workday:nvidia:Manager--AIR-SaaS-Platform-Verification_JR2021309,New,,,,,2026-07-16T10:23:19+00:00,2026-07-16T10:23:19+00:00
workday:nvidia:Senior-Platform-Engineer--Network-Infrastructure---DGX-Cloud_JR2021436,New,,,,,2026-07-16T10:23:19+00:00,2026-07-16T10:23:19+00:00
workday:nvidia:Principal-Software-Engineer---Cloud-Services_JR2021408,New,,,,,2026-07-16T10:23:19+00:00,2026-07-16T10:23:19+00:00
workday:nvidia:Firmware-Architect---Network-Adapter-Firmware_JR2020988,New,,,,,2026-07-16T10:23:19+00:00,2026-07-16T10:23:19+00:00
workday:nvidia:DevOps-Engineer_JR2020630,New,,,,,2026-07-16T10:23:19+00:00,2026-07-16T10:23:19+00:00
workday:nvidia:Senior-CPU-Compiler-Performance-Engineer_JR2021377,New,,,,,2026-07-16T10:23:19+00:00,2026-07-16T10:23:19+00:00
workday:nvidia:Senior-Mixed-Signal-Circuit-Design-Engineer_JR2021118,New,,,,,2026-07-16T10:23:19+00:00,2026-07-16T10:23:19+00:00
workday:nvidia:Deep-Learning-Performance-Software-Engineer_JR2020134,New,,,,,2026-07-16T10:23:19+00:00,2026-07-16T10:23:19+00:00
workday:nvidia:Senior-Test-Development-Engineer---Data-Center-System-Software_JR2021386,New,,,,,2026-07-16T10:23:19+00:00,2026-07-16T10:23:19+00:00
workday:nvidia:Solutions-Architect---NVIDIA-Cloud-Partners_JR2021293,New,,,,,2026-07-16T10:23:19+00:00,2026-07-16T10:23:19+00:00
workday:nvidia:Senior-ASIC-Power-and-Thermal-Engineer_JR1998409,New,,,,,2026-07-16T10:23:19+00:00,2026-07-16T10:23:19+00:00
workday:nvidia:Firmware-Design-Engineer_JR2014381,New,,,,,2026-07-16T10:23:19+00:00,2026-07-16T10:23:19+00:00
workday:nvidia:Senior-Deep-Learning-Systems-Architect_JR2003682,New,,,,,2026-07-16T10:23:19+00:00,2026-07-16T10:23:19+00:00
workday:nvidia:Senior-Software-Infrastructure-Engineer---Chip-Design_JR2021392,New,,,,,2026-07-16T10:23:19+00:00,2026-07-16T10:23:19+00:00
workday:nvidia:Account-Manager--Healthcare-MedTech_JR2021456,New,,,,,2026-07-16T10:23:19+00:00,2026-07-16T10:23:19+00:00
workday:nvidia:Firmware-Engineer_JR2021017,New,,,,,2026-07-16T10:23:19+00:00,2026-07-16T10:23:19+00:00
workday:nvidia:Senior-System-Architect---Rack-and-Platform-Pathfinding_JR2014628,New,,,,,2026-07-16T10:23:19+00:00,2026-07-16T10:23:19+00:00
workday:nvidia:Software-QA-Test-Developer---Windows-Devices-Validation_JR2021111,New,,,,,2026-07-16T10:23:19+00:00,2026-07-16T10:23:19+00:00
workday:nvidia:Senior-Formal-Verification-Engineer_JR2017954,New,,,,,2026-07-16T10:23:19+00:00,2026-07-16T10:23:19+00:00
workday:nvidia:Senior-Software-Engineer---BaseOS_JR2018594,New,,,,,2026-07-16T10:23:19+00:00,2026-07-16T10:23:19+00:00
workday:nvidia:Senior-Storage-Software-Engineer--DGXC-Data-Services_JR2020844,New,,,,,2026-07-16T10:23:19+00:00,2026-07-16T10:23:19+00:00
workday:nvidia:Principal-Systems-Software-Engineer_JR2021260,New,,,,,2026-07-16T10:23:19+00:00,2026-07-16T10:23:19+00:00
workday:nvidia:Senior-Data-Engineer--PE_JR2021331,New,,,,,2026-07-16T10:23:19+00:00,2026-07-16T10:23:19+00:00
workday:nvidia:Senior-DevOps-Engineer_JR2021329,New,,,,,2026-07-16T10:23:19+00:00,2026-07-16T10:23:19+00:00
workday:nvidia:Relational-Foundation-Model-Engineer--Modern-Data-Stack_JR2020224,New,,,,,2026-07-16T10:23:19+00:00,2026-07-16T10:23:19+00:00
workday:nvidia:Senior-Radar-Perception-Engineer--Obstacle-Foundation-Models---Autonomous-Vehicles_JR2021077,New,,,,,2026-07-16T10:23:19+00:00,2026-07-16T10:23:19+00:00
workday:nvidia:Senior-Machine-Learning-Engineer---Automotive_JR2021136,New,,,,,2026-07-16T10:23:19+00:00,2026-07-16T10:23:19+00:00
workday:nvidia:Account-Manager---Semiconductor-Ecosystem_JR2021318,New,,,,,2026-07-16T10:23:19+00:00,2026-07-16T10:23:19+00:00
workday:nvidia:Principal-Architect--Applied-Research---Accelerator-Programming-Model-and-Compiler_JR2021464,New,,,,,2026-07-16T10:23:19+00:00,2026-07-16T10:23:19+00:00
workday:nvidia:Senior-Software-Developer--AI-Networking_JR2021177,New,,,,,2026-07-16T10:23:19+00:00,2026-07-16T10:23:19+00:00
workday:nvidia:Senior-C---Software-Engineer_JR2021180,New,,,,,2026-07-16T10:23:19+00:00,2026-07-16T10:23:19+00:00
workday:nvidia:Physical-Design-Methodology-and-Operations-Engineer---New-College-Grad-2026_JR2021434,New,,,,,2026-07-16T10:23:19+00:00,2026-07-16T10:23:19+00:00
workday:nvidia:Executive-Communications-Manager_JR2017475,New,,,,,2026-07-16T10:23:19+00:00,2026-07-16T10:23:19+00:00
workday:nvidia:Senior-AI-Compute-Engineer_JR2019285,New,,,,,2026-07-16T10:23:19+00:00,2026-07-16T10:23:19+00:00
workday:salesforce:SMTS-LMTS-Distributed-Systems---Public-Cloud--GCP_JR314149,New,,,,,2026-07-16T10:23:19+00:00,2026-07-16T10:23:19+00:00
workday:salesforce:Senior-Product-Manager---Informatica_JR343874,New,,,,,2026-07-16T10:23:19+00:00,2026-07-16T10:23:19+00:00
workday:salesforce:Program-Manager---Strategy-and-Operations_JR327797,New,,,,,2026-07-16T10:23:19+00:00,2026-07-16T10:23:19+00:00
workday:salesforce:Associate--Account-Solution-Engineer---Retail-and-Consumer-Goods_JR351903-1,New,,,,,2026-07-16T10:23:19+00:00,2026-07-16T10:23:19+00:00
workday:salesforce:Sales-Compensation-Analys_JR339056,New,,,,,2026-07-16T10:23:19+00:00,2026-07-16T10:23:19+00:00
workday:salesforce:Director--Product-Management--AgentExchange_JR351271,New,,,,,2026-07-16T10:23:19+00:00,2026-07-16T10:23:19+00:00
workday:salesforce:Business-Development-Representative_JR351732,New,,,,,2026-07-16T10:23:19+00:00,2026-07-16T10:23:19+00:00
internshala:machine-learning-internship:3210198,New,,,,,2026-07-16T10:21:03+00:00,2026-07-16T10:21:03+00:00
internshala:machine-learning-internship:3212884,New,,,,,2026-07-16T10:21:03+00:00,2026-07-16T10:21:03+00:00
internshala:machine-learning-internship:3211365,New,,,,,2026-07-16T10:21:03+00:00,2026-07-16T10:21:03+00:00
internshala:machine-learning-internship:3212989,New,,,,,2026-07-16T10:21:03+00:00,2026-07-16T10:21:03+00:00
internshala:machine-learning-internship:3213109,New,,,,,2026-07-16T10:21:03+00:00,2026-07-16T10:21:03+00:00
internshala:machine-learning-internship:3211595,New,,,,,2026-07-16T10:21:03+00:00,2026-07-16T10:21:03+00:00
internshala:machine-learning-internship:3212998,New,,,,,2026-07-16T10:21:03+00:00,2026-07-16T10:21:03+00:00
internshala:machine-learning-internship:3211086,New,,,,,2026-07-16T10:21:03+00:00,2026-07-16T10:21:03+00:00
internshala:machine-learning-internship:3210826,New,,,,,2026-07-16T10:21:03+00:00,2026-07-16T10:21:03+00:00
internshala:machine-learning-internship:3211571,New,,,,,2026-07-16T10:21:03+00:00,2026-07-16T10:21:03+00:00
internshala:machine-learning-internship:3212977,New,,,,,2026-07-16T10:21:03+00:00,2026-07-16T10:21:03+00:00
internshala:machine-learning-internship:3212902,New,,,,,2026-07-16T10:21:03+00:00,2026-07-16T10:21:03+00:00
internshala:machine-learning-internship:3211722,New,,,,,2026-07-16T10:21:03+00:00,2026-07-16T10:21:03+00:00
internshala:machine-learning-internship:3211616,New,,,,,2026-07-16T10:21:03+00:00,2026-07-16T10:21:03+00:00
internshala:machine-learning-internship:3211439,New,,,,,2026-07-16T10:21:03+00:00,2026-07-16T10:21:03+00:00
internshala:machine-learning-internship:3211324,New,,,,,2026-07-16T10:21:03+00:00,2026-07-16T10:21:03+00:00
internshala:machine-learning-internship:3211382,New,,,,,2026-07-16T10:21:03+00:00,2026-07-16T10:21:03+00:00
internshala:machine-learning-internship:3211366,New,,,,,2026-07-16T10:21:03+00:00,2026-07-16T10:21:03+00:00
internshala:artificial-intelligence-ai-internship:3212884,New,,,,,2026-07-16T10:21:03+00:00,2026-07-16T10:21:03+00:00
internshala:artificial-intelligence-ai-internship:3212989,New,,,,,2026-07-16T10:21:03+00:00,2026-07-16T10:21:03+00:00
internshala:artificial-intelligence-ai-internship:3211595,New,,,,,2026-07-16T10:21:03+00:00,2026-07-16T10:21:03+00:00
internshala:artificial-intelligence-ai-internship:3212998,New,,,,,2026-07-16T10:21:03+00:00,2026-07-16T10:21:03+00:00
internshala:artificial-intelligence-ai-internship:3211330,New,,,,,2026-07-16T10:21:03+00:00,2026-07-16T10:21:03+00:00
internshala:artificial-intelligence-ai-internship:3212927,New,,,,,2026-07-16T10:21:03+00:00,2026-07-16T10:21:03+00:00
internshala:artificial-intelligence-ai-internship:3213109,New,,,,,2026-07-16T10:21:03+00:00,2026-07-16T10:21:03+00:00
internshala:artificial-intelligence-ai-internship:3210605,New,,,,,2026-07-16T10:21:03+00:00,2026-07-16T10:21:03+00:00
internshala:artificial-intelligence-ai-internship:3211086,New,,,,,2026-07-16T10:21:03+00:00,2026-07-16T10:21:03+00:00
internshala:artificial-intelligence-ai-internship:3210198,New,,,,,2026-07-16T10:21:03+00:00,2026-07-16T10:21:03+00:00
internshala:artificial-intelligence-ai-internship:3210826,New,,,,,2026-07-16T10:21:03+00:00,2026-07-16T10:21:03+00:00
internshala:artificial-intelligence-ai-internship:3211254,New,,,,,2026-07-16T10:21:03+00:00,2026-07-16T10:21:03+00:00
internshala:artificial-intelligence-ai-internship:3212902,New,,,,,2026-07-16T10:21:03+00:00,2026-07-16T10:21:03+00:00
internshala:artificial-intelligence-ai-internship:3210413,New,,,,,2026-07-16T10:21:03+00:00,2026-07-16T10:21:03+00:00
internshala:artificial-intelligence-ai-internship:3211612,New,,,,,2026-07-16T10:21:03+00:00,2026-07-16T10:21:03+00:00
internshala:artificial-intelligence-ai-internship:3211439,New,,,,,2026-07-16T10:21:03+00:00,2026-07-16T10:21:03+00:00
internshala:artificial-intelligence-ai-internship:3211324,New,,,,,2026-07-16T10:21:03+00:00,2026-07-16T10:21:03+00:00
internshala:artificial-intelligence-ai-internship:3211446,New,,,,,2026-07-16T10:21:03+00:00,2026-07-16T10:21:03+00:00
internshala:artificial-intelligence-ai-internship:3211365,New,,,,,2026-07-16T10:21:03+00:00,2026-07-16T10:21:03+00:00
internshala:artificial-intelligence-ai-internship:3211323,New,,,,,2026-07-16T10:21:03+00:00,2026-07-16T10:21:03+00:00
internshala:artificial-intelligence-ai-internship:3211382,New,,,,,2026-07-16T10:21:03+00:00,2026-07-16T10:21:03+00:00
internshala:artificial-intelligence-ai-internship:3211366,New,,,,,2026-07-16T10:21:03+00:00,2026-07-16T10:21:03+00:00
internshala:artificial-intelligence-ai-internship:3211300,New,,,,,2026-07-16T10:21:03+00:00,2026-07-16T10:21:03+00:00
internshala:data-science-internship:3197267,New,,,,,2026-07-16T10:21:03+00:00,2026-07-16T10:21:03+00:00
internshala:data-science-internship:3212884,New,,,,,2026-07-16T10:21:03+00:00,2026-07-16T10:21:03+00:00
internshala:data-science-internship:3212989,New,,,,,2026-07-16T10:21:03+00:00,2026-07-16T10:21:03+00:00
internshala:data-science-internship:3213009,New,,,,,2026-07-16T10:21:03+00:00,2026-07-16T10:21:03+00:00
internshala:data-science-internship:3212998,New,,,,,2026-07-16T10:21:03+00:00,2026-07-16T10:21:03+00:00
internshala:data-science-internship:3213014,New,,,,,2026-07-16T10:21:03+00:00,2026-07-16T10:21:03+00:00
internshala:data-science-internship:3213000,New,,,,,2026-07-16T10:21:03+00:00,2026-07-16T10:21:03+00:00
internshala:data-science-internship:3212927,New,,,,,2026-07-16T10:21:03+00:00,2026-07-16T10:21:03+00:00
internshala:data-science-internship:3213109,New,,,,,2026-07-16T10:21:03+00:00,2026-07-16T10:21:03+00:00
internshala:data-science-internship:3211595,New,,,,,2026-07-16T10:21:03+00:00,2026-07-16T10:21:03+00:00
internshala:data-science-internship:3210605,New,,,,,2026-07-16T10:21:03+00:00,2026-07-16T10:21:03+00:00
internshala:data-science-internship:3213021,New,,,,,2026-07-16T10:21:03+00:00,2026-07-16T10:21:03+00:00
internshala:data-science-internship:3213017,New,,,,,2026-07-16T10:21:03+00:00,2026-07-16T10:21:03+00:00
internshala:data-science-internship:3211330,New,,,,,2026-07-16T10:21:03+00:00,2026-07-16T10:21:03+00:00
internshala:data-science-internship:3211086,New,,,,,2026-07-16T10:21:03+00:00,2026-07-16T10:21:03+00:00
internshala:data-science-internship:3211234,New,,,,,2026-07-16T10:21:03+00:00,2026-07-16T10:21:03+00:00
internshala:data-science-internship:3210198,New,,,,,2026-07-16T10:21:03+00:00,2026-07-16T10:21:03+00:00
internshala:data-science-internship:3210826,New,,,,,2026-07-16T10:21:03+00:00,2026-07-16T10:21:03+00:00
internshala:data-science-internship:3213162,New,,,,,2026-07-16T10:21:03+00:00,2026-07-16T10:21:03+00:00
internshala:data-science-internship:3213160,New,,,,,2026-07-16T10:21:03+00:00,2026-07-16T10:21:03+00:00
internshala:data-science-internship:3211571,New,,,,,2026-07-16T10:21:03+00:00,2026-07-16T10:21:03+00:00
internshala:data-science-internship:3213011,New,,,,,2026-07-16T10:21:03+00:00,2026-07-16T10:21:03+00:00
internshala:data-science-internship:3212962,New,,,,,2026-07-16T10:21:03+00:00,2026-07-16T10:21:03+00:00
internshala:data-science-internship:3212902,New,,,,,2026-07-16T10:21:03+00:00,2026-07-16T10:21:03+00:00
internshala:data-science-internship:3212893,New,,,,,2026-07-16T10:21:03+00:00,2026-07-16T10:21:03+00:00
internshala:data-science-internship:3210412,New,,,,,2026-07-16T10:21:03+00:00,2026-07-16T10:21:03+00:00
internshala:data-science-internship:3210413,New,,,,,2026-07-16T10:21:03+00:00,2026-07-16T10:21:03+00:00
internshala:data-science-internship:3211722,New,,,,,2026-07-16T10:21:03+00:00,2026-07-16T10:21:03+00:00
internshala:data-science-internship:3211564,New,,,,,2026-07-16T10:21:03+00:00,2026-07-16T10:21:03+00:00
internshala:data-science-internship:3210361,New,,,,,2026-07-16T10:21:03+00:00,2026-07-16T10:21:03+00:00
internshala:data-science-internship:3211622,New,,,,,2026-07-16T10:21:03+00:00,2026-07-16T10:21:03+00:00
internshala:data-science-internship:3211612,New,,,,,2026-07-16T10:21:03+00:00,2026-07-16T10:21:03+00:00
internshala:data-science-internship:3211439,New,,,,,2026-07-16T10:21:03+00:00,2026-07-16T10:21:03+00:00
internshala:data-science-internship:3211409,New,,,,,2026-07-16T10:21:03+00:00,2026-07-16T10:21:03+00:00
internshala:data-science-internship:3211324,New,,,,,2026-07-16T10:21:03+00:00,2026-07-16T10:21:03+00:00
internshala:data-science-internship:3211446,New,,,,,2026-07-16T10:21:03+00:00,2026-07-16T10:21:03+00:00
internshala:data-science-internship:3211253,New,,,,,2026-07-16T10:21:03+00:00,2026-07-16T10:21:03+00:00
internshala:data-science-internship:3211365,New,,,,,2026-07-16T10:21:03+00:00,2026-07-16T10:21:03+00:00
internshala:data-science-internship:3211465,New,,,,,2026-07-16T10:21:03+00:00,2026-07-16T10:21:03+00:00
greenhouse:razorpaysoftwareprivatelimited:4714873005,New,,,,,2026-07-16T10:20:59+00:00,2026-07-16T10:20:59+00:00
greenhouse:razorpaysoftwareprivatelimited:4715340005,New,,,,,2026-07-16T06:30:08+00:00,2026-07-16T06:30:08+00:00
workday:nvidia:Senior-ASIC-Design-Engineer_JR1983620,New,,,,,2026-07-15T19:37:21+00:00,2026-07-15T19:37:21+00:00
workday:nvidia:ASIC-Design-Engineer_JR2015189-1,New,,,,,2026-07-15T19:37:21+00:00,2026-07-15T19:37:21+00:00
workday:nvidia:Senior-Account-Manager--Tesla-Motors_JR2021081-1,New,,,,,2026-07-15T19:37:21+00:00,2026-07-15T19:37:21+00:00
workday:nvidia:Senior-Account-Manager--Ford-and-Rivian_JR2021073,New,,,,,2026-07-15T19:37:21+00:00,2026-07-15T19:37:21+00:00
workday:nvidia:Senior-IC-Packaging-Development-Engineer_JR2020052,New,,,,,2026-07-15T19:37:21+00:00,2026-07-15T19:37:21+00:00
workday:nvidia:Foundry-Development-Engineer_JR2019789,New,,,,,2026-07-15T19:37:21+00:00,2026-07-15T19:37:21+00:00
workday:nvidia:Senior-SMTA-Engineer_JR2020414,New,,,,,2026-07-15T19:37:21+00:00,2026-07-15T19:37:21+00:00
workday:nvidia:Senior-ASIC-Timing-Engineer--DFT_JR2014685,New,,,,,2026-07-15T19:37:21+00:00,2026-07-15T19:37:21+00:00
workday:nvidia:Global-Account-Leader--Automotive_JR2020861,New,,,,,2026-07-15T19:37:21+00:00,2026-07-15T19:37:21+00:00
workday:nvidia:Director--Software-Architecture_JR2021299,New,,,,,2026-07-15T19:37:21+00:00,2026-07-15T19:37:21+00:00
workday:nvidia:Software-Engineer--AI-Networking-Architect_JR2018966,New,,,,,2026-07-15T19:37:21+00:00,2026-07-15T19:37:21+00:00
workday:nvidia:Software-Engineer--AI-Agents-and-Software-Platforms_JR2018953,New,,,,,2026-07-15T19:37:21+00:00,2026-07-15T19:37:21+00:00
workday:nvidia:Senior-Software-Release-Manager---Networking-Verification-Engineer_JR2017698,New,,,,,2026-07-15T19:37:21+00:00,2026-07-15T19:37:21+00:00
workday:nvidia:Software-Engineer--NVLINK_JR2012644-1,New,,,,,2026-07-15T19:37:21+00:00,2026-07-15T19:37:21+00:00
workday:nvidia:Senior-Partner-Marketing-Manager---ISV_JR2013805-1,New,,,,,2026-07-15T19:37:21+00:00,2026-07-15T19:37:21+00:00
workday:nvidia:Product-Engineer---Board_JR2015277,New,,,,,2026-07-15T19:37:21+00:00,2026-07-15T19:37:21+00:00
workday:nvidia:IC-Test-Engineer_JR2021127,New,,,,,2026-07-15T19:37:21+00:00,2026-07-15T19:37:21+00:00
workday:nvidia:Senior-CUDA-Test-Development-Software-Engineer--SDET_JR2021275,New,,,,,2026-07-15T19:37:21+00:00,2026-07-15T19:37:21+00:00
workday:nvidia:Senior-Computer-Vision-and-Deep-Learning-Hardware-Architect_JR2019965,New,,,,,2026-07-15T19:37:21+00:00,2026-07-15T19:37:21+00:00
workday:nvidia:NPI-Materials-Planner_JR2020912,New,,,,,2026-07-15T19:37:21+00:00,2026-07-15T19:37:21+00:00
workday:nvidia:Senior-Design-Verification-Engineer---Hardware_JR2020485,New,,,,,2026-07-15T19:37:21+00:00,2026-07-15T19:37:21+00:00
workday:nvidia:Senior-Solutions-Architect--Infiniband-and-Networking-Ethernet_JR2018870,New,,,,,2026-07-15T19:37:21+00:00,2026-07-15T19:37:21+00:00
workday:nvidia:Senior-Test-Engineer---Autonomous-Driving_JR2019510-1,New,,,,,2026-07-15T19:37:21+00:00,2026-07-15T19:37:21+00:00
workday:nvidia:Senior-Systems-Software-Engineer---GPU-Software_JR2021234,New,,,,,2026-07-15T19:37:21+00:00,2026-07-15T19:37:21+00:00
workday:nvidia:Senior-SOC-Design-Engineer_JR2021141,New,,,,,2026-07-15T19:37:21+00:00,2026-07-15T19:37:21+00:00
workday:nvidia:Senior-GPU-Architect_JR2021363,New,,,,,2026-07-15T19:37:21+00:00,2026-07-15T19:37:21+00:00
workday:nvidia:Global-Supply-Manager_JR2020882,New,,,,,2026-07-15T19:37:21+00:00,2026-07-15T19:37:21+00:00
workday:nvidia:Manufacturing-Development-Engineer_JR2020282,New,,,,,2026-07-15T19:37:21+00:00,2026-07-15T19:37:21+00:00
workday:nvidia:Senior-Director--Compiler-Engineering_JR2021279-1,New,,,,,2026-07-15T19:37:21+00:00,2026-07-15T19:37:21+00:00
workday:nvidia:Senior-ASIC-Verification-Engineer---Networking-Chip-Design_JR2021137-1,New,,,,,2026-07-15T19:37:21+00:00,2026-07-15T19:37:21+00:00
workday:salesforce:Mulesoft-Account-Partner-Specialist_JR345728,New,,,,,2026-07-15T19:37:21+00:00,2026-07-15T19:37:21+00:00
workday:salesforce:Principal-Architect_JR345384,New,,,,,2026-07-15T19:37:21+00:00,2026-07-15T19:37:21+00:00
workday:salesforce:Senior-Executive-Assistant_JR337145,New,,,,,2026-07-15T19:37:21+00:00,2026-07-15T19:37:21+00:00
workday:salesforce:Technical-Architect--Migration-Specialist-_JR350734,New,,,,,2026-07-15T19:37:21+00:00,2026-07-15T19:37:21+00:00
workday:salesforce:Planning-and-Operations-Manager_JR344824,New,,,,,2026-07-15T19:37:21+00:00,2026-07-15T19:37:21+00:00
workday:salesforce:Business-Development-Representative_JR351752,New,,,,,2026-07-15T19:37:21+00:00,2026-07-15T19:37:21+00:00
workday:salesforce:Principal-Software-Engineer--PMTS----Backend---Infrastructure---Distributed-Systems_JR341627,New,,,,,2026-07-15T19:37:21+00:00,2026-07-15T19:37:21+00:00
workday:salesforce:Specialist-Solution-Engineer_JR351016,New,,,,,2026-07-15T19:37:21+00:00,2026-07-15T19:37:21+00:00
workday:salesforce:Customer-Success-Manager--Senior-Manager_JR350546,New,,,,,2026-07-15T19:37:21+00:00,2026-07-15T19:37:21+00:00
workday:salesforce:Senior-Manager---Technical-Program-Management_JR345975-1,New,,,,,2026-07-15T19:37:21+00:00,2026-07-15T19:37:21+00:00
workday:salesforce:Salesforce-Senior-Technical-Manager_JR327146,New,,,,,2026-07-15T19:37:21+00:00,2026-07-15T19:37:21+00:00
workday:salesforce:Senior-Manager--Success-Guide_JR340746,New,,,,,2026-07-15T19:37:21+00:00,2026-07-15T19:37:21+00:00
workday:salesforce:Lead-Software-Engineer-LMTS---Backend---Distributed-Systems---Hyderabad_JR282410,New,,,,,2026-07-15T19:37:21+00:00,2026-07-15T19:37:21+00:00
workday:salesforce:Program-Project-Management-Senior-Analyst-CIC_JR335927-1,New,,,,,2026-07-15T19:37:21+00:00,2026-07-15T19:37:21+00:00
workday:nvidia:Manager--Agentic-Software-Development-and-Test-Infrastructure_JR2017482,New,,,,,2026-07-15T19:37:20+00:00,2026-07-15T19:37:20+00:00
workday:nvidia:Senior-Network-Reliability-Engineer---DGX-Cloud_JR2018113,New,,,,,2026-07-15T19:37:20+00:00,2026-07-15T19:37:20+00:00
workday:nvidia:Distinguished-Engineer---Memory-Architecture_JR2021233,New,,,,,2026-07-15T19:37:20+00:00,2026-07-15T19:37:20+00:00
workday:nvidia:Software-Engineer---Drive-OS_JR2021100,New,,,,,2026-07-15T19:37:20+00:00,2026-07-15T19:37:20+00:00
workday:nvidia:Senior-System-Software-Architect---Halos-Core-and-Robotics-Platform_JR2021346,New,,,,,2026-07-15T19:37:20+00:00,2026-07-15T19:37:20+00:00
workday:nvidia:Senior-Technical-Program-Manager---Platform-Solutions_JR2020935,New,,,,,2026-07-15T19:37:20+00:00,2026-07-15T19:37:20+00:00
workday:nvidia:Software-Engineer---Routing_JR2021257,New,,,,,2026-07-15T19:37:20+00:00,2026-07-15T19:37:20+00:00
workday:nvidia:Senior-Applied-Research-Engineer--Accelerator-Algorithms_JR2021373,New,,,,,2026-07-15T19:37:20+00:00,2026-07-15T19:37:20+00:00
workday:nvidia:Technical-Product-Manager---Digital-Health_JR2020066,New,,,,,2026-07-15T19:37:20+00:00,2026-07-15T19:37:20+00:00
workday:nvidia:CPU-Design-Methodology-Engineer_JR2008070,New,,,,,2026-07-15T19:37:20+00:00,2026-07-15T19:37:20+00:00
greenhouse:postman:7762097003,New,,,,,2026-07-15T17:37:25+00:00,2026-07-15T17:37:25+00:00
greenhouse:razorpaysoftwareprivatelimited:4712114005,New,,,,,2026-07-15T14:07:35+00:00,2026-07-15T14:07:35+00:00
lever:zeta:8fd0dbd6-ea97-4872-a691-90c0fd5490bd,New,,,,,2026-07-15T14:07:33+00:00,2026-07-15T14:07:33+00:00
lever:zeta:b77cd6e4-ffd6-44f6-9b7e-18bf34f75b48,New,,,,,2026-07-15T14:07:33+00:00,2026-07-15T14:07:33+00:00
lever:zeta:bf5bc2f4-52da-4ae5-b497-e57a7f08acc9,New,,,,,2026-07-15T14:07:33+00:00,2026-07-15T14:07:33+00:00
greenhouse:razorpaysoftwareprivatelimited:4714900005,New,,,,,2026-07-15T10:15:19+00:00,2026-07-15T10:15:19+00:00
greenhouse:razorpaysoftwareprivatelimited:4711971005,New,,,,,2026-07-15T10:15:18+00:00,2026-07-15T10:15:18+00:00
workday:nvidia:Release-Manager_JR2014697,New,,,,,2026-07-15T06:38:57+00:00,2026-07-15T06:38:57+00:00
workday:nvidia:Senior-Technical-Marketing-Engineer---Data-Center-Scale-Out_JR2005390,New,,,,,2026-07-15T06:38:57+00:00,2026-07-15T06:38:57+00:00
workday:nvidia:Senior-Technical-Marketing-Engineer---GPU-and-System-Architecture_JR2005388,New,,,,,2026-07-15T06:38:57+00:00,2026-07-15T06:38:57+00:00
workday:salesforce:Software-Engineering--SMTS--Salesforce-Developer-_JR343454-1,New,,,,,2026-07-15T06:38:57+00:00,2026-07-15T06:38:57+00:00
workday:salesforce:Success-Engineer_JR333705,New,,,,,2026-07-15T06:38:57+00:00,2026-07-15T06:38:57+00:00
workday:salesforce:Manager--Accounting_JR351167,New,,,,,2026-07-15T06:38:57+00:00,2026-07-15T06:38:57+00:00
internshala:artificial-intelligence-ai-internship:3211092,New,,,,,2026-07-15T06:36:40+00:00,2026-07-15T06:36:40+00:00
internshala:artificial-intelligence-ai-internship:3207407,New,,,,,2026-07-15T06:36:40+00:00,2026-07-15T06:36:40+00:00
internshala:data-science-internship:3205816,New,,,,,2026-07-15T06:36:40+00:00,2026-07-15T06:36:40+00:00
internshala:data-science-internship:3211092,New,,,,,2026-07-15T06:36:40+00:00,2026-07-15T06:36:40+00:00
internshala:data-science-internship:3211087,New,,,,,2026-07-15T06:36:40+00:00,2026-07-15T06:36:40+00:00
internshala:data-science-internship:3207407,New,,,,,2026-07-15T06:36:40+00:00,2026-07-15T06:36:40+00:00
internshala:machine-learning-internship:3211099,New,,,,,2026-07-15T06:36:39+00:00,2026-07-15T06:36:39+00:00
internshala:machine-learning-internship:3211092,New,,,,,2026-07-15T06:36:39+00:00,2026-07-15T06:36:39+00:00
greenhouse:razorpaysoftwareprivatelimited:4713769005,New,,,,,2026-07-15T06:36:36+00:00,2026-07-15T06:36:36+00:00
workday:nvidia:Senior-Software-Engineer--CUDA-Core-Libraries_JR2021172,New,,,,,2026-07-15T05:02:57+00:00,2026-07-15T05:02:57+00:00
workday:nvidia:Senior-Software-Engineer--Test-Infrastructure_JR2021147,New,,,,,2026-07-15T05:02:57+00:00,2026-07-15T05:02:57+00:00
workday:nvidia:Interconnect-Product-Engineer_JR2020880,New,,,,,2026-07-15T05:02:57+00:00,2026-07-15T05:02:57+00:00
workday:nvidia:Senior-Software-Engineer--AI-and-DL-Kernel-Libraries_JR2014704,New,,,,,2026-07-15T05:02:57+00:00,2026-07-15T05:02:57+00:00
workday:nvidia:Senior-Systems-Software-Engineer--Observability-and-Telemetry-Platform_JR2021354-1,New,,,,,2026-07-15T05:02:57+00:00,2026-07-15T05:02:57+00:00
workday:nvidia:Senior-Systems-Software-Engineer---GPU-Software_JR2020271,New,,,,,2026-07-15T05:02:57+00:00,2026-07-15T05:02:57+00:00
workday:nvidia:Senior-System-Software-Engineer--Firmware---NVLink_JR2020081,New,,,,,2026-07-15T05:02:57+00:00,2026-07-15T05:02:57+00:00
workday:nvidia:Senior-Systems-Engineer--Storage---DGX-Cloud_JR2019408,New,,,,,2026-07-15T05:02:57+00:00,2026-07-15T05:02:57+00:00
workday:nvidia:Applied-Agentic-AI-Lead--Partner-Co-Design_JR2021355,New,,,,,2026-07-15T05:02:57+00:00,2026-07-15T05:02:57+00:00
workday:nvidia:Data-Center-Portfolio-Manager_JR2017416,New,,,,,2026-07-15T05:02:57+00:00,2026-07-15T05:02:57+00:00
workday:nvidia:Physical-Design-Engineer_JR2021133,New,,,,,2026-07-15T05:02:57+00:00,2026-07-15T05:02:57+00:00
workday:nvidia:Software-Engineer--DGX-Cloud-AI-Infrastructure_JR2019248,New,,,,,2026-07-15T05:02:57+00:00,2026-07-15T05:02:57+00:00
workday:nvidia:Senior-Manager--Software-Engineering---Profiling-Services_JR2021041,New,,,,,2026-07-15T05:02:57+00:00,2026-07-15T05:02:57+00:00
workday:nvidia:Site-Reliability-Engineer--Cloud_JR2020831,New,,,,,2026-07-15T05:02:57+00:00,2026-07-15T05:02:57+00:00
workday:nvidia:DFT-Verification-Engineer_JR2020801,New,,,,,2026-07-15T05:02:57+00:00,2026-07-15T05:02:57+00:00
workday:nvidia:Senior-Mechanical-Engineer--Manufacturing-Development_JR2020905,New,,,,,2026-07-15T05:02:57+00:00,2026-07-15T05:02:57+00:00
workday:nvidia:Manager--Compiler-Engineering---GPU_JR2021298,New,,,,,2026-07-15T05:02:57+00:00,2026-07-15T05:02:57+00:00
workday:nvidia:Information-Security-Systems-Engineer_JR2020340,New,,,,,2026-07-15T05:02:57+00:00,2026-07-15T05:02:57+00:00
workday:nvidia:Principal-SoC-Architect--Robotics-and-Automotive_JR2021367,New,,,,,2026-07-15T05:02:57+00:00,2026-07-15T05:02:57+00:00
workday:nvidia:Senior-System-Software-Engineer---Tegra_JR2011616,New,,,,,2026-07-15T05:02:57+00:00,2026-07-15T05:02:57+00:00
workday:nvidia:Senior-Architect--Camera-ISP_JR2021178,New,,,,,2026-07-15T05:02:57+00:00,2026-07-15T05:02:57+00:00
workday:nvidia:Senior-Network-Solution-Architect---AI-Fabrics_JR2017098,New,,,,,2026-07-15T05:02:57+00:00,2026-07-15T05:02:57+00:00
workday:nvidia:Senior-Technical-Program-Manager--Cloud-Infrastructure--Observability-and-Systems-Monitoring_JR2016921,New,,,,,2026-07-15T05:02:57+00:00,2026-07-15T05:02:57+00:00
workday:nvidia:Applied-AI-Engineer---VLSI-Design_JR2019190,New,,,,,2026-07-15T05:02:57+00:00,2026-07-15T05:02:57+00:00
workday:nvidia:Senior-Technical-Program-Manager---DGX-Cloud_JR2020186-1,New,,,,,2026-07-15T05:02:57+00:00,2026-07-15T05:02:57+00:00
workday:nvidia:Manager--Engineering---Data-Center-Management_JR1997726,New,,,,,2026-07-15T05:02:57+00:00,2026-07-15T05:02:57+00:00
workday:nvidia:SoC-Clocks-Design-Automation-Engineer_JR2009388,New,,,,,2026-07-15T05:02:57+00:00,2026-07-15T05:02:57+00:00
workday:nvidia:SOC-Clock-Distribution-Engineer_JR2019203,New,,,,,2026-07-15T05:02:57+00:00,2026-07-15T05:02:57+00:00
workday:nvidia:Senior-ASIC-Verification-Engineer_JR2020877,New,,,,,2026-07-15T05:02:57+00:00,2026-07-15T05:02:57+00:00
workday:nvidia:Senior-Software-Engineer--DGX-Cloud-Production-Engineering_JR2021096,New,,,,,2026-07-15T05:02:57+00:00,2026-07-15T05:02:57+00:00
workday:nvidia:Senior-Solution-Engineer-for-NVIDIA-Experience--Compute-Software_JR2021269,New,,,,,2026-07-15T05:02:57+00:00,2026-07-15T05:02:57+00:00
workday:nvidia:Senior-Software-Engineer---Simulation-and-Virtualization_JR2012991,New,,,,,2026-07-15T05:02:57+00:00,2026-07-15T05:02:57+00:00
workday:nvidia:Senior-Site-Reliability-Engineer_JR2020225,New,,,,,2026-07-15T05:02:57+00:00,2026-07-15T05:02:57+00:00
workday:nvidia:Senior-Customer-Program-Manager---OEMs_JR2021072,New,,,,,2026-07-15T05:02:57+00:00,2026-07-15T05:02:57+00:00
workday:nvidia:Technical-Program-Manager--GeForce-NOW---E-commerce_JR2021200,New,,,,,2026-07-15T05:02:57+00:00,2026-07-15T05:02:57+00:00
workday:nvidia:Senior-DevOps-Engineer---E-commerce_JR2021181,New,,,,,2026-07-15T05:02:57+00:00,2026-07-15T05:02:57+00:00
workday:nvidia:Senior-AI-Compiler-Engineer--Algorithms-and-Code-Generation_JR2021350,New,,,,,2026-07-15T05:02:57+00:00,2026-07-15T05:02:57+00:00
workday:nvidia:Senior-AI-Workflow-Engineer_JR1999298,New,,,,,2026-07-15T05:02:57+00:00,2026-07-15T05:02:57+00:00
workday:nvidia:Senior-Software-Engineer---Datacenter-Systems_JR2017468,New,,,,,2026-07-15T05:02:57+00:00,2026-07-15T05:02:57+00:00
workday:nvidia:CPU-and-SOC-Verification-Engineer_JR2021221,New,,,,,2026-07-15T05:02:57+00:00,2026-07-15T05:02:57+00:00
workday:salesforce:Senior-Manager--Global-Incentive-Compensation_JR336464,New,,,,,2026-07-15T05:02:57+00:00,2026-07-15T05:02:57+00:00
workday:salesforce:Engagement-Director_JR350287,New,,,,,2026-07-15T05:02:57+00:00,2026-07-15T05:02:57+00:00
workday:salesforce:Migration-Delivery-Lead_JR346360,New,,,,,2026-07-15T05:02:57+00:00,2026-07-15T05:02:57+00:00
workday:salesforce:Software-Engineering-MTS_JR346837,New,,,,,2026-07-15T05:02:57+00:00,2026-07-15T05:02:57+00:00
workday:salesforce:Recruiting-Operations-Manager_JR343767,New,,,,,2026-07-15T05:02:57+00:00,2026-07-15T05:02:57+00:00
workday:salesforce:Senior-Analyst--Product---Pricing-Operations_JR346241,New,,,,,2026-07-15T05:02:57+00:00,2026-07-15T05:02:57+00:00
workday:salesforce:Vice-President--Forward-Deployed-Engineering---TMT_JR351085,New,,,,,2026-07-15T05:02:57+00:00,2026-07-15T05:02:57+00:00
workday:salesforce:Strategic-Sales-Director--Agentforce-Operations_JR351324,New,,,,,2026-07-15T05:02:57+00:00,2026-07-15T05:02:57+00:00
workday:salesforce:Executive-Communications-Senior-Manager_JR351545,New,,,,,2026-07-15T05:02:57+00:00,2026-07-15T05:02:57+00:00
workday:salesforce:Salesforce-Technical-Architect--ITSM-_JR351773,New,,,,,2026-07-15T05:02:57+00:00,2026-07-15T05:02:57+00:00
workday:salesforce:Senior-Salesforce-Solution-Architect---Consumer-Goods-Cloud-Trade-Promotion-Management_JR344430,New,,,,,2026-07-15T05:02:57+00:00,2026-07-15T05:02:57+00:00
workday:salesforce:Senior-Manager--Controllership-Data-Stewardship---Insight-Enablement_JR322019,New,,,,,2026-07-15T05:02:57+00:00,2026-07-15T05:02:57+00:00
workday:salesforce:Director--Customer-Success-Management_JR332861,New,,,,,2026-07-15T05:02:57+00:00,2026-07-15T05:02:57+00:00
workday:salesforce:Territory-Account-Executive---SMB_JR351728,New,,,,,2026-07-15T05:02:57+00:00,2026-07-15T05:02:57+00:00
workday:salesforce:Mulesoft-Senior-Technical-Consultant_JR346342,New,,,,,2026-07-15T05:02:57+00:00,2026-07-15T05:02:57+00:00
workday:salesforce:UI-UX-Designer_JR338703,New,,,,,2026-07-15T05:02:57+00:00,2026-07-15T05:02:57+00:00
workday:salesforce:Manager-Senior-Manager--Technical-Consulting---Marketing-Cloud-Next_JR351734,New,,,,,2026-07-15T05:02:57+00:00,2026-07-15T05:02:57+00:00
workday:salesforce:Technical-Architect---Tableau-Next_JR351729,New,,,,,2026-07-15T05:02:57+00:00,2026-07-15T05:02:57+00:00
workday:salesforce:Software-Engineering-SMTS---MTS----Platform-Engineering--Backend--Kubernetes---Cloud-_JR347341,New,,,,,2026-07-15T05:02:57+00:00,2026-07-15T05:02:57+00:00
workday:salesforce:Director--Sales-Compensation_JR349509,New,,,,,2026-07-15T05:02:57+00:00,2026-07-15T05:02:57+00:00
workday:salesforce:Employee-Success-Specialist_JR347702,New,,,,,2026-07-15T05:02:57+00:00,2026-07-15T05:02:57+00:00
workday:salesforce:The-Exponential-Software-Engineer---Principal-Agentic-Architect_JR351627,New,,,,,2026-07-15T05:02:57+00:00,2026-07-15T05:02:57+00:00
workday:salesforce:Slack-Proactive-Monitoring-Engineer_JR343368,New,,,,,2026-07-15T05:02:57+00:00,2026-07-15T05:02:57+00:00
workday:salesforce:Applied-Research-Engineer_JR345355,New,,,,,2026-07-15T05:02:57+00:00,2026-07-15T05:02:57+00:00
workday:salesforce:Critical-Incident-Communications--Senior-Specialist_JR345444,New,,,,,2026-07-15T05:02:57+00:00,2026-07-15T05:02:57+00:00
workday:salesforce:Senior-Manager--Engineering---Tableau_JR327542,New,,,,,2026-07-15T05:02:57+00:00,2026-07-15T05:02:57+00:00
workday:salesforce:Senior-Manager--GTM-Product-Marketing_JR349494,New,,,,,2026-07-15T05:02:57+00:00,2026-07-15T05:02:57+00:00
workday:salesforce:Director--Technical-Consulting_JR340414,New,,,,,2026-07-15T05:02:57+00:00,2026-07-15T05:02:57+00:00
workday:salesforce:Senior-Engagement-Manager--Salesforce-Pre-Sales-Exp-Mandatory-_JR351578,New,,,,,2026-07-15T05:02:57+00:00,2026-07-15T05:02:57+00:00
workday:salesforce:Customer-Success-Manager--Mulesoft-exp-mandatory_JR351592,New,,,,,2026-07-15T05:02:57+00:00,2026-07-15T05:02:57+00:00
workday:salesforce:Business-Development-Rep--Enterprise-Account_JR351173,New,,,,,2026-07-15T05:02:57+00:00,2026-07-15T05:02:57+00:00
workday:salesforce:Manager--Accounting_JR349529,New,,,,,2026-07-15T05:02:57+00:00,2026-07-15T05:02:57+00:00
workday:salesforce:Engagement-Director--Salesforce-Pre-Sales-Exp-Mandatory-_JR351414,New,,,,,2026-07-15T05:02:57+00:00,2026-07-15T05:02:57+00:00
workday:salesforce:Software-Engineering-LMTS_JR346275-1,New,,,,,2026-07-15T05:02:57+00:00,2026-07-15T05:02:57+00:00
workday:salesforce:SMTS-LMTS---AI-ML-Engineers_JR340537,New,,,,,2026-07-15T05:02:57+00:00,2026-07-15T05:02:57+00:00
workday:salesforce:Success-Guide---Informatica-Product-experience-mandatory_JR351410,New,,,,,2026-07-15T05:02:57+00:00,2026-07-15T05:02:57+00:00
workday:salesforce:Product-Marketing-Director_JR350364-1,New,,,,,2026-07-15T05:02:57+00:00,2026-07-15T05:02:57+00:00
workday:salesforce:Manager--Financial-Planning---Analysis_JR351314,New,,,,,2026-07-15T05:02:57+00:00,2026-07-15T05:02:57+00:00
workday:salesforce:Talent-Attraction-Partner--Futureforce-AMER--Contract-_JR343050,New,,,,,2026-07-15T05:02:57+00:00,2026-07-15T05:02:57+00:00
workday:salesforce:Software-Engineering-SMTS_JR343396,New,,,,,2026-07-15T05:02:57+00:00,2026-07-15T05:02:57+00:00
internshala:artificial-intelligence-ai-internship:3209532,New,,,,,2026-07-15T05:00:38+00:00,2026-07-15T05:00:38+00:00
internshala:artificial-intelligence-ai-internship:3206202,New,,,,,2026-07-15T05:00:38+00:00,2026-07-15T05:00:38+00:00
internshala:artificial-intelligence-ai-internship:3210157,New,,,,,2026-07-15T05:00:38+00:00,2026-07-15T05:00:38+00:00
internshala:artificial-intelligence-ai-internship:3208770,New,,,,,2026-07-15T05:00:38+00:00,2026-07-15T05:00:38+00:00
internshala:artificial-intelligence-ai-internship:3209472,New,,,,,2026-07-15T05:00:38+00:00,2026-07-15T05:00:38+00:00
internshala:artificial-intelligence-ai-internship:3208240,New,,,,,2026-07-15T05:00:38+00:00,2026-07-15T05:00:38+00:00
internshala:artificial-intelligence-ai-internship:3210059,New,,,,,2026-07-15T05:00:38+00:00,2026-07-15T05:00:38+00:00
internshala:artificial-intelligence-ai-internship:3210907,New,,,,,2026-07-15T05:00:38+00:00,2026-07-15T05:00:38+00:00
internshala:artificial-intelligence-ai-internship:3204645,New,,,,,2026-07-15T05:00:38+00:00,2026-07-15T05:00:38+00:00
internshala:artificial-intelligence-ai-internship:3210741,New,,,,,2026-07-15T05:00:38+00:00,2026-07-15T05:00:38+00:00
internshala:artificial-intelligence-ai-internship:3192995,New,,,,,2026-07-15T05:00:38+00:00,2026-07-15T05:00:38+00:00
internshala:artificial-intelligence-ai-internship:3174317,New,,,,,2026-07-15T05:00:38+00:00,2026-07-15T05:00:38+00:00
internshala:artificial-intelligence-ai-internship:3209531,New,,,,,2026-07-15T05:00:38+00:00,2026-07-15T05:00:38+00:00
internshala:artificial-intelligence-ai-internship:3198686,New,,,,,2026-07-15T05:00:38+00:00,2026-07-15T05:00:38+00:00
internshala:artificial-intelligence-ai-internship:3211053,New,,,,,2026-07-15T05:00:38+00:00,2026-07-15T05:00:38+00:00
internshala:artificial-intelligence-ai-internship:3210919,New,,,,,2026-07-15T05:00:38+00:00,2026-07-15T05:00:38+00:00
internshala:artificial-intelligence-ai-internship:3210727,New,,,,,2026-07-15T05:00:38+00:00,2026-07-15T05:00:38+00:00
internshala:artificial-intelligence-ai-internship:3210560,New,,,,,2026-07-15T05:00:38+00:00,2026-07-15T05:00:38+00:00
internshala:artificial-intelligence-ai-internship:3210656,New,,,,,2026-07-15T05:00:38+00:00,2026-07-15T05:00:38+00:00
internshala:artificial-intelligence-ai-internship:3204758,New,,,,,2026-07-15T05:00:38+00:00,2026-07-15T05:00:38+00:00
internshala:artificial-intelligence-ai-internship:3210060,New,,,,,2026-07-15T05:00:38+00:00,2026-07-15T05:00:38+00:00
internshala:artificial-intelligence-ai-internship:3210107,New,,,,,2026-07-15T05:00:38+00:00,2026-07-15T05:00:38+00:00
internshala:artificial-intelligence-ai-internship:3209847,New,,,,,2026-07-15T05:00:38+00:00,2026-07-15T05:00:38+00:00
internshala:artificial-intelligence-ai-internship:3209188,New,,,,,2026-07-15T05:00:38+00:00,2026-07-15T05:00:38+00:00
internshala:artificial-intelligence-ai-internship:3209863,New,,,,,2026-07-15T05:00:38+00:00,2026-07-15T05:00:38+00:00
internshala:artificial-intelligence-ai-internship:3208055,New,,,,,2026-07-15T05:00:38+00:00,2026-07-15T05:00:38+00:00
internshala:artificial-intelligence-ai-internship:3209769,New,,,,,2026-07-15T05:00:38+00:00,2026-07-15T05:00:38+00:00
internshala:artificial-intelligence-ai-internship:3209747,New,,,,,2026-07-15T05:00:38+00:00,2026-07-15T05:00:38+00:00
internshala:artificial-intelligence-ai-internship:3209732,New,,,,,2026-07-15T05:00:38+00:00,2026-07-15T05:00:38+00:00
internshala:artificial-intelligence-ai-internship:3209723,New,,,,,2026-07-15T05:00:38+00:00,2026-07-15T05:00:38+00:00
internshala:artificial-intelligence-ai-internship:3209721,New,,,,,2026-07-15T05:00:38+00:00,2026-07-15T05:00:38+00:00
internshala:artificial-intelligence-ai-internship:3209718,New,,,,,2026-07-15T05:00:38+00:00,2026-07-15T05:00:38+00:00
internshala:artificial-intelligence-ai-internship:3209705,New,,,,,2026-07-15T05:00:38+00:00,2026-07-15T05:00:38+00:00
internshala:artificial-intelligence-ai-internship:3209695,New,,,,,2026-07-15T05:00:38+00:00,2026-07-15T05:00:38+00:00
internshala:artificial-intelligence-ai-internship:3209688,New,,,,,2026-07-15T05:00:38+00:00,2026-07-15T05:00:38+00:00
internshala:artificial-intelligence-ai-internship:3209684,New,,,,,2026-07-15T05:00:38+00:00,2026-07-15T05:00:38+00:00
internshala:artificial-intelligence-ai-internship:3209588,New,,,,,2026-07-15T05:00:38+00:00,2026-07-15T05:00:38+00:00
internshala:artificial-intelligence-ai-internship:3209586,New,,,,,2026-07-15T05:00:38+00:00,2026-07-15T05:00:38+00:00
internshala:artificial-intelligence-ai-internship:3209475,New,,,,,2026-07-15T05:00:38+00:00,2026-07-15T05:00:38+00:00
internshala:artificial-intelligence-ai-internship:3204771,New,,,,,2026-07-15T05:00:38+00:00,2026-07-15T05:00:38+00:00
internshala:artificial-intelligence-ai-internship:3207618,New,,,,,2026-07-15T05:00:38+00:00,2026-07-15T05:00:38+00:00
internshala:artificial-intelligence-ai-internship:3208742,New,,,,,2026-07-15T05:00:38+00:00,2026-07-15T05:00:38+00:00
internshala:artificial-intelligence-ai-internship:3209175,New,,,,,2026-07-15T05:00:38+00:00,2026-07-15T05:00:38+00:00
internshala:artificial-intelligence-ai-internship:3207615,New,,,,,2026-07-15T05:00:38+00:00,2026-07-15T05:00:38+00:00
internshala:artificial-intelligence-ai-internship:3209145,New,,,,,2026-07-15T05:00:38+00:00,2026-07-15T05:00:38+00:00
internshala:artificial-intelligence-ai-internship:3209142,New,,,,,2026-07-15T05:00:38+00:00,2026-07-15T05:00:38+00:00
internshala:artificial-intelligence-ai-internship:3209139,New,,,,,2026-07-15T05:00:38+00:00,2026-07-15T05:00:38+00:00
internshala:artificial-intelligence-ai-internship:3208865,New,,,,,2026-07-15T05:00:38+00:00,2026-07-15T05:00:38+00:00
internshala:artificial-intelligence-ai-internship:3208717,New,,,,,2026-07-15T05:00:38+00:00,2026-07-15T05:00:38+00:00
internshala:artificial-intelligence-ai-internship:3205770,New,,,,,2026-07-15T05:00:38+00:00,2026-07-15T05:00:38+00:00
internshala:data-science-internship:3209711,New,,,,,2026-07-15T05:00:38+00:00,2026-07-15T05:00:38+00:00
internshala:data-science-internship:3210697,New,,,,,2026-07-15T05:00:38+00:00,2026-07-15T05:00:38+00:00
internshala:data-science-internship:3200289,New,,,,,2026-07-15T05:00:38+00:00,2026-07-15T05:00:38+00:00
internshala:data-science-internship:3206202,New,,,,,2026-07-15T05:00:38+00:00,2026-07-15T05:00:38+00:00
internshala:data-science-internship:3210646,New,,,,,2026-07-15T05:00:38+00:00,2026-07-15T05:00:38+00:00
internshala:data-science-internship:3210157,New,,,,,2026-07-15T05:00:38+00:00,2026-07-15T05:00:38+00:00
internshala:data-science-internship:3209472,New,,,,,2026-07-15T05:00:38+00:00,2026-07-15T05:00:38+00:00
internshala:data-science-internship:3210647,New,,,,,2026-07-15T05:00:38+00:00,2026-07-15T05:00:38+00:00
internshala:data-science-internship:3210907,New,,,,,2026-07-15T05:00:38+00:00,2026-07-15T05:00:38+00:00
internshala:data-science-internship:3210604,New,,,,,2026-07-15T05:00:38+00:00,2026-07-15T05:00:38+00:00
internshala:data-science-internship:3192995,New,,,,,2026-07-15T05:00:38+00:00,2026-07-15T05:00:38+00:00
internshala:data-science-internship:3174317,New,,,,,2026-07-15T05:00:38+00:00,2026-07-15T05:00:38+00:00
internshala:data-science-internship:3208770,New,,,,,2026-07-15T05:00:38+00:00,2026-07-15T05:00:38+00:00
internshala:data-science-internship:3209803,New,,,,,2026-07-15T05:00:38+00:00,2026-07-15T05:00:38+00:00
internshala:data-science-internship:3210741,New,,,,,2026-07-15T05:00:38+00:00,2026-07-15T05:00:38+00:00
internshala:data-science-internship:3210059,New,,,,,2026-07-15T05:00:38+00:00,2026-07-15T05:00:38+00:00
internshala:data-science-internship:3209422,New,,,,,2026-07-15T05:00:38+00:00,2026-07-15T05:00:38+00:00
internshala:data-science-internship:3210716,New,,,,,2026-07-15T05:00:38+00:00,2026-07-15T05:00:38+00:00
internshala:data-science-internship:3194668,New,,,,,2026-07-15T05:00:38+00:00,2026-07-15T05:00:38+00:00
internshala:data-science-internship:3204645,New,,,,,2026-07-15T05:00:38+00:00,2026-07-15T05:00:38+00:00
internshala:data-science-internship:3195815,New,,,,,2026-07-15T05:00:38+00:00,2026-07-15T05:00:38+00:00
internshala:data-science-internship:3210498,New,,,,,2026-07-15T05:00:38+00:00,2026-07-15T05:00:38+00:00
internshala:data-science-internship:3187980,New,,,,,2026-07-15T05:00:38+00:00,2026-07-15T05:00:38+00:00
internshala:data-science-internship:3209531,New,,,,,2026-07-15T05:00:38+00:00,2026-07-15T05:00:38+00:00
internshala:data-science-internship:3209532,New,,,,,2026-07-15T05:00:38+00:00,2026-07-15T05:00:38+00:00
internshala:data-science-internship:3208240,New,,,,,2026-07-15T05:00:38+00:00,2026-07-15T05:00:38+00:00
internshala:data-science-internship:3198686,New,,,,,2026-07-15T05:00:38+00:00,2026-07-15T05:00:38+00:00
internshala:data-science-internship:3211053,New,,,,,2026-07-15T05:00:38+00:00,2026-07-15T05:00:38+00:00
internshala:data-science-internship:3210919,New,,,,,2026-07-15T05:00:38+00:00,2026-07-15T05:00:38+00:00
internshala:data-science-internship:3210918,New,,,,,2026-07-15T05:00:38+00:00,2026-07-15T05:00:38+00:00
internshala:data-science-internship:3210727,New,,,,,2026-07-15T05:00:38+00:00,2026-07-15T05:00:38+00:00
internshala:data-science-internship:3210560,New,,,,,2026-07-15T05:00:38+00:00,2026-07-15T05:00:38+00:00
internshala:data-science-internship:3210656,New,,,,,2026-07-15T05:00:38+00:00,2026-07-15T05:00:38+00:00
internshala:data-science-internship:3208864,New,,,,,2026-07-15T05:00:38+00:00,2026-07-15T05:00:38+00:00
internshala:data-science-internship:3204758,New,,,,,2026-07-15T05:00:38+00:00,2026-07-15T05:00:38+00:00
internshala:data-science-internship:3209248,New,,,,,2026-07-15T05:00:38+00:00,2026-07-15T05:00:38+00:00
internshala:data-science-internship:3210548,New,,,,,2026-07-15T05:00:38+00:00,2026-07-15T05:00:38+00:00
internshala:data-science-internship:3210395,New,,,,,2026-07-15T05:00:38+00:00,2026-07-15T05:00:38+00:00
internshala:data-science-internship:3210060,New,,,,,2026-07-15T05:00:38+00:00,2026-07-15T05:00:38+00:00
internshala:data-science-internship:3210205,New,,,,,2026-07-15T05:00:38+00:00,2026-07-15T05:00:38+00:00
internshala:data-science-internship:3210110,New,,,,,2026-07-15T05:00:38+00:00,2026-07-15T05:00:38+00:00
internshala:data-science-internship:3210107,New,,,,,2026-07-15T05:00:38+00:00,2026-07-15T05:00:38+00:00
internshala:data-science-internship:3209847,New,,,,,2026-07-15T05:00:38+00:00,2026-07-15T05:00:38+00:00
internshala:data-science-internship:3209188,New,,,,,2026-07-15T05:00:38+00:00,2026-07-15T05:00:38+00:00
internshala:data-science-internship:3208055,New,,,,,2026-07-15T05:00:38+00:00,2026-07-15T05:00:38+00:00
internshala:data-science-internship:3209769,New,,,,,2026-07-15T05:00:38+00:00,2026-07-15T05:00:38+00:00
internshala:data-science-internship:3209747,New,,,,,2026-07-15T05:00:38+00:00,2026-07-15T05:00:38+00:00
internshala:data-science-internship:3209712,New,,,,,2026-07-15T05:00:38+00:00,2026-07-15T05:00:38+00:00
internshala:data-science-internship:3209752,New,,,,,2026-07-15T05:00:38+00:00,2026-07-15T05:00:38+00:00
internshala:data-science-internship:3209732,New,,,,,2026-07-15T05:00:38+00:00,2026-07-15T05:00:38+00:00
internshala:machine-learning-internship:3209532,New,,,,,2026-07-15T05:00:37+00:00,2026-07-15T05:00:37+00:00
internshala:machine-learning-internship:3210157,New,,,,,2026-07-15T05:00:37+00:00,2026-07-15T05:00:37+00:00
internshala:machine-learning-internship:3209732,New,,,,,2026-07-15T05:00:37+00:00,2026-07-15T05:00:37+00:00
internshala:machine-learning-internship:3208770,New,,,,,2026-07-15T05:00:37+00:00,2026-07-15T05:00:37+00:00
internshala:machine-learning-internship:3209472,New,,,,,2026-07-15T05:00:37+00:00,2026-07-15T05:00:37+00:00
internshala:machine-learning-internship:3210560,New,,,,,2026-07-15T05:00:37+00:00,2026-07-15T05:00:37+00:00
internshala:machine-learning-internship:3210059,New,,,,,2026-07-15T05:00:37+00:00,2026-07-15T05:00:37+00:00
internshala:machine-learning-internship:3209721,New,,,,,2026-07-15T05:00:37+00:00,2026-07-15T05:00:37+00:00
internshala:machine-learning-internship:3209531,New,,,,,2026-07-15T05:00:37+00:00,2026-07-15T05:00:37+00:00
internshala:machine-learning-internship:3211053,New,,,,,2026-07-15T05:00:37+00:00,2026-07-15T05:00:37+00:00
internshala:machine-learning-internship:3174317,New,,,,,2026-07-15T05:00:37+00:00,2026-07-15T05:00:37+00:00
internshala:machine-learning-internship:3210661,New,,,,,2026-07-15T05:00:37+00:00,2026-07-15T05:00:37+00:00
internshala:machine-learning-internship:3210919,New,,,,,2026-07-15T05:00:37+00:00,2026-07-15T05:00:37+00:00
internshala:machine-learning-internship:3210918,New,,,,,2026-07-15T05:00:37+00:00,2026-07-15T05:00:37+00:00
internshala:machine-learning-internship:3210656,New,,,,,2026-07-15T05:00:37+00:00,2026-07-15T05:00:37+00:00
internshala:machine-learning-internship:3210561,New,,,,,2026-07-15T05:00:37+00:00,2026-07-15T05:00:37+00:00
internshala:machine-learning-internship:3210107,New,,,,,2026-07-15T05:00:37+00:00,2026-07-15T05:00:37+00:00
internshala:machine-learning-internship:3210101,New,,,,,2026-07-15T05:00:37+00:00,2026-07-15T05:00:37+00:00
internshala:machine-learning-internship:3209188,New,,,,,2026-07-15T05:00:37+00:00,2026-07-15T05:00:37+00:00
internshala:machine-learning-internship:3209747,New,,,,,2026-07-15T05:00:37+00:00,2026-07-15T05:00:37+00:00
internshala:machine-learning-internship:3209718,New,,,,,2026-07-15T05:00:37+00:00,2026-07-15T05:00:37+00:00
internshala:machine-learning-internship:3209705,New,,,,,2026-07-15T05:00:37+00:00,2026-07-15T05:00:37+00:00
internshala:machine-learning-internship:3209695,New,,,,,2026-07-15T05:00:37+00:00,2026-07-15T05:00:37+00:00
internshala:machine-learning-internship:3209692,New,,,,,2026-07-15T05:00:37+00:00,2026-07-15T05:00:37+00:00
internshala:machine-learning-internship:3209688,New,,,,,2026-07-15T05:00:37+00:00,2026-07-15T05:00:37+00:00
internshala:machine-learning-internship:3209684,New,,,,,2026-07-15T05:00:37+00:00,2026-07-15T05:00:37+00:00
internshala:machine-learning-internship:3209475,New,,,,,2026-07-15T05:00:37+00:00,2026-07-15T05:00:37+00:00
internshala:machine-learning-internship:3207953,New,,,,,2026-07-15T05:00:37+00:00,2026-07-15T05:00:37+00:00
internshala:machine-learning-internship:3209154,New,,,,,2026-07-15T05:00:37+00:00,2026-07-15T05:00:37+00:00
internshala:machine-learning-internship:3209175,New,,,,,2026-07-15T05:00:37+00:00,2026-07-15T05:00:37+00:00
internshala:machine-learning-internship:3207615,New,,,,,2026-07-15T05:00:37+00:00,2026-07-15T05:00:37+00:00
internshala:machine-learning-internship:3209169,New,,,,,2026-07-15T05:00:37+00:00,2026-07-15T05:00:37+00:00
internshala:machine-learning-internship:3209145,New,,,,,2026-07-15T05:00:37+00:00,2026-07-15T05:00:37+00:00
internshala:machine-learning-internship:3209139,New,,,,,2026-07-15T05:00:37+00:00,2026-07-15T05:00:37+00:00
internshala:machine-learning-internship:3208717,New,,,,,2026-07-15T05:00:37+00:00,2026-07-15T05:00:37+00:00
internshala:machine-learning-internship:3207591,New,,,,,2026-07-15T05:00:37+00:00,2026-07-15T05:00:37+00:00
internshala:machine-learning-internship:3207585,New,,,,,2026-07-15T05:00:37+00:00,2026-07-15T05:00:37+00:00
internshala:machine-learning-internship:3207247,New,,,,,2026-07-15T05:00:37+00:00,2026-07-15T05:00:37+00:00
internshala:machine-learning-internship:3207177,New,,,,,2026-07-15T05:00:37+00:00,2026-07-15T05:00:37+00:00
internshala:machine-learning-internship:3206951,New,,,,,2026-07-15T05:00:37+00:00,2026-07-15T05:00:37+00:00
internshala:machine-learning-internship:3206946,New,,,,,2026-07-15T05:00:37+00:00,2026-07-15T05:00:37+00:00
internshala:machine-learning-internship:3206947,New,,,,,2026-07-15T05:00:37+00:00,2026-07-15T05:00:37+00:00
internshala:machine-learning-internship:3206621,New,,,,,2026-07-15T05:00:37+00:00,2026-07-15T05:00:37+00:00
internshala:machine-learning-internship:3206665,New,,,,,2026-07-15T05:00:37+00:00,2026-07-15T05:00:37+00:00
internshala:machine-learning-internship:3206706,New,,,,,2026-07-15T05:00:37+00:00,2026-07-15T05:00:37+00:00
internshala:machine-learning-internship:3206446,New,,,,,2026-07-15T05:00:37+00:00,2026-07-15T05:00:37+00:00
internshala:machine-learning-internship:3204707,New,,,,,2026-07-15T05:00:37+00:00,2026-07-15T05:00:37+00:00
internshala:machine-learning-internship:3205689,New,,,,,2026-07-15T05:00:37+00:00,2026-07-15T05:00:37+00:00
internshala:machine-learning-internship:3206258,New,,,,,2026-07-15T05:00:37+00:00,2026-07-15T05:00:37+00:00
internshala:machine-learning-internship:3205865,New,,,,,2026-07-15T05:00:37+00:00,2026-07-15T05:00:37+00:00
greenhouse:postman:7529471003,New,,,,,2026-07-15T05:00:35+00:00,2026-07-15T05:00:35+00:00
greenhouse:postman:7528374003,New,,,,,2026-07-15T05:00:35+00:00,2026-07-15T05:00:35+00:00
greenhouse:postman:7761626003,New,,,,,2026-07-15T05:00:35+00:00,2026-07-15T05:00:35+00:00
greenhouse:postman:7501798003,New,,,,,2026-07-15T05:00:35+00:00,2026-07-15T05:00:35+00:00
greenhouse:postman:7501796003,New,,,,,2026-07-15T05:00:35+00:00,2026-07-15T05:00:35+00:00
greenhouse:postman:7501797003,New,,,,,2026-07-15T05:00:35+00:00,2026-07-15T05:00:35+00:00
greenhouse:postman:7692476003,New,,,,,2026-07-15T05:00:35+00:00,2026-07-15T05:00:35+00:00
greenhouse:postman:7692473003,New,,,,,2026-07-15T05:00:35+00:00,2026-07-15T05:00:35+00:00
greenhouse:postman:7777990003,New,,,,,2026-07-15T05:00:35+00:00,2026-07-15T05:00:35+00:00
greenhouse:postman:7699287003,New,,,,,2026-07-15T05:00:35+00:00,2026-07-15T05:00:35+00:00
greenhouse:postman:7699284003,New,,,,,2026-07-15T05:00:35+00:00,2026-07-15T05:00:35+00:00
greenhouse:postman:7676198003,New,,,,,2026-07-15T05:00:35+00:00,2026-07-15T05:00:35+00:00
greenhouse:postman:7741948003,New,,,,,2026-07-15T05:00:35+00:00,2026-07-15T05:00:35+00:00
greenhouse:postman:7686751003,New,,,,,2026-07-15T05:00:35+00:00,2026-07-15T05:00:35+00:00
greenhouse:postman:7790480003,New,,,,,2026-07-15T05:00:35+00:00,2026-07-15T05:00:35+00:00
greenhouse:postman:7599978003,New,,,,,2026-07-15T05:00:35+00:00,2026-07-15T05:00:35+00:00
greenhouse:postman:6676368003,New,,,,,2026-07-15T05:00:35+00:00,2026-07-15T05:00:35+00:00
greenhouse:postman:7784659003,New,,,,,2026-07-15T05:00:35+00:00,2026-07-15T05:00:35+00:00
greenhouse:postman:7691486003,New,,,,,2026-07-15T05:00:35+00:00,2026-07-15T05:00:35+00:00
greenhouse:postman:7691477003,New,,,,,2026-07-15T05:00:35+00:00,2026-07-15T05:00:35+00:00
greenhouse:postman:7741989003,New,,,,,2026-07-15T05:00:35+00:00,2026-07-15T05:00:35+00:00
greenhouse:postman:7676842003,New,,,,,2026-07-15T05:00:35+00:00,2026-07-15T05:00:35+00:00
greenhouse:postman:7528350003,New,,,,,2026-07-15T05:00:35+00:00,2026-07-15T05:00:35+00:00
greenhouse:postman:7528372003,New,,,,,2026-07-15T05:00:35+00:00,2026-07-15T05:00:35+00:00
greenhouse:postman:7528361003,New,,,,,2026-07-15T05:00:35+00:00,2026-07-15T05:00:35+00:00
greenhouse:postman:7389443003,New,,,,,2026-07-15T05:00:35+00:00,2026-07-15T05:00:35+00:00
greenhouse:postman:7689262003,New,,,,,2026-07-15T05:00:35+00:00,2026-07-15T05:00:35+00:00
greenhouse:postman:7761719003,New,,,,,2026-07-15T05:00:35+00:00,2026-07-15T05:00:35+00:00
greenhouse:postman:7452531003,New,,,,,2026-07-15T05:00:35+00:00,2026-07-15T05:00:35+00:00
greenhouse:postman:7660765003,New,,,,,2026-07-15T05:00:35+00:00,2026-07-15T05:00:35+00:00
greenhouse:postman:7671645003,New,,,,,2026-07-15T05:00:35+00:00,2026-07-15T05:00:35+00:00
greenhouse:postman:7673949003,New,,,,,2026-07-15T05:00:35+00:00,2026-07-15T05:00:35+00:00
greenhouse:postman:7720865003,New,,,,,2026-07-15T05:00:35+00:00,2026-07-15T05:00:35+00:00
greenhouse:postman:7673948003,New,,,,,2026-07-15T05:00:35+00:00,2026-07-15T05:00:35+00:00
greenhouse:postman:7595710003,New,,,,,2026-07-15T05:00:35+00:00,2026-07-15T05:00:35+00:00
greenhouse:postman:7762645003,New,,,,,2026-07-15T05:00:35+00:00,2026-07-15T05:00:35+00:00
greenhouse:postman:7720919003,New,,,,,2026-07-15T05:00:35+00:00,2026-07-15T05:00:35+00:00
greenhouse:postman:7673923003,New,,,,,2026-07-15T05:00:35+00:00,2026-07-15T05:00:35+00:00
greenhouse:postman:7673950003,New,,,,,2026-07-15T05:00:35+00:00,2026-07-15T05:00:35+00:00
greenhouse:postman:7762631003,New,,,,,2026-07-15T05:00:35+00:00,2026-07-15T05:00:35+00:00
greenhouse:postman:7766503003,New,,,,,2026-07-15T05:00:35+00:00,2026-07-15T05:00:35+00:00
greenhouse:postman:7729900003,New,,,,,2026-07-15T05:00:35+00:00,2026-07-15T05:00:35+00:00
greenhouse:postman:7544569003,New,,,,,2026-07-15T05:00:35+00:00,2026-07-15T05:00:35+00:00
greenhouse:postman:7452542003,New,,,,,2026-07-15T05:00:35+00:00,2026-07-15T05:00:35+00:00
greenhouse:postman:7452534003,New,,,,,2026-07-15T05:00:35+00:00,2026-07-15T05:00:35+00:00
greenhouse:postman:7452546003,New,,,,,2026-07-15T05:00:35+00:00,2026-07-15T05:00:35+00:00
greenhouse:postman:7722311003,New,,,,,2026-07-15T05:00:35+00:00,2026-07-15T05:00:35+00:00
greenhouse:postman:6521250003,New,,,,,2026-07-15T05:00:35+00:00,2026-07-15T05:00:35+00:00
greenhouse:postman:7722321003,New,,,,,2026-07-15T05:00:35+00:00,2026-07-15T05:00:35+00:00
greenhouse:postman:7722310003,New,,,,,2026-07-15T05:00:35+00:00,2026-07-15T05:00:35+00:00
greenhouse:postman:7559037003,New,,,,,2026-07-15T05:00:35+00:00,2026-07-15T05:00:35+00:00
greenhouse:postman:7799247003,New,,,,,2026-07-15T05:00:35+00:00,2026-07-15T05:00:35+00:00
greenhouse:postman:7721349003,New,,,,,2026-07-15T05:00:35+00:00,2026-07-15T05:00:35+00:00
greenhouse:postman:7713692003,New,,,,,2026-07-15T05:00:35+00:00,2026-07-15T05:00:35+00:00
greenhouse:postman:7713712003,New,,,,,2026-07-15T05:00:35+00:00,2026-07-15T05:00:35+00:00
greenhouse:postman:7796151003,New,,,,,2026-07-15T05:00:35+00:00,2026-07-15T05:00:35+00:00
greenhouse:postman:7747644003,New,,,,,2026-07-15T05:00:35+00:00,2026-07-15T05:00:35+00:00
greenhouse:postman:7780627003,New,,,,,2026-07-15T05:00:35+00:00,2026-07-15T05:00:35+00:00
greenhouse:postman:7768687003,New,,,,,2026-07-15T05:00:35+00:00,2026-07-15T05:00:35+00:00
greenhouse:postman:7611208003,New,,,,,2026-07-15T05:00:35+00:00,2026-07-15T05:00:35+00:00
greenhouse:postman:7701221003,New,,,,,2026-07-15T05:00:35+00:00,2026-07-15T05:00:35+00:00
greenhouse:postman:7603159003,New,,,,,2026-07-15T05:00:35+00:00,2026-07-15T05:00:35+00:00
greenhouse:postman:7637729003,New,,,,,2026-07-15T05:00:35+00:00,2026-07-15T05:00:35+00:00
greenhouse:postman:7419694003,New,,,,,2026-07-15T05:00:35+00:00,2026-07-15T05:00:35+00:00
greenhouse:postman:7539839003,New,,,,,2026-07-15T05:00:35+00:00,2026-07-15T05:00:35+00:00
greenhouse:postman:7801699003,New,,,,,2026-07-15T05:00:35+00:00,2026-07-15T05:00:35+00:00
greenhouse:postman:7651740003,New,,,,,2026-07-15T05:00:35+00:00,2026-07-15T05:00:35+00:00
greenhouse:postman:7696833003,New,,,,,2026-07-15T05:00:35+00:00,2026-07-15T05:00:35+00:00
greenhouse:postman:7793471003,New,,,,,2026-07-15T05:00:35+00:00,2026-07-15T05:00:35+00:00
greenhouse:postman:7774448003,New,,,,,2026-07-15T05:00:35+00:00,2026-07-15T05:00:35+00:00
greenhouse:postman:6672559003,New,,,,,2026-07-15T05:00:35+00:00,2026-07-15T05:00:35+00:00
greenhouse:postman:7790859003,New,,,,,2026-07-15T05:00:35+00:00,2026-07-15T05:00:35+00:00
greenhouse:postman:7607271003,New,,,,,2026-07-15T05:00:35+00:00,2026-07-15T05:00:35+00:00
greenhouse:postman:7787954003,New,,,,,2026-07-15T05:00:35+00:00,2026-07-15T05:00:35+00:00
greenhouse:postman:7715478003,New,,,,,2026-07-15T05:00:35+00:00,2026-07-15T05:00:35+00:00
greenhouse:postman:7799128003,New,,,,,2026-07-15T05:00:35+00:00,2026-07-15T05:00:35+00:00
greenhouse:postman:7790835003,New,,,,,2026-07-15T05:00:35+00:00,2026-07-15T05:00:35+00:00
greenhouse:postman:7773486003,New,,,,,2026-07-15T05:00:35+00:00,2026-07-15T05:00:35+00:00
greenhouse:postman:7729921003,New,,,,,2026-07-15T05:00:35+00:00,2026-07-15T05:00:35+00:00
greenhouse:postman:7765722003,New,,,,,2026-07-15T05:00:35+00:00,2026-07-15T05:00:35+00:00
greenhouse:postman:7767101003,New,,,,,2026-07-15T05:00:35+00:00,2026-07-15T05:00:35+00:00
greenhouse:postman:7787359003,New,,,,,2026-07-15T05:00:35+00:00,2026-07-15T05:00:35+00:00
greenhouse:postman:7703523003,New,,,,,2026-07-15T05:00:35+00:00,2026-07-15T05:00:35+00:00
greenhouse:postman:7729935003,New,,,,,2026-07-15T05:00:35+00:00,2026-07-15T05:00:35+00:00
greenhouse:postman:7689499003,New,,,,,2026-07-15T05:00:35+00:00,2026-07-15T05:00:35+00:00
greenhouse:postman:7518513003,New,,,,,2026-07-15T05:00:35+00:00,2026-07-15T05:00:35+00:00
greenhouse:postman:7519682003,New,,,,,2026-07-15T05:00:35+00:00,2026-07-15T05:00:35+00:00
greenhouse:postman:7790832003,New,,,,,2026-07-15T05:00:35+00:00,2026-07-15T05:00:35+00:00
greenhouse:postman:7782459003,New,,,,,2026-07-15T05:00:35+00:00,2026-07-15T05:00:35+00:00
greenhouse:postman:7725592003,New,,,,,2026-07-15T05:00:35+00:00,2026-07-15T05:00:35+00:00
greenhouse:postman:7578716003,New,,,,,2026-07-15T05:00:35+00:00,2026-07-15T05:00:35+00:00
greenhouse:postman:7778449003,New,,,,,2026-07-15T05:00:35+00:00,2026-07-15T05:00:35+00:00
greenhouse:postman:7767126003,New,,,,,2026-07-15T05:00:35+00:00,2026-07-15T05:00:35+00:00
greenhouse:postman:7799709003,New,,,,,2026-07-15T05:00:35+00:00,2026-07-15T05:00:35+00:00
greenhouse:postman:7748716003,New,,,,,2026-07-15T05:00:35+00:00,2026-07-15T05:00:35+00:00
greenhouse:postman:7798704003,New,,,,,2026-07-15T05:00:35+00:00,2026-07-15T05:00:35+00:00
greenhouse:postman:7528077003,New,,,,,2026-07-15T05:00:35+00:00,2026-07-15T05:00:35+00:00
greenhouse:postman:7721472003,New,,,,,2026-07-15T05:00:35+00:00,2026-07-15T05:00:35+00:00
greenhouse:postman:7761536003,New,,,,,2026-07-15T05:00:35+00:00,2026-07-15T05:00:35+00:00
greenhouse:postman:7699288003,New,,,,,2026-07-15T05:00:35+00:00,2026-07-15T05:00:35+00:00
greenhouse:postman:7631717003,New,,,,,2026-07-15T05:00:35+00:00,2026-07-15T05:00:35+00:00
greenhouse:postman:7619272003,New,,,,,2026-07-15T05:00:35+00:00,2026-07-15T05:00:35+00:00
greenhouse:razorpaysoftwareprivatelimited:4711522005,New,,,,,2026-07-15T05:00:35+00:00,2026-07-15T05:00:35+00:00
greenhouse:razorpaysoftwareprivatelimited:4650635005,New,,,,,2026-07-15T05:00:35+00:00,2026-07-15T05:00:35+00:00
greenhouse:razorpaysoftwareprivatelimited:4696281005,New,,,,,2026-07-15T05:00:35+00:00,2026-07-15T05:00:35+00:00
greenhouse:razorpaysoftwareprivatelimited:4684254005,New,,,,,2026-07-15T05:00:35+00:00,2026-07-15T05:00:35+00:00
greenhouse:razorpaysoftwareprivatelimited:4712147005,New,,,,,2026-07-15T05:00:35+00:00,2026-07-15T05:00:35+00:00
greenhouse:razorpaysoftwareprivatelimited:4712960005,New,,,,,2026-07-15T05:00:35+00:00,2026-07-15T05:00:35+00:00
greenhouse:razorpaysoftwareprivatelimited:4699107005,New,,,,,2026-07-15T05:00:35+00:00,2026-07-15T05:00:35+00:00
greenhouse:razorpaysoftwareprivatelimited:4708904005,New,,,,,2026-07-15T05:00:35+00:00,2026-07-15T05:00:35+00:00
greenhouse:razorpaysoftwareprivatelimited:4712108005,New,,,,,2026-07-15T05:00:35+00:00,2026-07-15T05:00:35+00:00
greenhouse:razorpaysoftwareprivatelimited:4707357005,New,,,,,2026-07-15T05:00:35+00:00,2026-07-15T05:00:35+00:00
greenhouse:razorpaysoftwareprivatelimited:4696809005,New,,,,,2026-07-15T05:00:35+00:00,2026-07-15T05:00:35+00:00
greenhouse:razorpaysoftwareprivatelimited:4709725005,New,,,,,2026-07-15T05:00:35+00:00,2026-07-15T05:00:35+00:00
greenhouse:razorpaysoftwareprivatelimited:4686405005,New,,,,,2026-07-15T05:00:35+00:00,2026-07-15T05:00:35+00:00
greenhouse:razorpaysoftwareprivatelimited:4694507005,New,,,,,2026-07-15T05:00:35+00:00,2026-07-15T05:00:35+00:00
greenhouse:razorpaysoftwareprivatelimited:4694070005,New,,,,,2026-07-15T05:00:35+00:00,2026-07-15T05:00:35+00:00
greenhouse:razorpaysoftwareprivatelimited:4713441005,New,,,,,2026-07-15T05:00:35+00:00,2026-07-15T05:00:35+00:00
greenhouse:razorpaysoftwareprivatelimited:4661194005,New,,,,,2026-07-15T05:00:35+00:00,2026-07-15T05:00:35+00:00
greenhouse:razorpaysoftwareprivatelimited:4651045005,New,,,,,2026-07-15T05:00:35+00:00,2026-07-15T05:00:35+00:00
greenhouse:groww:4880153101,New,,,,,2026-07-15T05:00:35+00:00,2026-07-15T05:00:35+00:00
greenhouse:groww:4875247101,New,,,,,2026-07-15T05:00:35+00:00,2026-07-15T05:00:35+00:00
greenhouse:groww:4875246101,New,,,,,2026-07-15T05:00:35+00:00,2026-07-15T05:00:35+00:00
greenhouse:groww:4774341101,New,,,,,2026-07-15T05:00:35+00:00,2026-07-15T05:00:35+00:00
greenhouse:groww:4763007101,New,,,,,2026-07-15T05:00:35+00:00,2026-07-15T05:00:35+00:00
greenhouse:groww:4588364101,New,,,,,2026-07-15T05:00:35+00:00,2026-07-15T05:00:35+00:00
greenhouse:groww:4774342101,New,,,,,2026-07-15T05:00:35+00:00,2026-07-15T05:00:35+00:00
greenhouse:groww:4780793101,New,,,,,2026-07-15T05:00:35+00:00,2026-07-15T05:00:35+00:00
greenhouse:groww:4819749101,New,,,,,2026-07-15T05:00:35+00:00,2026-07-15T05:00:35+00:00
greenhouse:groww:4728765101,New,,,,,2026-07-15T05:00:35+00:00,2026-07-15T05:00:35+00:00
greenhouse:groww:4714065101,New,,,,,2026-07-15T05:00:35+00:00,2026-07-15T05:00:35+00:00
greenhouse:groww:4863143101,New,,,,,2026-07-15T05:00:35+00:00,2026-07-15T05:00:35+00:00
greenhouse:groww:4714061101,New,,,,,2026-07-15T05:00:35+00:00,2026-07-15T05:00:35+00:00
greenhouse:groww:4771440101,New,,,,,2026-07-15T05:00:35+00:00,2026-07-15T05:00:35+00:00
greenhouse:groww:4868898101,New,,,,,2026-07-15T05:00:35+00:00,2026-07-15T05:00:35+00:00
greenhouse:postman:6561542003,New,,,,,2026-07-15T05:00:34+00:00,2026-07-15T05:00:34+00:00
greenhouse:postman:7801476003,New,,,,,2026-07-15T05:00:34+00:00,2026-07-15T05:00:34+00:00
greenhouse:postman:7491395003,New,,,,,2026-07-15T05:00:34+00:00,2026-07-15T05:00:34+00:00
greenhouse:postman:6688721003,New,,,,,2026-07-15T05:00:34+00:00,2026-07-15T05:00:34+00:00
greenhouse:postman:7560630003,New,,,,,2026-07-15T05:00:34+00:00,2026-07-15T05:00:34+00:00
greenhouse:postman:7491378003,New,,,,,2026-07-15T05:00:34+00:00,2026-07-15T05:00:34+00:00
greenhouse:postman:7748732003,New,,,,,2026-07-15T05:00:34+00:00,2026-07-15T05:00:34+00:00
greenhouse:postman:7452539003,New,,,,,2026-07-15T05:00:34+00:00,2026-07-15T05:00:34+00:00
greenhouse:postman:7792722003,New,,,,,2026-07-15T05:00:34+00:00,2026-07-15T05:00:34+00:00
greenhouse:postman:7485114003,New,,,,,2026-07-15T05:00:34+00:00,2026-07-15T05:00:34+00:00
greenhouse:postman:7764712003,New,,,,,2026-07-15T05:00:34+00:00,2026-07-15T05:00:34+00:00
greenhouse:postman:7740389003,New,,,,,2026-07-15T05:00:34+00:00,2026-07-15T05:00:34+00:00
greenhouse:postman:7789299003,New,,,,,2026-07-15T05:00:34+00:00,2026-07-15T05:00:34+00:00
greenhouse:postman:7789065003,New,,,,,2026-07-15T05:00:34+00:00,2026-07-15T05:00:34+00:00
greenhouse:postman:7789144003,New,,,,,2026-07-15T05:00:34+00:00,2026-07-15T05:00:34+00:00
lever:zeta:3c3f4c4d-d3da-435b-863d-dd922b331d5f,New,,,,,2026-07-15T05:00:33+00:00,2026-07-15T05:00:33+00:00
lever:zeta:47676c8f-2824-4dcd-9d4c-9f15e16b807f,New,,,,,2026-07-15T05:00:33+00:00,2026-07-15T05:00:33+00:00
lever:zeta:0540f33b-1576-4727-a835-08b1cd6ebd56,New,,,,,2026-07-15T05:00:33+00:00,2026-07-15T05:00:33+00:00
lever:zeta:f2cd9c9e-d050-446e-8b3d-d86de60cb093,New,,,,,2026-07-15T05:00:33+00:00,2026-07-15T05:00:33+00:00
lever:zeta:542861ab-f44c-4b51-b6c4-496db7821f1b,New,,,,,2026-07-15T05:00:33+00:00,2026-07-15T05:00:33+00:00
lever:zeta:a21f18a4-c899-4743-9264-e506990bcdcb,New,,,,,2026-07-15T05:00:33+00:00,2026-07-15T05:00:33+00:00
lever:zeta:2d533970-99a7-444b-b410-39921d0c96f7,New,,,,,2026-07-15T05:00:33+00:00,2026-07-15T05:00:33+00:00
lever:zeta:32ea9654-98a8-445b-98ef-e6ada520d35a,New,,,,,2026-07-15T05:00:33+00:00,2026-07-15T05:00:33+00:00
lever:zeta:cac1b9e2-b9fd-4450-8d20-16d3c4f37a10,New,,,,,2026-07-15T05:00:33+00:00,2026-07-15T05:00:33+00:00
lever:zeta:3e370c0e-9c98-4cd4-9875-9e219b743b46,New,,,,,2026-07-15T05:00:33+00:00,2026-07-15T05:00:33+00:00
lever:zeta:31a75866-6674-4aa5-9af4-8202507d83a7,New,,,,,2026-07-15T05:00:33+00:00,2026-07-15T05:00:33+00:00
lever:zeta:d80d21c8-6510-410e-bc1a-372f0c6bcbbd,New,,,,,2026-07-15T05:00:33+00:00,2026-07-15T05:00:33+00:00
lever:zeta:6c5a8ebc-94b9-41f7-9a49-1659956343eb,New,,,,,2026-07-15T05:00:33+00:00,2026-07-15T05:00:33+00:00
lever:zeta:ffb2ba62-1678-49d7-896b-36d808d946b4,New,,,,,2026-07-15T05:00:33+00:00,2026-07-15T05:00:33+00:00
lever:zeta:570f6cf7-5525-4357-81c4-658534458043,New,,,,,2026-07-15T05:00:33+00:00,2026-07-15T05:00:33+00:00
lever:zeta:2f14b7a2-da7f-42e6-a9d5-72438e23f419,New,,,,,2026-07-15T05:00:33+00:00,2026-07-15T05:00:33+00:00
lever:zeta:8c29bd7b-bbb8-48ad-a601-c425df86ce2f,New,,,,,2026-07-15T05:00:33+00:00,2026-07-15T05:00:33+00:00
